"image_id","file_path","source_type","source_url","license","permission_status","contains_filter","split","notes"
"fd_seed_0001","10_원천이미지_raw/00_로컬기준이미지/as_q24enxe_reference_closed.jpeg","local_reference","","project_internal","approved","false","review","closed AC reference; use mainly as negative/reference"
"fd_seed_0002","10_원천이미지_raw/00_로컬기준이미지/as_q24enxe_reference_cover_open_filter_visible.png","local_reference","","project_internal","approved","true","review","open cover filter visible seed; bbox guideline candidate"
"fd_seed_0003","10_원천이미지_raw/00_로컬기준이미지/as_q24enxe_reference_open.jpeg","local_reference","","project_internal","approved","true","review","open AC reference; check whether filter is visible enough"
"fd_seed_0004","10_원천이미지_raw/00_로컬기준이미지/as_q24enxe_reference_open_cropped.jpeg","local_reference","","project_internal","approved","true","review","cropped open AC reference; bbox guideline candidate"
"fd_manual_page_001","10_원천이미지_raw/02_공식매뉴얼페이지후보/lg_manual_page_001_TS-Q14YNZE__AC_IDA_p33.png","lg_official_manual_pdf_rendered_page","C:\Users\TAEHEE\Documents\2026 LGDX\프로젝트\lgdx_DX\07_개발단계\06_AR 가전케어 AI\02_데이터연동\source_data\official_lg_india\rag_corpus_extension\manual_pdfs\TS-Q14YNZE__AC_IDA_MFL72020502_01_230412_00_OM_WEB_AC.pdf","LG official manual; internal project use only","internal_reference_review_required","review","review","pdf=TS-Q14YNZE__AC_IDA_MFL72020502_01_230412_00_OM_WEB_AC.pdf; page=33; rendered_page; text_hit=filter/clean/maintenance"
"fd_manual_page_002","10_원천이미지_raw/02_공식매뉴얼페이지후보/lg_manual_page_002_TS-Q14YNZE__AC_IDA_p34.png","lg_official_manual_pdf_rendered_page","C:\Users\TAEHEE\Documents\2026 LGDX\프로젝트\lgdx_DX\07_개발단계\06_AR 가전케어 AI\02_데이터연동\source_data\official_lg_india\rag_corpus_extension\manual_pdfs\TS-Q14YNZE__AC_IDA_MFL72020502_01_230412_00_OM_WEB_AC.pdf","LG official manual; internal project use only","internal_reference_review_required","review","review","pdf=TS-Q14YNZE__AC_IDA_MFL72020502_01_230412_00_OM_WEB_AC.pdf; page=34; rendered_page; text_hit=filter/clean/maintenance"
"fd_manual_page_003","10_원천이미지_raw/02_공식매뉴얼페이지후보/lg_manual_page_003_TS-Q14YNZE__AC_IDA_p35.png","lg_official_manual_pdf_rendered_page","C:\Users\TAEHEE\Documents\2026 LGDX\프로젝트\lgdx_DX\07_개발단계\06_AR 가전케어 AI\02_데이터연동\source_data\official_lg_india\rag_corpus_extension\manual_pdfs\TS-Q14YNZE__AC_IDA_MFL72020502_01_230412_00_OM_WEB_AC.pdf","LG official manual; internal project use only","internal_reference_review_required","review","review","pdf=TS-Q14YNZE__AC_IDA_MFL72020502_01_230412_00_OM_WEB_AC.pdf; page=35; rendered_page; text_hit=filter/clean/maintenance"
"fd_manual_page_004","10_원천이미지_raw/02_공식매뉴얼페이지후보/lg_manual_page_004_TS-Q14YNZE__AC_IDA_p36.png","lg_official_manual_pdf_rendered_page","C:\Users\TAEHEE\Documents\2026 LGDX\프로젝트\lgdx_DX\07_개발단계\06_AR 가전케어 AI\02_데이터연동\source_data\official_lg_india\rag_corpus_extension\manual_pdfs\TS-Q14YNZE__AC_IDA_MFL72020502_01_230412_00_OM_WEB_AC.pdf","LG official manual; internal project use only","internal_reference_review_required","review","review","pdf=TS-Q14YNZE__AC_IDA_MFL72020502_01_230412_00_OM_WEB_AC.pdf; page=36; rendered_page; text_hit=filter/clean/maintenance"
"fd_manual_page_005","10_원천이미지_raw/02_공식매뉴얼페이지후보/lg_manual_page_005_TS-Q14YNZE__AC_IDA_p37.png","lg_official_manual_pdf_rendered_page","C:\Users\TAEHEE\Documents\2026 LGDX\프로젝트\lgdx_DX\07_개발단계\06_AR 가전케어 AI\02_데이터연동\source_data\official_lg_india\rag_corpus_extension\manual_pdfs\TS-Q14YNZE__AC_IDA_MFL72020502_01_230412_00_OM_WEB_AC.pdf","LG official manual; internal project use only","internal_reference_review_required","review","review","pdf=TS-Q14YNZE__AC_IDA_MFL72020502_01_230412_00_OM_WEB_AC.pdf; page=37; rendered_page; text_hit=filter/clean/maintenance"
"fd_manual_page_006","10_원천이미지_raw/02_공식매뉴얼페이지후보/lg_manual_page_006_TS-Q14YNZE__AC_IDA_p39.png","lg_official_manual_pdf_rendered_page","C:\Users\TAEHEE\Documents\2026 LGDX\프로젝트\lgdx_DX\07_개발단계\06_AR 가전케어 AI\02_데이터연동\source_data\official_lg_india\rag_corpus_extension\manual_pdfs\TS-Q14YNZE__AC_IDA_MFL72020502_01_230412_00_OM_WEB_AC.pdf","LG official manual; internal project use only","internal_reference_review_required","review","review","pdf=TS-Q14YNZE__AC_IDA_MFL72020502_01_230412_00_OM_WEB_AC.pdf; page=39; rendered_page; text_hit=filter/clean/maintenance"
"fd_manual_page_007","10_원천이미지_raw/02_공식매뉴얼페이지후보/lg_manual_page_007_TS-Q18TNXE1__AC_ID_p35.png","lg_official_manual_pdf_rendered_page","C:\Users\TAEHEE\Documents\2026 LGDX\프로젝트\lgdx_DX\07_개발단계\06_AR 가전케어 AI\02_데이터연동\source_data\official_lg_india\rag_corpus_extension\manual_pdfs\TS-Q18TNXE1__AC_IDA_MFL72020509_02_250104_00_OM_WEB.pdf","LG official manual; internal project use only","internal_reference_review_required","review","review","pdf=TS-Q18TNXE1__AC_IDA_MFL72020509_02_250104_00_OM_WEB.pdf; page=35; rendered_page; text_hit=filter/clean/maintenance"
"fd_manual_page_008","10_원천이미지_raw/02_공식매뉴얼페이지후보/lg_manual_page_008_TS-Q18TNXE1__AC_ID_p36.png","lg_official_manual_pdf_rendered_page","C:\Users\TAEHEE\Documents\2026 LGDX\프로젝트\lgdx_DX\07_개발단계\06_AR 가전케어 AI\02_데이터연동\source_data\official_lg_india\rag_corpus_extension\manual_pdfs\TS-Q18TNXE1__AC_IDA_MFL72020509_02_250104_00_OM_WEB.pdf","LG official manual; internal project use only","internal_reference_review_required","review","review","pdf=TS-Q18TNXE1__AC_IDA_MFL72020509_02_250104_00_OM_WEB.pdf; page=36; rendered_page; text_hit=filter/clean/maintenance"
"fd_manual_page_009","10_원천이미지_raw/02_공식매뉴얼페이지후보/lg_manual_page_009_TS-Q18TNXE1__AC_ID_p37.png","lg_official_manual_pdf_rendered_page","C:\Users\TAEHEE\Documents\2026 LGDX\프로젝트\lgdx_DX\07_개발단계\06_AR 가전케어 AI\02_데이터연동\source_data\official_lg_india\rag_corpus_extension\manual_pdfs\TS-Q18TNXE1__AC_IDA_MFL72020509_02_250104_00_OM_WEB.pdf","LG official manual; internal project use only","internal_reference_review_required","review","review","pdf=TS-Q18TNXE1__AC_IDA_MFL72020509_02_250104_00_OM_WEB.pdf; page=37; rendered_page; text_hit=filter/clean/maintenance"
"fd_manual_page_010","10_원천이미지_raw/02_공식매뉴얼페이지후보/lg_manual_page_010_TS-Q18TNXE1__AC_ID_p38.png","lg_official_manual_pdf_rendered_page","C:\Users\TAEHEE\Documents\2026 LGDX\프로젝트\lgdx_DX\07_개발단계\06_AR 가전케어 AI\02_데이터연동\source_data\official_lg_india\rag_corpus_extension\manual_pdfs\TS-Q18TNXE1__AC_IDA_MFL72020509_02_250104_00_OM_WEB.pdf","LG official manual; internal project use only","internal_reference_review_required","review","review","pdf=TS-Q18TNXE1__AC_IDA_MFL72020509_02_250104_00_OM_WEB.pdf; page=38; rendered_page; text_hit=filter/clean/maintenance"
"fd_manual_page_011","10_원천이미지_raw/02_공식매뉴얼페이지후보/lg_manual_page_011_TS-Q18TNXE1__AC_ID_p39.png","lg_official_manual_pdf_rendered_page","C:\Users\TAEHEE\Documents\2026 LGDX\프로젝트\lgdx_DX\07_개발단계\06_AR 가전케어 AI\02_데이터연동\source_data\official_lg_india\rag_corpus_extension\manual_pdfs\TS-Q18TNXE1__AC_IDA_MFL72020509_02_250104_00_OM_WEB.pdf","LG official manual; internal project use only","internal_reference_review_required","review","review","pdf=TS-Q18TNXE1__AC_IDA_MFL72020509_02_250104_00_OM_WEB.pdf; page=39; rendered_page; text_hit=filter/clean/maintenance"
"fd_manual_page_012","10_원천이미지_raw/02_공식매뉴얼페이지후보/lg_manual_page_012_US-Q12CNXE__AC_IDA_p35.png","lg_official_manual_pdf_rendered_page","C:\Users\TAEHEE\Documents\2026 LGDX\프로젝트\lgdx_DX\07_개발단계\06_AR 가전케어 AI\02_데이터연동\source_data\official_lg_india\rag_corpus_extension\manual_pdfs\US-Q12CNXE__AC_IDA_MFL72020509_02_240424_00_OM_WEB.pdf","LG official manual; internal project use only","internal_reference_review_required","review","review","pdf=US-Q12CNXE__AC_IDA_MFL72020509_02_240424_00_OM_WEB.pdf; page=35; rendered_page; text_hit=filter/clean/maintenance"
"fd_manual_page_013","10_원천이미지_raw/02_공식매뉴얼페이지후보/lg_manual_page_013_US-Q12CNXE__AC_IDA_p36.png","lg_official_manual_pdf_rendered_page","C:\Users\TAEHEE\Documents\2026 LGDX\프로젝트\lgdx_DX\07_개발단계\06_AR 가전케어 AI\02_데이터연동\source_data\official_lg_india\rag_corpus_extension\manual_pdfs\US-Q12CNXE__AC_IDA_MFL72020509_02_240424_00_OM_WEB.pdf","LG official manual; internal project use only","internal_reference_review_required","review","review","pdf=US-Q12CNXE__AC_IDA_MFL72020509_02_240424_00_OM_WEB.pdf; page=36; rendered_page; text_hit=filter/clean/maintenance"
"fd_manual_page_014","10_원천이미지_raw/02_공식매뉴얼페이지후보/lg_manual_page_014_US-Q12CNXE__AC_IDA_p37.png","lg_official_manual_pdf_rendered_page","C:\Users\TAEHEE\Documents\2026 LGDX\프로젝트\lgdx_DX\07_개발단계\06_AR 가전케어 AI\02_데이터연동\source_data\official_lg_india\rag_corpus_extension\manual_pdfs\US-Q12CNXE__AC_IDA_MFL72020509_02_240424_00_OM_WEB.pdf","LG official manual; internal project use only","internal_reference_review_required","review","review","pdf=US-Q12CNXE__AC_IDA_MFL72020509_02_240424_00_OM_WEB.pdf; page=37; rendered_page; text_hit=filter/clean/maintenance"
"fd_manual_page_015","10_원천이미지_raw/02_공식매뉴얼페이지후보/lg_manual_page_015_US-Q12CNXE__AC_IDA_p38.png","lg_official_manual_pdf_rendered_page","C:\Users\TAEHEE\Documents\2026 LGDX\프로젝트\lgdx_DX\07_개발단계\06_AR 가전케어 AI\02_데이터연동\source_data\official_lg_india\rag_corpus_extension\manual_pdfs\US-Q12CNXE__AC_IDA_MFL72020509_02_240424_00_OM_WEB.pdf","LG official manual; internal project use only","internal_reference_review_required","review","review","pdf=US-Q12CNXE__AC_IDA_MFL72020509_02_240424_00_OM_WEB.pdf; page=38; rendered_page; text_hit=filter/clean/maintenance"
"fd_manual_page_016","10_원천이미지_raw/02_공식매뉴얼페이지후보/lg_manual_page_016_US-Q12CNXE__AC_IDA_p39.png","lg_official_manual_pdf_rendered_page","C:\Users\TAEHEE\Documents\2026 LGDX\프로젝트\lgdx_DX\07_개발단계\06_AR 가전케어 AI\02_데이터연동\source_data\official_lg_india\rag_corpus_extension\manual_pdfs\US-Q12CNXE__AC_IDA_MFL72020509_02_240424_00_OM_WEB.pdf","LG official manual; internal project use only","internal_reference_review_required","review","review","pdf=US-Q12CNXE__AC_IDA_MFL72020509_02_240424_00_OM_WEB.pdf; page=39; rendered_page; text_hit=filter/clean/maintenance"
"fd_manual_page_017","10_원천이미지_raw/02_공식매뉴얼페이지후보/lg_manual_page_017_US-Q13JNYE__AC_IDA_p35.png","lg_official_manual_pdf_rendered_page","C:\Users\TAEHEE\Documents\2026 LGDX\프로젝트\lgdx_DX\07_개발단계\06_AR 가전케어 AI\02_데이터연동\source_data\official_lg_india\rag_corpus_extension\manual_pdfs\US-Q13JNYE__AC_IDA_MFL72020509_00_231017_00_OM_WEB_DIET.pdf","LG official manual; internal project use only","internal_reference_review_required","review","review","pdf=US-Q13JNYE__AC_IDA_MFL72020509_00_231017_00_OM_WEB_DIET.pdf; page=35; rendered_page; text_hit=filter/clean/maintenance"
"fd_manual_page_018","10_원천이미지_raw/02_공식매뉴얼페이지후보/lg_manual_page_018_US-Q13JNYE__AC_IDA_p36.png","lg_official_manual_pdf_rendered_page","C:\Users\TAEHEE\Documents\2026 LGDX\프로젝트\lgdx_DX\07_개발단계\06_AR 가전케어 AI\02_데이터연동\source_data\official_lg_india\rag_corpus_extension\manual_pdfs\US-Q13JNYE__AC_IDA_MFL72020509_00_231017_00_OM_WEB_DIET.pdf","LG official manual; internal project use only","internal_reference_review_required","review","review","pdf=US-Q13JNYE__AC_IDA_MFL72020509_00_231017_00_OM_WEB_DIET.pdf; page=36; rendered_page; text_hit=filter/clean/maintenance"
"fd_manual_page_019","10_원천이미지_raw/02_공식매뉴얼페이지후보/lg_manual_page_019_US-Q13JNYE__AC_IDA_p37.png","lg_official_manual_pdf_rendered_page","C:\Users\TAEHEE\Documents\2026 LGDX\프로젝트\lgdx_DX\07_개발단계\06_AR 가전케어 AI\02_데이터연동\source_data\official_lg_india\rag_corpus_extension\manual_pdfs\US-Q13JNYE__AC_IDA_MFL72020509_00_231017_00_OM_WEB_DIET.pdf","LG official manual; internal project use only","internal_reference_review_required","review","review","pdf=US-Q13JNYE__AC_IDA_MFL72020509_00_231017_00_OM_WEB_DIET.pdf; page=37; rendered_page; text_hit=filter/clean/maintenance"
,,lg_official_support_public_page,https://gscs.lge.com/gscs/support/fileupload/downloadFile.do?fileId=jhL3qflMVIbOciUHGHKOEQ&portalId=P1,,,,unassigned,에어컨 전원스위치 조작 모습 | LG official support image candidate; verify visual relevance before Roboflow labeling
,,lg_official_support_public_page,https://gscs.lge.com/gscs/support/fileupload/downloadFile.do?fileId=tYWNc6cwX9ls8xFJg4J7Q&portalId=P1,,,,unassigned,플러그 빼는 모습 | LG official support image candidate; verify visual relevance before Roboflow labeling
,,lg_official_support_public_page,https://gscs.lge.com/gscs/support/fileupload/downloadFile.do?fileId=ZuSXJ0ELtSvb0Ila5WYblA&portalId=P1,,,,unassigned,타입A 후크를 위로 올리며 커버를 열어주세요. | LG official support image candidate; verify visual relevance before Roboflow labeling
,,lg_official_support_public_page,https://gscs.lge.com/gscs/support/fileupload/downloadFile.do?fileId=SmiqIfQISRM1NDTuljayEg&portalId=P1,,,,unassigned,타입B 후크를 위로 올리며 커버를 열어주세요. | LG official support image candidate; verify visual relevance before Roboflow labeling
,,lg_official_support_public_page,https://gscs.lge.com/gscs/support/fileupload/downloadFile.do?fileId=L4RSY2YT6jVhVAJ65kssA&portalId=P1,,,,unassigned,타입C 후크를 전부 아래로 방향으로 하고 열어주세요. | LG official support image candidate; verify visual relevance before Roboflow labeling
,,lg_official_support_public_page,https://gscs.lge.com/gscs/support/fileupload/downloadFile.do?fileId=3igb1km0RfHNwAB7sYID4w&portalId=P1,,,,unassigned,타입D 아래쪽 틈을 벌리듯 당겨 주세요. | LG official support image candidate; verify visual relevance before Roboflow labeling
,,lg_official_support_public_page,https://gscs.lge.com/gscs/support/fileupload/downloadFile.do?fileId=MZqZCLqHyEIIircJIhWhtg&portalId=P1,,,,unassigned,타입E 1번 화살표가 각인된 부분 3곳을 누르세요. (딸깍 소리와 함께 공기 흡입구가 열립니다.) | LG official support image candidate; verify visual relevance before Roboflow labeling
,,lg_official_support_public_page,https://gscs.lge.com/gscs/support/fileupload/downloadFile.do?fileId=lh8j8GeJlMF3o8h11v4A&portalId=P1,,,,unassigned,고정걸이 두 곳을 눌러 프리필터를 꺼내세요. | LG official support image candidate; verify visual relevance before Roboflow labeling
,,lg_official_support_public_page,https://gscs.lge.com/gscs/support/fileupload/downloadFile.do?fileId=qKo6q6lEoHdXY7fieHLjA&portalId=P1,,,,unassigned,극초미세 먼지 필터의 고정 걸이 두 곳을 눌러 극초미세 먼지 필터를 꺼내세요. | LG official support image candidate; verify visual relevance before Roboflow labeling
,,lg_official_support_public_page,https://gscs.lge.com/gscs/support/fileupload/downloadFile.do?fileId=RUd704mnRozjUtRfgCf5Q&portalId=P1,,,,unassigned,광촉매 탈취필터를 잡아당겨 꺼내세요. | LG official support image candidate; verify visual relevance before Roboflow labeling
,,lg_official_support_public_page,https://gscs.lge.com/gscs/support/fileupload/downloadFile.do?fileId=oyKh9GrWTeDZpSiBlqZFIQ&portalId=P1,,,,unassigned,분리한 필터를 진공청소기나 부드러운 솔로 청소해 줍니다. | LG official support image candidate; verify visual relevance before Roboflow labeling
,,lg_official_support_public_page,https://gscs.lge.com/gscs/support/fileupload/downloadFile.do?fileId=4nCQpRMGPtJYki3PyHK4dg&portalId=P1,,,,unassigned,프리필터를 바람이 잘 통하고 그늘진 곳에서 말리세요. | LG official support image candidate; verify visual relevance before Roboflow labeling
,,lg_official_support_public_page,https://gscs.lge.com/gscs/support/fileupload/downloadFile.do?fileId=lMbBhURfkX32jAgLdDHIfw&portalId=P1,,,,unassigned,광촉매 탈취필터 | LG official support image candidate; verify visual relevance before Roboflow labeling
,,lg_official_support_public_page,https://gscs.lge.com/gscs/support/fileupload/downloadFile.do?fileId=vmcCJtIY1rvwBFl6URXUoA&portalId=P1,,,,unassigned,극초미세 먼지 필터 | LG official support image candidate; verify visual relevance before Roboflow labeling
,,lg_official_support_public_page,https://gscs.lge.com/gscs/support/fileupload/downloadFile.do?fileId=7OMGUGozJyYSZZSroBwRQ&portalId=P1,,,,unassigned,칸/위너 왼쪽으로 당겨 꺼내는 모습 | LG official support image candidate; verify visual relevance before Roboflow labeling
,,lg_official_support_public_page,https://gscs.lge.com/gscs/support/fileupload/downloadFile.do?fileId=g3RjJsrThWf5sokIqXGoww&portalId=P1,,,,unassigned,필터케이스를 왼쪽으로 당겨서 꺼낸 후 필터케이스와 3M필터를 청소 후 다시 제자리로 조립하는 모습 | LG official support image candidate; verify visual relevance before Roboflow labeling
,,lg_official_support_public_page,https://gscs.lge.com/gscs/support/fileupload/downloadFile.do?fileId=HM0DR9dJSbUR2jWfcW7Hg&portalId=P1,,,,unassigned,양쪽의 필터 손잡이를 당겨 필터를 분리하는 모습 | LG official support image candidate; verify visual relevance before Roboflow labeling
,,lg_official_support_public_page,https://gscs.lge.com/gscs/support/fileupload/downloadFile.do?fileId=mcPjT7TGjvTLLl6B6uEw&portalId=P1,,,,unassigned,"상하, 양쪽의 필터 손잡이를 당겨 필터를 분리하는 모습 / 극세 필터 : 물 세척 가능 / 플러스 필터 : 물 세척 금지 | LG official support image candidate; verify visual relevance before Roboflow labeling"
,,lg_official_support_public_page,https://gscs.lge.com/gscs/support/fileupload/downloadFile.do?fileId=TL8qVGvZnSKDqOzgJi3cg&portalId=P1,,,,unassigned,필터와 극세 필터를 분리 / 극세필터 : 물 세척 가능 / 초 미세 플러스 필터 또는 스모그 탈취 필터 : 물 세척 금지 / 초 미세 플러스 필터 또는 초미세 먼지 필터 : 물 세척 금지 | LG official support image candidate; verify visual relevance before Roboflow labeling
,,lg_official_support_public_page,https://gscs.lge.com/gscs/support/fileupload/downloadFile.do?fileId=XYLJ2uzcTDx7CQXEbTIBBQ&portalId=P1,,,,unassigned,뷰 에어컨 후면 극세 필터를 옆으로 당겨서 꺼내는 그림 | LG official support image candidate; verify visual relevance before Roboflow labeling
,,lg_official_support_public_page,https://gscs.lge.com/gscs/support/fileupload/downloadFile.do?fileId=5xUJ2xD3rz2WkRniSE0LA&portalId=P1,,,,unassigned,뷰 에어컨 극세 필터는 물세척이 가능하고 안에 있는 알러지케어 집진 필터는 물세척이 불가능 하다는 그림 | LG official support image candidate; verify visual relevance before Roboflow labeling
,,lg_official_support_public_page,https://gscs.lge.com/gscs/support/fileupload/downloadFile.do?fileId=brx90uanEvvgH1nRWK4N5Q&portalId=P1,,,,unassigned,뷰 에어컨 후면 극세 필터를 옆으로 당겨서 꺼내는 그림 | LG official support image candidate; verify visual relevance before Roboflow labeling
,,lg_official_support_public_page,https://gscs.lge.com/gscs/support/fileupload/downloadFile.do?fileId=TdxlmmwfuFNuihH784qokQ&portalId=P1,,,,unassigned,쿨 에어컨 극세 필터는 물세척이 가능하고 안에 있는 알러지케어 집진 필터는 물세척이 불가능 하다는 그림 | LG official support image candidate; verify visual relevance before Roboflow labeling
,,lg_official_support_public_page,https://gscs.lge.com/gscs/support/fileupload/downloadFile.do?fileId=JzMqBUB9JATzXL0Xx3QL3w&portalId=P1,,,,unassigned,A Type 에어컨의 앞면의 양쪽을 잡고 위로 열어주는 모습 | LG official support image candidate; verify visual relevance before Roboflow labeling
,,lg_official_support_public_page,https://gscs.lge.com/gscs/support/fileupload/downloadFile.do?fileId=HLN0U256jwBa2ZeTPwJldg&portalId=P1,,,,unassigned,A Type 에어컨의 필터를 아래로 당겨 꺼내는 모습 | LG official support image candidate; verify visual relevance before Roboflow labeling
,,lg_official_support_public_page,https://gscs.lge.com/gscs/support/fileupload/downloadFile.do?fileId=xmFNCdKQlaYyplXkjwt4IQ&portalId=P1,,,,unassigned,B Type 에어컨의 상단 흡입부를 위로 열어주는 모습 | LG official support image candidate; verify visual relevance before Roboflow labeling
,,lg_official_support_public_page,https://gscs.lge.com/gscs/support/fileupload/downloadFile.do?fileId=NUxS1aL7gdACbAjqfwMkQ&portalId=P1,,,,unassigned,B Type 에어컨의 상단부 필터를 위로 들어 분리하는 모습 | LG official support image candidate; verify visual relevance before Roboflow labeling
,,lg_official_support_public_page,https://gscs.lge.com/gscs/support/fileupload/downloadFile.do?fileId=EkhV31gZWcjZjrBzHu30g&portalId=P1,,,,unassigned,"필터 교체 순서. 필터 케이스 분리, 후크를 눌러 초미세플러스필터 제거, 새 3M 필터 장착. 필터 케이스 장착. | LG official support image candidate; verify visual relevance before Roboflow labeling"
,,lg_official_support_public_page,https://gscs.lge.com/gscs/support/fileupload/downloadFile.do?fileId=sBaU94FkNVF4VdwOpB9sAw&portalId=P1,,,,unassigned,"초미세 미니 필터 또는 스모그 탈취 필터 물 세척 금지 / 초미세 플러스 필터 또는 초미세 먼지 필터 물 세척 금지 / 후크를 열어 가운데 필터 및 위, 아래 필터를 꺼낸 후 극세 필터가 보이고 극세 필터는 물 세척 가능 | LG official support image candidate; verify visual relevance before Roboflow labeling"
,,lg_official_support_public_page,https://gscs.lge.com/gscs/support/fileupload/downloadFile.do?fileId=E3pPXd3phKIWqRuQp1g&portalId=P1,,,,unassigned,극세 필터 | LG official support image candidate; verify visual relevance before Roboflow labeling
,,lg_official_support_public_page,https://gscs.lge.com/gscs/support/fileupload/downloadFile.do?fileId=MBHbieq3gBT8pjGNyuxUmg&portalId=P1,,,,unassigned,초미세 플러스 필터 | LG official support image candidate; verify visual relevance before Roboflow labeling
,,lg_official_support_public_page,https://gscs.lge.com/gscs/support/fileupload/downloadFile.do?fileId=s93ct0Gz8XmCtwygHl8IxA&portalId=P1,,,,unassigned,초미세 미니필터 | LG official support image candidate; verify visual relevance before Roboflow labeling
,,lg_official_support_public_page,https://gscs.lge.com/gscs/support/fileupload/downloadFile.do?fileId=z3RU1abtMi3qS2DRQmMdg&portalId=P1,,,,unassigned,탈취 필터 | LG official support image candidate; verify visual relevance before Roboflow labeling
,,lg_official_support_public_page,https://gscs.lge.com/gscs/support/fileupload/downloadFile.do?fileId=wmCU6cQOG9umszDi0Agaww&portalId=P1,,,,unassigned,플라즈마 집진 필터 | LG official support image candidate; verify visual relevance before Roboflow labeling
,,lg_official_support_public_page,https://gscs.lge.com/gscs/support/fileupload/downloadFile.do?fileId=gRPeFYliodiCw7U8UmQzg&portalId=P1,,,,unassigned,집진 필터 | LG official support image candidate; verify visual relevance before Roboflow labeling
,,lg_official_support_public_page,https://gscs.lge.com/gscs/support/fileupload/downloadFile.do?fileId=CYfUaCPKDZkbFewB3OjoAA&portalId=P1),,,,unassigned, | LG official support image candidate; verify visual relevance before Roboflow labeling
,,lg_official_support_public_page,https://gscs.lge.com/gscs/support/fileupload/downloadFile.do?fileId=81CJtgOoS8EBzjcpk4oCvA&portalId=P1),,,,unassigned, | LG official support image candidate; verify visual relevance before Roboflow labeling
,,lg_official_support_public_page,https://gscs.lge.com/gscs/support/fileupload/downloadFile.do?fileId=e6Br68S0ipa4zVZ3ZhqQ&portalId=P1);background-size:100%;},,,,unassigned, | LG official support image candidate; verify visual relevance before Roboflow labeling
,,lg_official_support_public_page,https://gscs.lge.com/gscs/support/fileupload/downloadFile.do?fileId=cSrRVKKz6eHJNHzIRgzWA&portalId=P1);},,,,unassigned, | LG official support image candidate; verify visual relevance before Roboflow labeling
,,lg_official_support_public_page,https://gscs.lge.com/gscs/support/fileupload/downloadFile.do?fileId=Ut86lQxtr7IjBAsNzT427w&portalId=P1),,,,unassigned, | LG official support image candidate; verify visual relevance before Roboflow labeling
,,lg_official_support_public_page,https://gscs.lge.com/gscs/support/fileupload/downloadFile.do?fileId=G4N8hGn6nUhnYwrSvODsw&portalId=P1),,,,unassigned, | LG official support image candidate; verify visual relevance before Roboflow labeling
,,lg_official_support_public_page,https://gscs.lge.com/gscs/support/fileupload/downloadFile.do?fileId=Xw5rvb0UTyjfo1LwHfIJ7w&portalId=P1),,,,unassigned, | LG official support image candidate; verify visual relevance before Roboflow labeling
,,lg_official_support_public_page,https://gscs.lge.com/gscs/support/fileupload/downloadFile.do?fileId=qJ5OsI2rgJ1U28G8j18yZA&portalId=P1,,,,unassigned,1. 극세 필터 덮개 분리하기 2. 극세 필터 분리하기 3. 극세 필터 청소하기 4. 극세 필터 건조하기 | LG official support image candidate; verify visual relevance before Roboflow labeling
,,lg_official_support_public_page,https://gscs.lge.com/gscs/support/fileupload/downloadFile.do?fileId=HNXDwm0vCALJl916RZmKzw&portalId=P1,,,,unassigned,창문형 에어컨의 극세 필터 덮개 및 극세 필터를 분리한 후 물로 세척하고 그늘에 말리는 그림 | LG official support image candidate; verify visual relevance before Roboflow labeling
,,lg_official_support_public_page,https://gscs.lge.com/gscs/support/fileupload/downloadFile.do?fileId=3biFfv2xSOboSVQ2pyzS6g&portalId=P1,,,,unassigned,싱글 호스 이동식 에어컨의 극세 필터 덮개 및 극세 필터를 분리한 후 물로 세척하고 그늘에 말리는 그림 | LG official support image candidate; verify visual relevance before Roboflow labeling
,,lg_official_support_public_page,https://gscs.lge.com/gscs/support/fileupload/downloadFile.do?fileId=KABgf0Wrx55dWiZN53z1LQ&portalId=P1,,,,unassigned,듀얼 호스 이동식 에어컨의 호스 아래 나사를 제거 후 필터를 분리한 후 물로 세척하고 그늘에 말리는 그림 | LG official support image candidate; verify visual relevance before Roboflow labeling
,,lg_official_support_public_page,https://gscs.lge.com/gscs/support/fileupload/downloadFile.do?fileId=C0LmTYIVxtAkAwXtplMzg&portalId=P1,,,,unassigned,전면 그릴의 도어락 2개를 누르는 모습 | LG official support image candidate; verify visual relevance before Roboflow labeling
,,lg_official_support_public_page,https://gscs.lge.com/gscs/support/fileupload/downloadFile.do?fileId=Kj8YB6QZZNjn3FlAWLsaw&portalId=P1,,,,unassigned,전면 그릴이 열린 상태에서 필터를 분리하는 모습 | LG official support image candidate; verify visual relevance before Roboflow labeling
,,lg_official_support_public_page,https://gscs.lge.com/gscs/support/fileupload/downloadFile.do?fileId=PmndSXXAWosyZsPtEJt2g&portalId=P1,,,,unassigned,"분리한 필터를 부드러운 솔로 청소를 하거나, 중성세제를 탄  물에 청소하는 모습 | LG official support image candidate; verify visual relevance before Roboflow labeling"
,,lg_official_support_public_page,https://gscs.lge.com/gscs/support/fileupload/downloadFile.do?fileId=c1VrEou5V1LaSQBxBC7aQ&portalId=P1,,,,unassigned,전면 그릴의 뒤쪽연결고리를 제품에 거는 모습 | LG official support image candidate; verify visual relevance before Roboflow labeling
,,lg_official_support_public_page,https://gscs.lge.com/gscs/support/fileupload/downloadFile.do?fileId=L992R2SpIawJkeC3JfAw&portalId=P1,,,,unassigned,A 타입 : 위로 커버를 연 후 앞으로 당겨서 분리 / B 타입 : 상부에 있는 필터 손잡이를 잡고 위로 올려 필터를 분리 | LG official support image candidate; verify visual relevance before Roboflow labeling
,,lg_official_support_public_page,https://gscs.lge.com/gscs/support/fileupload/downloadFile.do?fileId=MwADSzmHef8decZf8IP3Q&portalId=P1,,,,unassigned,진공청소기나 부드러운 솔로 청소해 주세요. (오염이 심할 때는 물로 씻어주세요.) | LG official support image candidate; verify visual relevance before Roboflow labeling
,,lg_official_support_public_page,https://gscs.lge.com/gscs/support/fileupload/downloadFile.do?fileId=AqvvU9USz4YwZGjjaUdvAA&portalId=P1,,,,unassigned,전면 패널을 양손으로 잡고 당겨 고정 링크로 고정합니다. | LG official support image candidate; verify visual relevance before Roboflow labeling
,,lg_official_support_public_page,https://gscs.lge.com/gscs/support/fileupload/downloadFile.do?fileId=kWqXaRvmWGUNpQjvSvfnw&portalId=P1,,,,unassigned,향균 필터를 빼서 진공 청소기나 부드러운 솔로 청소 후 그늘에서 잘 말립니다. | LG official support image candidate; verify visual relevance before Roboflow labeling
,,lg_official_support_public_page,https://gscs.lge.com/gscs/support/fileupload/downloadFile.do?fileId=eIMOYTnTTi5t8zbvJhOPJQ&portalId=P1,,,,unassigned,"TVF 필터, 3중 필터를 빼내 진공 청소기나 솔로 청소합니다. | LG official support image candidate; verify visual relevance before Roboflow labeling"
,,lg_official_support_public_page,https://gscs.lge.com/gscs/support/fileupload/downloadFile.do?fileId=RE75478c33pn8ZT7HvWMiw&portalId=P1,,,,unassigned,필터열기 버튼을 누른 후 열림 스위치를 우측으로 밀면서 전면 패널을 엽니다. | LG official support image candidate; verify visual relevance before Roboflow labeling
,,lg_official_support_public_page,https://gscs.lge.com/gscs/support/fileupload/downloadFile.do?fileId=3Sfq4wUFMm0gGDJ6FMmZMA&portalId=P1,,,,unassigned,향균 필터를 잡아 밑으로 빼서 청소한 후 그늘에 잘 말립니다. | LG official support image candidate; verify visual relevance before Roboflow labeling
,,lg_official_support_public_page,https://gscs.lge.com/gscs/support/fileupload/downloadFile.do?fileId=iRH9fKxoVXW2jflGh90A&portalId=P1,,,,unassigned,"TVF 필터, 3중 필터를 빼내 진공 청소기나 부드러운 솔로 청소합니다. | LG official support image candidate; verify visual relevance before Roboflow labeling"
,,lg_official_support_public_page,https://gscs.lge.com/gscs/support/fileupload/downloadFile.do?fileId=utr7p60412x1rt8Xur7oQ&portalId=P1,,,,unassigned,천장 매립형 덕트 에어컨 공기 흡입구 커버를 내려 필터를 분리하는 모습 | LG official support image candidate; verify visual relevance before Roboflow labeling
,,lg_official_support_public_page,https://gscs.lge.com/gscs/support/fileupload/downloadFile.do?fileId=7S9aUnfyuz66JAYmABhag&portalId=P1,,,,unassigned,천장 매립형 덕트 에어컨 필터를 부드러운 솔로 청소하거나 중성세제를 이용해 물로 씻는 모습 | LG official support image candidate; verify visual relevance before Roboflow labeling
,,lg_official_support_public_page,https://gscs.lge.com/gscs/support/fileupload/downloadFile.do?fileId=X5RctO93j4DA6xeWqCkxkw&portalId=P1,,,,unassigned,천장 매립형 덕트 에어컨의 청소된 필터를 그늘에 말리는 모습 | LG official support image candidate; verify visual relevance before Roboflow labeling
,,lg_official_support_public_page,https://gscs.lge.com/gscs/support/fileupload/downloadFile.do?fileId=gSZiezeWoPKYslkhuMMwiA&portalId=P1,,,,unassigned,"기능설정 리스트에서 필터 상태 확인 및 초기화 항목을
선택한 다음 OK버튼을 누르면, 상세 화면으로이동 | LG official support image candidate; verify visual relevance before Roboflow labeling"
,,lg_official_support_public_page,https://gscs.lge.com/gscs/support/fileupload/downloadFile.do?fileId=WAi9Hc1hZL3SrVmmYSwUA&portalId=P1,,,,unassigned,청정관리 메뉴 | LG official support image candidate; verify visual relevance before Roboflow labeling
,,lg_official_support_public_page,https://gscs.lge.com/gscs/support/fileupload/downloadFile.do?fileId=FajHuXYbCIveX3A5WqMVCA&portalId=P1,,,,unassigned,"좌우버튼키를 통해 UVnano팬살균, 자동건조, 필터알림 초기화 | LG official support image candidate; verify visual relevance before Roboflow labeling"
,,lg_official_support_public_page,https://gscs.lge.com/gscs/support/fileupload/downloadFile.do?fileId=6NF7pzzX5DH96hEA7qRHhw&portalId=P1,,,,unassigned,초기화 메뉴 | LG official support image candidate; verify visual relevance before Roboflow labeling
,,lg_official_support_public_page,https://gscs.lge.com/gscs/support/fileupload/downloadFile.do?fileId=aVrPDTgj4HFxJMoEDuPoA&portalId=P1,,,,unassigned,천장형 에어컨 무선 리모컨 디럭스 타입의 설정 버튼 위치 그림 | LG official support image candidate; verify visual relevance before Roboflow labeling
,,lg_official_support_public_page,https://gscs.lge.com/gscs/support/fileupload/downloadFile.do?fileId=5HsmJAcKiyoiy1tkFYgZdA&portalId=P1,,,,unassigned,천장형 에어컨 무선 리모컨 베이직의 절전 버튼과 바람 선택 버튼을 동시에 3초 이상 누르는 그림 | LG official support image candidate; verify visual relevance before Roboflow labeling
,,lg_official_support_public_page,https://gscs.lge.com/gscs/support/fileupload/downloadFile.do?fileId=nYTAQ7WwqG184Q0Kc8f4sw&portalId=P1,,,,unassigned,전면 그릴의 고정걸이를 누르고 내리는 모습 | LG official support image candidate; verify visual relevance before Roboflow labeling
,,lg_official_support_public_page,https://gscs.lge.com/gscs/support/fileupload/downloadFile.do?fileId=hL3pYRqklJGailIf9SExHg&portalId=P1,,,,unassigned,"분리한 필터를 부드러운 솔로 청소를 하거나, 중성세제를 탄  물에 청소하는 모습 | LG official support image candidate; verify visual relevance before Roboflow labeling"
,,lg_official_support_public_page,https://gscs.lge.com/gscs/support/fileupload/downloadFile.do?fileId=YPaPluW92ze5xKxjJRAJw&portalId=P1,,,,unassigned,전면 그릴에 필터를 조립 후 닫아주는 모습 | LG official support image candidate; verify visual relevance before Roboflow labeling
,,lg_official_support_public_page,https://gscs.lge.com/gscs/support/fileupload/downloadFile.do?fileId=PHw5zzN25meLirHv9Eqbkg&portalId=P1,,,,unassigned,"LG스탠드에어컨 칸/위너는 왼쪽으로 탈착, 듀얼은 양쪽으로 각각 탈착, 타워도 위아래 왼쪽과 위아래 오른쪽으로 각각 탈착 | LG official support image candidate; verify visual relevance before Roboflow labeling"
,,lg_official_support_public_page,https://gscs.lge.com/gscs/support/fileupload/downloadFile.do?fileId=wAgl7qHOvmHCmCDz6R2LA&portalId=P1,,,,unassigned,LG벽걸이에어컨 A Type은 덮개를 위로 들어올려서 필터를 꺼내는 방법 / B Type은 상부 뚜껑을 위로 들어올려서 뺀다음 필터를 꺼내는 방법 | LG official support image candidate; verify visual relevance before Roboflow labeling
,,lg_official_support_public_page,https://gscs.lge.com/gscs/support/fileupload/downloadFile.do?fileId=k9los4dZJILqDpQLzqCFg&portalId=P1,,,,unassigned,극초미세 먼지필터 | LG official support image candidate; verify visual relevance before Roboflow labeling
,,lg_official_support_public_page,https://gscs.lge.com/gscs/support/fileupload/downloadFile.do?fileId=35UaqWkp5KHGWHcGKTU2eg&portalId=P1,,,,unassigned,광촉매 탈취필터 | LG official support image candidate; verify visual relevance before Roboflow labeling
,,lg_official_support_public_page,https://gscs.lge.com/gscs/support/fileupload/downloadFile.do?fileId=DpmU2vO9ihO6yB830aRusA&portalId=P1,,,,unassigned,프론트 판넬 양측 각인을 확인 | LG official support image candidate; verify visual relevance before Roboflow labeling
,,lg_official_support_public_page,https://gscs.lge.com/gscs/support/fileupload/downloadFile.do?fileId=Rg0dZaqMUDud3F6wODjg&portalId=P1,,,,unassigned,직사각형 모델 필터의 화살표 각인 3곳 | LG official support image candidate; verify visual relevance before Roboflow labeling
,,lg_official_support_public_page,https://gscs.lge.com/gscs/support/fileupload/downloadFile.do?fileId=5zIdI06Hhlfx8vUPf1YfNg&portalId=P1,,,,unassigned,필터 케이스 거치대에서 손잡이 부분을 잡고 화살표 방향으로 당겨 극 초미세 먼지 필터를 분리 | LG official support image candidate; verify visual relevance before Roboflow labeling
,,lg_official_support_public_page,https://gscs.lge.com/gscs/support/fileupload/downloadFile.do?fileId=yxVuV9qL2FFIAJRWshPXUQ&portalId=P1,,,,unassigned,극 초미세 먼지 필터를 분리 | LG official support image candidate; verify visual relevance before Roboflow labeling
,,lg_official_support_public_page,https://gscs.lge.com/gscs/support/fileupload/downloadFile.do?fileId=xoYEWn8bff54vrySR7zcYQ&portalId=P1,,,,unassigned,Type1: 손잡이를 당겨 광촉매 탈취필터를 분리 | LG official support image candidate; verify visual relevance before Roboflow labeling
,,lg_official_support_public_page,https://gscs.lge.com/gscs/support/fileupload/downloadFile.do?fileId=G7XDwjI16LyZ6GN3NwoVg&portalId=P1,,,,unassigned,Type2: 손잡이를 당겨 광촉매 탈취필터를 분리 | LG official support image candidate; verify visual relevance before Roboflow labeling
,,lg_official_support_public_page,https://gscs.lge.com/gscs/support/fileupload/downloadFile.do?fileId=Ie8oV4TSTBNawkdjjTgtQ&portalId=P1,,,,unassigned,양쪽에 있는 고정 걸이를 누르고 전면 그릴을 여는 모습 | LG official support image candidate; verify visual relevance before Roboflow labeling
,,lg_official_support_public_page,https://gscs.lge.com/gscs/support/fileupload/downloadFile.do?fileId=R0CkCR10GfCE3bqOC2EEg&portalId=P1,,,,unassigned,고정 걸이를 눌러 극 초미세 먼지 필터를 분리 | LG official support image candidate; verify visual relevance before Roboflow labeling
,,lg_official_support_public_page,https://gscs.lge.com/gscs/support/fileupload/downloadFile.do?fileId=OjpvLgYIqv66nJrjKHY1g&portalId=P1,,,,unassigned,분리된 극 초미세 먼지 필터 뒤쪽 광촉매 탈취필터는 위쪽으로 당겨 분리 | LG official support image candidate; verify visual relevance before Roboflow labeling
,,lg_official_support_public_page,https://gscs.lge.com/gscs/support/fileupload/downloadFile.do?fileId=1mSecCywWAJFKEIYhefAQ&portalId=P1,,,,unassigned,양쪽에 있는 고정 걸이를 누르고 전면 그릴을 여는 모습 | LG official support image candidate; verify visual relevance before Roboflow labeling
,,lg_official_support_public_page,https://gscs.lge.com/gscs/support/fileupload/downloadFile.do?fileId=YzKo6PKTOs3PFiJuJBEwqg&portalId=P1,,,,unassigned,고정 걸이를 눌러 극 초미세 먼지 필터를 분리 | LG official support image candidate; verify visual relevance before Roboflow labeling
,,lg_official_support_public_page,https://gscs.lge.com/gscs/support/fileupload/downloadFile.do?fileId=K6xJRs8d3Fe2xRADr1GwA&portalId=P1,,,,unassigned,1. 냉방 운전 : 냉방운전-실내 냄새입자가 포함된 응축수 발생-응축수 외부로 배출 2. 송풍 운전 : 송풍 운전-축적되어 있던 응축수가 증발되어 실내로 유입-온도가 높을 수록 냄새 확산속도도 높아짐 | LG official support image candidate; verify visual relevance before Roboflow labeling
,,lg_official_support_public_page,https://gscs.lge.com/gscs/support/fileupload/downloadFile.do?fileId=kV6lR6rX2HunomoXJq1kQ&portalId=P1,,,,unassigned,스탠드 에어컨을 창문을 열고 냉방 18도 강풍으로 가동하는 모습 | LG official support image candidate; verify visual relevance before Roboflow labeling
,,lg_official_support_public_page,https://gscs.lge.com/gscs/support/fileupload/downloadFile.do?fileId=5D5pKMkB2FD9xzsnQuPeg&portalId=P1,,,,unassigned,리모컨 화면에 자동건조 문구와 AI건조 문구가 표시된 모습 | LG official support image candidate; verify visual relevance before Roboflow labeling
,,lg_official_support_public_page,https://gscs.lge.com/gscs/support/fileupload/downloadFile.do?fileId=mzKo45mKv9k1uW1RJVnlQ&portalId=P1,,,,unassigned,세척된 극세필터를 바람이 잘 통하고 그늘진 곳에서 말리는 모습 | LG official support image candidate; verify visual relevance before Roboflow labeling
,,lg_official_support_public_page,https://gscs.lge.com/gscs/support/fileupload/downloadFile.do?fileId=EyWPKxUl8Mj82Hlvi3yAzQ&portalId=P1,,,,unassigned,LG ThinQ 에어컨 화면에서 청정관리를 선택 후 열교환기나 올클리닝을 선택하는 모습 | LG official support image candidate; verify visual relevance before Roboflow labeling
,,lg_official_support_public_page,https://gscs.lge.com/gscs/support/fileupload/downloadFile.do?fileId=7MusR0qVdL0hb7oCosE32g&portalId=P1,,,,unassigned,explaining how to take out the filter | LG official support image candidate; verify visual relevance before Roboflow labeling
,,lg_official_support_public_page,https://gscs.lge.com/gscs/support/fileupload/downloadFile.do?fileId=U43ZqdACqsJSAaW8gnuuA&portalId=P1,,,,unassigned,explaining how to take out the filter | LG official support image candidate; verify visual relevance before Roboflow labeling
,,lg_official_support_public_page,https://gscs.lge.com/gscs/support/fileupload/downloadFile.do?fileId=JGVSxLHqqIOJsfAMLtz6gw&portalId=P1,,,,unassigned,"Casement Window Air Conditioner 
1. Remove the ultra-fine filter cover 
2. Remove the ultra-fine filter 
3. Clean the ultra-fine filter 
4. Dry the ultra-fine filter | LG official support image candidate; verify visual relevance before Roboflow labeling"
,,lg_official_support_public_page,https://gscs.lge.com/gscs/support/fileupload/downloadFile.do?fileId=Awom0hqww2i2dUGRVQ2nXA&portalId=P1,,,,unassigned,"Window Air Conditioner 
1. Remove the ultra-fine filter cover. 
2. Remove the ultra-fine filter. 
3. Clean the ultra-fine filter. 
4. Dry the ultra-fine filter. | LG official support image candidate; verify visual relevance before Roboflow labeling"
,,lg_official_support_public_page,https://gscs.lge.com/gscs/support/fileupload/downloadFile.do?fileId=eSR1JjynmtPzNxmg7Mqjkw&portalId=P1,,,,unassigned,"Single Hose Portable Air Conditioner 
1. Remove the ultra-fine filter cover.
2. Remove the ultra-fine filter.
3. Clean the ultra-fine filter.
4. Dry the ultra-fine filter | LG official support image candidate; verify visual relevance before Roboflow labeling"
,,lg_official_support_public_page,https://gscs.lge.com/gscs/support/fileupload/downloadFile.do?fileId=rr41LkkVaVktqP7waUAjlQ&portalId=P1,,,,unassigned,"Dual Hose Portable Air Conditioner 
1. Remove the screws under the dual hose 
2. Remove the ultra-fine filter cover 
3. Remove the ultra-fine filter
4. Clean and dry the ultra-fine filter | LG official support image candidate; verify visual relevance before Roboflow labeling"
,,lg_official_support_public_page,https://gscs.lge.com/gscs/support/fileupload/downloadFile.do?fileId=nRuYff58jG6tlUSP0R2g&portalId=P1,,,,unassigned,Check the engraving on both sides of the front panel | LG official support image candidate; verify visual relevance before Roboflow labeling
,,lg_official_support_public_page,https://gscs.lge.com/gscs/support/fileupload/downloadFile.do?fileId=WEHEVPwdJqziY97cxi1g&portalId=P1,,,,unassigned,Remove the ultra-fine dust filter by holding the handle on the filter case holder and pulling it in the direction of the arrow. | LG official support image candidate; verify visual relevance before Roboflow labeling
,,lg_official_support_public_page,https://gscs.lge.com/gscs/support/fileupload/downloadFile.do?fileId=qYott5U0AsP31U5tDiemw&portalId=P1,,,,unassigned,Remove the photocatalyst deodorization filter by pulling the handle. | LG official support image candidate; verify visual relevance before Roboflow labeling
,,lg_official_support_public_page,https://gscs.lge.com/gscs/support/fileupload/downloadFile.do?fileId=CQTgsZXYwp5usVJOB6B4Eg&portalId=P1,,,,unassigned,Remove the photocatalyst deodorizing filter behind the separated ultrafine dust filter by pulling it upward. | LG official support image candidate; verify visual relevance before Roboflow labeling
