filename,category,source_category,source_title,source_url,download_url,license,status,sha256_or_error,collected_at_utc
hardneg_keyboard_0001.jpg,keyboard,Category:Computer keyboards,File:3D kappaleiden mittauslaite.jpg,https://commons.wikimedia.org/wiki/File:3D_kappaleiden_mittauslaite.jpg,https://upload.wikimedia.org/wikipedia/commons/thumb/5/5f/3D_kappaleiden_mittauslaite.jpg/960px-3D_kappaleiden_mittauslaite.jpg,CC BY-SA 4.0,downloaded,9d449568cdf0346737c87313b5a6de3f88fcb951140370d1c35dcadc01abb658,2026-06-16T03:16:23.936262+00:00
hardneg_keyboard_0002.jpg,keyboard,Category:Computer keyboards,File:98keyboarnormal.jpg,https://commons.wikimedia.org/wiki/File:98keyboarnormal.jpg,https://upload.wikimedia.org/wikipedia/commons/thumb/4/42/98keyboarnormal.jpg/960px-98keyboarnormal.jpg,CC BY-SA 3.0,downloaded,e2df5987ba1dd6e04048cf83a2bf7b5b88df23bf5b1ddb50383409d01fe859cf,2026-06-16T03:16:25.903511+00:00
hardneg_keyboard_0003.jpg,keyboard,Category:Computer keyboards,File:AT42andAnnePro2.jpg,https://commons.wikimedia.org/wiki/File:AT42andAnnePro2.jpg,https://upload.wikimedia.org/wikipedia/commons/thumb/8/87/AT42andAnnePro2.jpg/960px-AT42andAnnePro2.jpg,CC BY-SA 4.0,failed,HTTPError:429 Client Error: Too many requests (f061ab2) for url: https://upload.wikimedia.org/wikipedia/commons/thumb/8/87/AT42andAnnePro2.jpg/960px-AT42andAnnePro2.jpg,2026-06-16T03:16:26.853838+00:00
hardneg_keyboard_0004.jpg,keyboard,Category:Computer keyboards,File:AT and XT plug pins.jpg,https://commons.wikimedia.org/wiki/File:AT_and_XT_plug_pins.jpg,https://upload.wikimedia.org/wikipedia/commons/thumb/7/70/AT_and_XT_plug_pins.jpg/960px-AT_and_XT_plug_pins.jpg,Public domain,failed,HTTPError:429 Client Error: Too many requests (f061ab2) for url: https://upload.wikimedia.org/wikipedia/commons/thumb/7/70/AT_and_XT_plug_pins.jpg/960px-AT_and_XT_plug_pins.jpg,2026-06-16T03:16:28.373316+00:00
hardneg_keyboard_0005.png,keyboard,Category:Computer keyboards,File:Abe on screen bangla keyboard main window.png,https://commons.wikimedia.org/wiki/File:Abe_on_screen_bangla_keyboard_main_window.png,https://upload.wikimedia.org/wikipedia/commons/5/5a/Abe_on_screen_bangla_keyboard_main_window.png,CC BY-SA 4.0,failed,HTTPError:429 Client Error: Too many requests (f061ab2) for url: https://upload.wikimedia.org/wikipedia/commons/5/5a/Abe_on_screen_bangla_keyboard_main_window.png,2026-06-16T03:16:29.297355+00:00
hardneg_keyboard_0006.jpg,keyboard,Category:Computer keyboards,File:Adapter 2011-02-27 (detail).jpg,https://commons.wikimedia.org/wiki/File:Adapter_2011-02-27_(detail).jpg,https://upload.wikimedia.org/wikipedia/commons/thumb/d/dd/Adapter_2011-02-27_%28detail%29.jpg/960px-Adapter_2011-02-27_%28detail%29.jpg,CC BY-SA 4.0,downloaded,0a37e6f73be074b93142c6b253404959ef7197e00ed27f9cc86d8790d8948aad,2026-06-16T03:16:30.705950+00:00
hardneg_keyboard_0007.jpg,keyboard,Category:Computer keyboards,File:Albert computer keyboard front.JPG,https://commons.wikimedia.org/wiki/File:Albert_computer_keyboard_front.JPG,https://upload.wikimedia.org/wikipedia/commons/thumb/5/53/Albert_computer_keyboard_front.JPG/960px-Albert_computer_keyboard_front.JPG,Public domain,failed,HTTPError:429 Client Error: Too many requests (f061ab2) for url: https://upload.wikimedia.org/wikipedia/commons/thumb/5/53/Albert_computer_keyboard_front.JPG/960px-Albert_computer_keyboard_front.JPG,2026-06-16T03:16:31.723036+00:00
hardneg_keyboard_0008.jpg,keyboard,Category:Computer keyboards,File:Amtelco Unified keyboard bottom.jpg,https://commons.wikimedia.org/wiki/File:Amtelco_Unified_keyboard_bottom.jpg,https://upload.wikimedia.org/wikipedia/commons/thumb/f/f3/Amtelco_Unified_keyboard_bottom.jpg/960px-Amtelco_Unified_keyboard_bottom.jpg,Public domain,failed,HTTPError:429 Client Error: Too many requests (f061ab2) for url: https://upload.wikimedia.org/wikipedia/commons/thumb/f/f3/Amtelco_Unified_keyboard_bottom.jpg/960px-Amtelco_Unified_keyboard_bottom.jpg,2026-06-16T03:16:32.674935+00:00
hardneg_keyboard_0009.jpg,keyboard,Category:Computer keyboards,File:Amtelco Unified keyboard top.jpg,https://commons.wikimedia.org/wiki/File:Amtelco_Unified_keyboard_top.jpg,https://upload.wikimedia.org/wikipedia/commons/thumb/3/3e/Amtelco_Unified_keyboard_top.jpg/960px-Amtelco_Unified_keyboard_top.jpg,Public domain,failed,HTTPError:429 Client Error: Too many requests (f061ab2) for url: https://upload.wikimedia.org/wikipedia/commons/thumb/3/3e/Amtelco_Unified_keyboard_top.jpg/960px-Amtelco_Unified_keyboard_top.jpg,2026-06-16T03:16:33.700918+00:00
hardneg_keyboard_0010.jpg,keyboard,Category:Computer keyboards,File:Assistive keyboard and Joystick.jpg,https://commons.wikimedia.org/wiki/File:Assistive_keyboard_and_Joystick.jpg,https://upload.wikimedia.org/wikipedia/commons/thumb/1/15/Assistive_keyboard_and_Joystick.jpg/960px-Assistive_keyboard_and_Joystick.jpg,CC BY-SA 4.0,failed,HTTPError:429 Client Error: Too many requests (f061ab2) for url: https://upload.wikimedia.org/wikipedia/commons/thumb/1/15/Assistive_keyboard_and_Joystick.jpg/960px-Assistive_keyboard_and_Joystick.jpg,2026-06-16T03:16:34.702836+00:00
hardneg_keyboard_0011.jpg,keyboard,Category:Computer keyboards,File:Atreus 42 (OEM keycaps).jpg,https://commons.wikimedia.org/wiki/File:Atreus_42_(OEM_keycaps).jpg,https://upload.wikimedia.org/wikipedia/commons/thumb/7/7b/Atreus_42_%28OEM_keycaps%29.jpg/960px-Atreus_42_%28OEM_keycaps%29.jpg,CC BY-SA 4.0,failed,"HTTPError:429 Client Error: Your request does not comply with our robot policy, https://w.wiki/4wJS. Please contact noc@wikimedia.org for further information (0fa5166) for url: https://upload.wikimedia.org/wikipedia/commons/thumb/7/7b/Atreus_42_%28OEM_keycaps%29.jpg/960px-Atreus_42_%28OEM_keycaps%29.jpg",2026-06-16T03:16:35.638696+00:00
hardneg_keyboard_0012.jpg,keyboard,Category:Computer keyboards,File:Atreus 42 compared with an Anne Pro 2 60% keyboard.jpg,https://commons.wikimedia.org/wiki/File:Atreus_42_compared_with_an_Anne_Pro_2_60%25_keyboard.jpg,https://upload.wikimedia.org/wikipedia/commons/thumb/4/4d/Atreus_42_compared_with_an_Anne_Pro_2_60%25_keyboard.jpg/960px-Atreus_42_compared_with_an_Anne_Pro_2_60%25_keyboard.jpg,CC BY-SA 4.0,failed,"HTTPError:429 Client Error: Your request does not comply with our robot policy, https://w.wiki/4wJS. Please contact noc@wikimedia.org for further information (0fa5166) for url: https://upload.wikimedia.org/wikipedia/commons/thumb/4/4d/Atreus_42_compared_with_an_Anne_Pro_2_60%25_keyboard.jpg/960px-Atreus_42_compared_with_an_Anne_Pro_2_60%25_keyboard.jpg",2026-06-16T03:16:36.531734+00:00
hardneg_keyboard_0013.jpg,keyboard,Category:Computer keyboards,File:Au イージーパレットH.jpg,https://commons.wikimedia.org/wiki/File:Au_%E3%82%A4%E3%83%BC%E3%82%B8%E3%83%BC%E3%83%91%E3%83%AC%E3%83%83%E3%83%88H.jpg,https://upload.wikimedia.org/wikipedia/commons/f/fe/Au_%E3%82%A4%E3%83%BC%E3%82%B8%E3%83%BC%E3%83%91%E3%83%AC%E3%83%83%E3%83%88H.jpg,CC BY-SA 3.0,failed,"HTTPError:429 Client Error: Your request does not comply with our robot policy, https://w.wiki/4wJS. Please contact noc@wikimedia.org for further information (0fa5166) for url: https://upload.wikimedia.org/wikipedia/commons/f/fe/Au_%E3%82%A4%E3%83%BC%E3%82%B8%E3%83%BC%E3%83%91%E3%83%AC%E3%83%83%E3%83%88H.jpg",2026-06-16T03:16:37.419377+00:00
hardneg_keyboard_0014.jpg,keyboard,Category:Computer keyboards,File:Beautiful Mechanical Keyboard.jpg,https://commons.wikimedia.org/wiki/File:Beautiful_Mechanical_Keyboard.jpg,https://upload.wikimedia.org/wikipedia/commons/thumb/7/7f/Beautiful_Mechanical_Keyboard.jpg/960px-Beautiful_Mechanical_Keyboard.jpg,CC BY-SA 4.0,failed,HTTPError:429 Client Error: Too many requests. Please contact noc@wikimedia.org for further information (0068e25) for url: https://upload.wikimedia.org/wikipedia/commons/thumb/7/7f/Beautiful_Mechanical_Keyboard.jpg/960px-Beautiful_Mechanical_Keyboard.jpg,2026-06-16T03:16:38.307795+00:00
hardneg_keyboard_0015.jpg,keyboard,Category:Computer keyboards,File:CAPACITANCE - Leopold FC660C keyboard (8741670391).jpg,https://commons.wikimedia.org/wiki/File:CAPACITANCE_-_Leopold_FC660C_keyboard_(8741670391).jpg,https://upload.wikimedia.org/wikipedia/commons/thumb/6/67/CAPACITANCE_-_Leopold_FC660C_keyboard_%288741670391%29.jpg/960px-CAPACITANCE_-_Leopold_FC660C_keyboard_%288741670391%29.jpg,CC BY 2.0,failed,HTTPError:429 Client Error: Too many requests. Please contact noc@wikimedia.org for further information (0068e25) for url: https://upload.wikimedia.org/wikipedia/commons/thumb/6/67/CAPACITANCE_-_Leopold_FC660C_keyboard_%288741670391%29.jpg/960px-CAPACITANCE_-_Leopold_FC660C_keyboard_%288741670391%29.jpg,2026-06-16T03:16:39.168931+00:00
hardneg_keyboard_0016.jpg,keyboard,Category:Computer keyboards,File:Canadian French.jpg,https://commons.wikimedia.org/wiki/File:Canadian_French.jpg,https://upload.wikimedia.org/wikipedia/commons/thumb/8/88/Canadian_French.jpg/960px-Canadian_French.jpg,CC BY-SA 4.0,failed,HTTPError:429 Client Error: Too many requests. Please contact noc@wikimedia.org for further information (0068e25) for url: https://upload.wikimedia.org/wikipedia/commons/thumb/8/88/Canadian_French.jpg/960px-Canadian_French.jpg,2026-06-16T03:16:40.069733+00:00
hardneg_keyboard_0017.jpg,keyboard,Category:Computer keyboards,File:Carry-I Keyboards.jpg,https://commons.wikimedia.org/wiki/File:Carry-I_Keyboards.jpg,https://upload.wikimedia.org/wikipedia/commons/thumb/6/65/Carry-I_Keyboards.jpg/960px-Carry-I_Keyboards.jpg,CC BY-SA 4.0,failed,HTTPError:429 Client Error: Too many requests. Please contact noc@wikimedia.org for further information (0068e25) for url: https://upload.wikimedia.org/wikipedia/commons/thumb/6/65/Carry-I_Keyboards.jpg/960px-Carry-I_Keyboards.jpg,2026-06-16T03:16:40.995713+00:00
hardneg_keyboard_0018.jpg,keyboard,Category:Computer keyboards,File:Cash register keys - Tokyo - July 2020.jpeg,https://commons.wikimedia.org/wiki/File:Cash_register_keys_-_Tokyo_-_July_2020.jpeg,https://upload.wikimedia.org/wikipedia/commons/thumb/e/e1/Cash_register_keys_-_Tokyo_-_July_2020.jpeg/960px-Cash_register_keys_-_Tokyo_-_July_2020.jpeg,CC BY 4.0,failed,HTTPError:429 Client Error: Too many requests. Please contact noc@wikimedia.org for further information (0068e25) for url: https://upload.wikimedia.org/wikipedia/commons/thumb/e/e1/Cash_register_keys_-_Tokyo_-_July_2020.jpeg/960px-Cash_register_keys_-_Tokyo_-_July_2020.jpeg,2026-06-16T03:16:41.887158+00:00
hardneg_keyboard_0019.jpg,keyboard,Category:Computer keyboards,File:Cheiront počítač.jpg,https://commons.wikimedia.org/wiki/File:Cheiront_po%C4%8D%C3%ADta%C4%8D.jpg,https://upload.wikimedia.org/wikipedia/commons/thumb/2/29/Cheiront_po%C4%8D%C3%ADta%C4%8D.jpg/960px-Cheiront_po%C4%8D%C3%ADta%C4%8D.jpg,CC BY-SA 4.0,failed,HTTPError:429 Client Error: Too many requests. Please contact noc@wikimedia.org for further information (0068e25) for url: https://upload.wikimedia.org/wikipedia/commons/thumb/2/29/Cheiront_po%C4%8D%C3%ADta%C4%8D.jpg/960px-Cheiront_po%C4%8D%C3%ADta%C4%8D.jpg,2026-06-16T03:16:42.771342+00:00
hardneg_keyboard_0020.jpg,keyboard,Category:Computer keyboards,File:Circuito impreso.jpg,https://commons.wikimedia.org/wiki/File:Circuito_impreso.jpg,https://upload.wikimedia.org/wikipedia/commons/thumb/a/a6/Circuito_impreso.jpg/960px-Circuito_impreso.jpg,CC BY-SA 4.0,failed,HTTPError:429 Client Error: Too many requests. Please contact noc@wikimedia.org for further information (0068e25) for url: https://upload.wikimedia.org/wikipedia/commons/thumb/a/a6/Circuito_impreso.jpg/960px-Circuito_impreso.jpg,2026-06-16T03:16:43.669085+00:00
hardneg_keyboard_0021.jpg,keyboard,Category:Computer keyboards,"File:Close-up view of a laptop keyboard while in use, showcasing detailed key layout and lighting effects.jpg","https://commons.wikimedia.org/wiki/File:Close-up_view_of_a_laptop_keyboard_while_in_use,_showcasing_detailed_key_layout_and_lighting_effects.jpg",https://upload.wikimedia.org/wikipedia/commons/thumb/c/ca/Close-up_view_of_a_laptop_keyboard_while_in_use%2C_showcasing_detailed_key_layout_and_lighting_effects.jpg/960px-Close-up_view_of_a_laptop_keyboard_while_in_use%2C_showcasing_detailed_key_layout_and_lighting_effects.jpg,CC BY 2.0,failed,HTTPError:429 Client Error: Too many requests. Please contact noc@wikimedia.org for further information (0068e25) for url: https://upload.wikimedia.org/wikipedia/commons/thumb/c/ca/Close-up_view_of_a_laptop_keyboard_while_in_use%2C_showcasing_detailed_key_layout_and_lighting_effects.jpg/960px-Close-up_view_of_a_laptop_keyboard_while_in_use%2C_showcasing_detailed_key_layout_and_lighting_effects.jpg,2026-06-16T03:16:44.546354+00:00
hardneg_keyboard_0022.jpg,keyboard,Category:Computer keyboards,File:Coal Terminal (5874557632).jpg,https://commons.wikimedia.org/wiki/File:Coal_Terminal_(5874557632).jpg,https://upload.wikimedia.org/wikipedia/commons/thumb/8/81/Coal_Terminal_%285874557632%29.jpg/960px-Coal_Terminal_%285874557632%29.jpg,CC BY 2.0,failed,HTTPError:429 Client Error: Too many requests. Please contact noc@wikimedia.org for further information (0068e25) for url: https://upload.wikimedia.org/wikipedia/commons/thumb/8/81/Coal_Terminal_%285874557632%29.jpg/960px-Coal_Terminal_%285874557632%29.jpg,2026-06-16T03:16:45.475762+00:00
hardneg_keyboard_0023.jpg,keyboard,Category:Computer keyboards,File:Coco Puffs (2650456248).jpg,https://commons.wikimedia.org/wiki/File:Coco_Puffs_(2650456248).jpg,https://upload.wikimedia.org/wikipedia/commons/thumb/2/29/Coco_Puffs_%282650456248%29.jpg/960px-Coco_Puffs_%282650456248%29.jpg,CC BY 2.0,failed,HTTPError:429 Client Error: Too many requests. Please contact noc@wikimedia.org for further information (0068e25) for url: https://upload.wikimedia.org/wikipedia/commons/thumb/2/29/Coco_Puffs_%282650456248%29.jpg/960px-Coco_Puffs_%282650456248%29.jpg,2026-06-16T03:16:46.398607+00:00
hardneg_keyboard_0024.jpg,keyboard,Category:Computer keyboards,File:Copitrak Pro keyboard.JPG,https://commons.wikimedia.org/wiki/File:Copitrak_Pro_keyboard.JPG,https://upload.wikimedia.org/wikipedia/commons/thumb/8/80/Copitrak_Pro_keyboard.JPG/960px-Copitrak_Pro_keyboard.JPG,CC BY-SA 3.0,failed,HTTPError:429 Client Error: Too many requests. Please contact noc@wikimedia.org for further information (0068e25) for url: https://upload.wikimedia.org/wikipedia/commons/thumb/8/80/Copitrak_Pro_keyboard.JPG/960px-Copitrak_Pro_keyboard.JPG,2026-06-16T03:16:47.302319+00:00
hardneg_keyboard_0025.jpg,keyboard,Category:Computer keyboards,File:Csamodelflabsf77.jpg,https://commons.wikimedia.org/wiki/File:Csamodelflabsf77.jpg,https://upload.wikimedia.org/wikipedia/commons/thumb/6/6d/Csamodelflabsf77.jpg/960px-Csamodelflabsf77.jpg,CC BY-SA 4.0,failed,HTTPError:429 Client Error: Too many requests. Please contact noc@wikimedia.org for further information (0068e25) for url: https://upload.wikimedia.org/wikipedia/commons/thumb/6/6d/Csamodelflabsf77.jpg/960px-Csamodelflabsf77.jpg,2026-06-16T03:16:48.242584+00:00
hardneg_keyboard_0026.jpg,keyboard,Category:Computer keyboards,File:DG 東莞 DongGuan 南城區 Nancheng 鴻福路 HongFu Road 東莞京東商場 JD Shopping Mall Electronics Showroom December 2024 R12S 22 Keyboards.jpg,https://commons.wikimedia.org/wiki/File:DG_%E6%9D%B1%E8%8E%9E_DongGuan_%E5%8D%97%E5%9F%8E%E5%8D%80_Nancheng_%E9%B4%BB%E7%A6%8F%E8%B7%AF_HongFu_Road_%E6%9D%B1%E8%8E%9E%E4%BA%AC%E6%9D%B1%E5%95%86%E5%A0%B4_JD_Shopping_Mall_Electronics_Showroom_December_2024_R12S_22_Keyboards.jpg,https://upload.wikimedia.org/wikipedia/commons/thumb/d/d2/DG_%E6%9D%B1%E8%8E%9E_DongGuan_%E5%8D%97%E5%9F%8E%E5%8D%80_Nancheng_%E9%B4%BB%E7%A6%8F%E8%B7%AF_HongFu_Road_%E6%9D%B1%E8%8E%9E%E4%BA%AC%E6%9D%B1%E5%95%86%E5%A0%B4_JD_Shopping_Mall_Electronics_Showroom_December_2024_R12S_22_Keyboards.jpg/960px-DG_%E6%9D%B1%E8%8E%9E_DongGuan_%E5%8D%97%E5%9F%8E%E5%8D%80_Nancheng_%E9%B4%BB%E7%A6%8F%E8%B7%AF_HongFu_Road_%E6%9D%B1%E8%8E%9E%E4%BA%AC%E6%9D%B1%E5%95%86%E5%A0%B4_JD_Shopping_Mall_Electronics_Showroom_December_2024_R12S_22_Keyboards.jpg,CC0,failed,HTTPError:429 Client Error: Too many requests. Please contact noc@wikimedia.org for further information (0068e25) for url: https://upload.wikimedia.org/wikipedia/commons/thumb/d/d2/DG_%E6%9D%B1%E8%8E%9E_DongGuan_%E5%8D%97%E5%9F%8E%E5%8D%80_Nancheng_%E9%B4%BB%E7%A6%8F%E8%B7%AF_HongFu_Road_%E6%9D%B1%E8%8E%9E%E4%BA%AC%E6%9D%B1%E5%95%86%E5%A0%B4_JD_Shopping_Mall_Electronics_Showroom_December_2024_R12S_22_Keyboards.jpg/960px-DG_%E6%9D%B1%E8%8E%9E_DongGuan_%E5%8D%97%E5%9F%8E%E5%8D%80_Nancheng_%E9%B4%BB%E7%A6%8F%E8%B7%AF_HongFu_Road_%E6%9D%B1%E8%8E%9E%E4%BA%AC%E6%9D%B1%E5%95%86%E5%A0%B4_JD_Shopping_Mall_Electronics_Showroom_December_2024_R12S_22_Keyboards.jpg,2026-06-16T03:16:49.159497+00:00
hardneg_keyboard_0027.jpg,keyboard,Category:Computer keyboards,File:DG 東莞 DongGuan 南城區 Nancheng 鴻福路 HongFu Road 東莞京東商場 JD Shopping Mall Electronics Showroom December 2024 R12S 26 Keyboards.jpg,https://commons.wikimedia.org/wiki/File:DG_%E6%9D%B1%E8%8E%9E_DongGuan_%E5%8D%97%E5%9F%8E%E5%8D%80_Nancheng_%E9%B4%BB%E7%A6%8F%E8%B7%AF_HongFu_Road_%E6%9D%B1%E8%8E%9E%E4%BA%AC%E6%9D%B1%E5%95%86%E5%A0%B4_JD_Shopping_Mall_Electronics_Showroom_December_2024_R12S_26_Keyboards.jpg,https://upload.wikimedia.org/wikipedia/commons/thumb/8/81/DG_%E6%9D%B1%E8%8E%9E_DongGuan_%E5%8D%97%E5%9F%8E%E5%8D%80_Nancheng_%E9%B4%BB%E7%A6%8F%E8%B7%AF_HongFu_Road_%E6%9D%B1%E8%8E%9E%E4%BA%AC%E6%9D%B1%E5%95%86%E5%A0%B4_JD_Shopping_Mall_Electronics_Showroom_December_2024_R12S_26_Keyboards.jpg/960px-DG_%E6%9D%B1%E8%8E%9E_DongGuan_%E5%8D%97%E5%9F%8E%E5%8D%80_Nancheng_%E9%B4%BB%E7%A6%8F%E8%B7%AF_HongFu_Road_%E6%9D%B1%E8%8E%9E%E4%BA%AC%E6%9D%B1%E5%95%86%E5%A0%B4_JD_Shopping_Mall_Electronics_Showroom_December_2024_R12S_26_Keyboards.jpg,CC0,failed,HTTPError:429 Client Error: Too many requests. Please contact noc@wikimedia.org for further information (0068e25) for url: https://upload.wikimedia.org/wikipedia/commons/thumb/8/81/DG_%E6%9D%B1%E8%8E%9E_DongGuan_%E5%8D%97%E5%9F%8E%E5%8D%80_Nancheng_%E9%B4%BB%E7%A6%8F%E8%B7%AF_HongFu_Road_%E6%9D%B1%E8%8E%9E%E4%BA%AC%E6%9D%B1%E5%95%86%E5%A0%B4_JD_Shopping_Mall_Electronics_Showroom_December_2024_R12S_26_Keyboards.jpg/960px-DG_%E6%9D%B1%E8%8E%9E_DongGuan_%E5%8D%97%E5%9F%8E%E5%8D%80_Nancheng_%E9%B4%BB%E7%A6%8F%E8%B7%AF_HongFu_Road_%E6%9D%B1%E8%8E%9E%E4%BA%AC%E6%9D%B1%E5%95%86%E5%A0%B4_JD_Shopping_Mall_Electronics_Showroom_December_2024_R12S_26_Keyboards.jpg,2026-06-16T03:16:50.036247+00:00
hardneg_keyboard_0028.jpg,keyboard,Category:Computer keyboards,File:DG 東莞 DongGuan 南城區 Nancheng 鴻福路 HongFu Road 東莞京東商場 JD Shopping Mall Electronics Showroom December 2024 R12S 27 Keyboards.jpg,https://commons.wikimedia.org/wiki/File:DG_%E6%9D%B1%E8%8E%9E_DongGuan_%E5%8D%97%E5%9F%8E%E5%8D%80_Nancheng_%E9%B4%BB%E7%A6%8F%E8%B7%AF_HongFu_Road_%E6%9D%B1%E8%8E%9E%E4%BA%AC%E6%9D%B1%E5%95%86%E5%A0%B4_JD_Shopping_Mall_Electronics_Showroom_December_2024_R12S_27_Keyboards.jpg,https://upload.wikimedia.org/wikipedia/commons/thumb/e/ef/DG_%E6%9D%B1%E8%8E%9E_DongGuan_%E5%8D%97%E5%9F%8E%E5%8D%80_Nancheng_%E9%B4%BB%E7%A6%8F%E8%B7%AF_HongFu_Road_%E6%9D%B1%E8%8E%9E%E4%BA%AC%E6%9D%B1%E5%95%86%E5%A0%B4_JD_Shopping_Mall_Electronics_Showroom_December_2024_R12S_27_Keyboards.jpg/960px-DG_%E6%9D%B1%E8%8E%9E_DongGuan_%E5%8D%97%E5%9F%8E%E5%8D%80_Nancheng_%E9%B4%BB%E7%A6%8F%E8%B7%AF_HongFu_Road_%E6%9D%B1%E8%8E%9E%E4%BA%AC%E6%9D%B1%E5%95%86%E5%A0%B4_JD_Shopping_Mall_Electronics_Showroom_December_2024_R12S_27_Keyboards.jpg,CC0,failed,HTTPError:429 Client Error: Too many requests. Please contact noc@wikimedia.org for further information (0068e25) for url: https://upload.wikimedia.org/wikipedia/commons/thumb/e/ef/DG_%E6%9D%B1%E8%8E%9E_DongGuan_%E5%8D%97%E5%9F%8E%E5%8D%80_Nancheng_%E9%B4%BB%E7%A6%8F%E8%B7%AF_HongFu_Road_%E6%9D%B1%E8%8E%9E%E4%BA%AC%E6%9D%B1%E5%95%86%E5%A0%B4_JD_Shopping_Mall_Electronics_Showroom_December_2024_R12S_27_Keyboards.jpg/960px-DG_%E6%9D%B1%E8%8E%9E_DongGuan_%E5%8D%97%E5%9F%8E%E5%8D%80_Nancheng_%E9%B4%BB%E7%A6%8F%E8%B7%AF_HongFu_Road_%E6%9D%B1%E8%8E%9E%E4%BA%AC%E6%9D%B1%E5%95%86%E5%A0%B4_JD_Shopping_Mall_Electronics_Showroom_December_2024_R12S_27_Keyboards.jpg,2026-06-16T03:16:50.939944+00:00
hardneg_keyboard_0029.jpg,keyboard,Category:Computer keyboards,File:Disassembled Quickfire XT.jpg,https://commons.wikimedia.org/wiki/File:Disassembled_Quickfire_XT.jpg,https://upload.wikimedia.org/wikipedia/commons/thumb/2/2a/Disassembled_Quickfire_XT.jpg/960px-Disassembled_Quickfire_XT.jpg,CC BY-SA 4.0,failed,HTTPError:429 Client Error: Too many requests. Please contact noc@wikimedia.org for further information (0068e25) for url: https://upload.wikimedia.org/wikipedia/commons/thumb/2/2a/Disassembled_Quickfire_XT.jpg/960px-Disassembled_Quickfire_XT.jpg,2026-06-16T03:16:51.900400+00:00
hardneg_keyboard_0030.png,keyboard,Category:Computer keyboards,File:Disposition du clavier.png,https://commons.wikimedia.org/wiki/File:Disposition_du_clavier.png,https://upload.wikimedia.org/wikipedia/commons/thumb/e/e9/Disposition_du_clavier.png/960px-Disposition_du_clavier.png,CC BY-SA 3.0,failed,HTTPError:429 Client Error: Too many requests. Please contact noc@wikimedia.org for further information (0068e25) for url: https://upload.wikimedia.org/wikipedia/commons/thumb/e/e9/Disposition_du_clavier.png/960px-Disposition_du_clavier.png,2026-06-16T03:16:52.813249+00:00
hardneg_keyboard_0031.jpg,keyboard,Category:Computer keyboards,File:Divine chocolate from the chaplaincy kings may 2025.jpg,https://commons.wikimedia.org/wiki/File:Divine_chocolate_from_the_chaplaincy_kings_may_2025.jpg,https://upload.wikimedia.org/wikipedia/commons/thumb/f/f2/Divine_chocolate_from_the_chaplaincy_kings_may_2025.jpg/960px-Divine_chocolate_from_the_chaplaincy_kings_may_2025.jpg,CC BY-SA 4.0,failed,HTTPError:429 Client Error: Too many requests. Please contact noc@wikimedia.org for further information (0068e25) for url: https://upload.wikimedia.org/wikipedia/commons/thumb/f/f2/Divine_chocolate_from_the_chaplaincy_kings_may_2025.jpg/960px-Divine_chocolate_from_the_chaplaincy_kings_may_2025.jpg,2026-06-16T03:16:53.713779+00:00
hardneg_keyboard_0032.jpg,keyboard,Category:Computer keyboards,File:DraCoLogoKeyboard.jpg,https://commons.wikimedia.org/wiki/File:DraCoLogoKeyboard.jpg,https://upload.wikimedia.org/wikipedia/commons/1/13/DraCoLogoKeyboard.jpg,Public domain,failed,HTTPError:429 Client Error: Too many requests. Please contact noc@wikimedia.org for further information (0068e25) for url: https://upload.wikimedia.org/wikipedia/commons/1/13/DraCoLogoKeyboard.jpg,2026-06-16T03:16:54.627026+00:00
hardneg_mobile_phone_0033.jpg,mobile_phone,Category:Mobile phones,"File:""Funkční makety"".jpg",https://commons.wikimedia.org/wiki/File:%22Funk%C4%8Dn%C3%AD_makety%22.jpg,https://upload.wikimedia.org/wikipedia/commons/thumb/d/dc/%22Funk%C4%8Dn%C3%AD_makety%22.jpg/960px-%22Funk%C4%8Dn%C3%AD_makety%22.jpg,CC BY-SA 3.0,failed,HTTPError:429 Client Error: Too many requests. Please contact noc@wikimedia.org for further information (0068e25) for url: https://upload.wikimedia.org/wikipedia/commons/thumb/d/dc/%22Funk%C4%8Dn%C3%AD_makety%22.jpg/960px-%22Funk%C4%8Dn%C3%AD_makety%22.jpg,2026-06-16T03:16:59.222646+00:00
hardneg_mobile_phone_0034.jpg,mobile_phone,Category:Mobile phones,"File:""L'altro modo di vedere"".jpg",https://commons.wikimedia.org/wiki/File:%22L%27altro_modo_di_vedere%22.jpg,https://upload.wikimedia.org/wikipedia/commons/thumb/b/b7/%22L%27altro_modo_di_vedere%22.jpg/960px-%22L%27altro_modo_di_vedere%22.jpg,CC BY-SA 4.0,failed,HTTPError:429 Client Error: Too many requests. Please contact noc@wikimedia.org for further information (0068e25) for url: https://upload.wikimedia.org/wikipedia/commons/thumb/b/b7/%22L%27altro_modo_di_vedere%22.jpg/960px-%22L%27altro_modo_di_vedere%22.jpg,2026-06-16T03:17:01.622307+00:00
hardneg_mobile_phone_0035.jpg,mobile_phone,Category:Mobile phones,File:'Mobile phone-mobiele telefoon-01.jpg,https://commons.wikimedia.org/wiki/File:%27Mobile_phone-mobiele_telefoon-01.jpg,https://upload.wikimedia.org/wikipedia/commons/7/73/%27Mobile_phone-mobiele_telefoon-01.jpg,CC BY-SA 4.0,failed,HTTPError:429 Client Error: Too many requests. Please contact noc@wikimedia.org for further information (0068e25) for url: https://upload.wikimedia.org/wikipedia/commons/7/73/%27Mobile_phone-mobiele_telefoon-01.jpg,2026-06-16T03:17:02.637149+00:00
hardneg_mobile_phone_0036.jpg,mobile_phone,Category:Mobile phones,File:01 02 2023 - Sessão Plenária (52662285857).jpg,https://commons.wikimedia.org/wiki/File:01_02_2023_-_Sess%C3%A3o_Plen%C3%A1ria_(52662285857).jpg,https://upload.wikimedia.org/wikipedia/commons/thumb/7/71/01_02_2023_-_Sess%C3%A3o_Plen%C3%A1ria_%2852662285857%29.jpg/960px-01_02_2023_-_Sess%C3%A3o_Plen%C3%A1ria_%2852662285857%29.jpg,Public domain,failed,HTTPError:429 Client Error: Too many requests. Please contact noc@wikimedia.org for further information (0068e25) for url: https://upload.wikimedia.org/wikipedia/commons/thumb/7/71/01_02_2023_-_Sess%C3%A3o_Plen%C3%A1ria_%2852662285857%29.jpg/960px-01_02_2023_-_Sess%C3%A3o_Plen%C3%A1ria_%2852662285857%29.jpg,2026-06-16T03:17:03.740213+00:00
hardneg_mobile_phone_0037.jpg,mobile_phone,Category:Mobile phones,File:20090325 롤리팝폰제품사진1.jpg,https://commons.wikimedia.org/wiki/File:20090325_%EB%A1%A4%EB%A6%AC%ED%8C%9D%ED%8F%B0%EC%A0%9C%ED%92%88%EC%82%AC%EC%A7%841.jpg,https://upload.wikimedia.org/wikipedia/commons/thumb/d/db/20090325_%EB%A1%A4%EB%A6%AC%ED%8C%9D%ED%8F%B0%EC%A0%9C%ED%92%88%EC%82%AC%EC%A7%841.jpg/960px-20090325_%EB%A1%A4%EB%A6%AC%ED%8C%9D%ED%8F%B0%EC%A0%9C%ED%92%88%EC%82%AC%EC%A7%841.jpg,CC BY 2.0,failed,HTTPError:429 Client Error: Too many requests. Please contact noc@wikimedia.org for further information (0068e25) for url: https://upload.wikimedia.org/wikipedia/commons/thumb/d/db/20090325_%EB%A1%A4%EB%A6%AC%ED%8C%9D%ED%8F%B0%EC%A0%9C%ED%92%88%EC%82%AC%EC%A7%841.jpg/960px-20090325_%EB%A1%A4%EB%A6%AC%ED%8C%9D%ED%8F%B0%EC%A0%9C%ED%92%88%EC%82%AC%EC%A7%841.jpg,2026-06-16T03:17:04.811042+00:00
hardneg_mobile_phone_0038.jpg,mobile_phone,Category:Mobile phones,File:2011-365-348 A Tale of Two Phones (6514803505).jpg,https://commons.wikimedia.org/wiki/File:2011-365-348_A_Tale_of_Two_Phones_(6514803505).jpg,https://upload.wikimedia.org/wikipedia/commons/thumb/e/e7/2011-365-348_A_Tale_of_Two_Phones_%286514803505%29.jpg/960px-2011-365-348_A_Tale_of_Two_Phones_%286514803505%29.jpg,CC BY 2.0,failed,HTTPError:429 Client Error: Too many requests. Please contact noc@wikimedia.org for further information (0068e25) for url: https://upload.wikimedia.org/wikipedia/commons/thumb/e/e7/2011-365-348_A_Tale_of_Two_Phones_%286514803505%29.jpg/960px-2011-365-348_A_Tale_of_Two_Phones_%286514803505%29.jpg,2026-06-16T03:17:05.662851+00:00
hardneg_mobile_phone_0039.jpg,mobile_phone,Category:Mobile phones,"File:2024-05-25 Mobile phone shelves, Asda, Inverness.jpg","https://commons.wikimedia.org/wiki/File:2024-05-25_Mobile_phone_shelves,_Asda,_Inverness.jpg",https://upload.wikimedia.org/wikipedia/commons/thumb/e/e7/2024-05-25_Mobile_phone_shelves%2C_Asda%2C_Inverness.jpg/960px-2024-05-25_Mobile_phone_shelves%2C_Asda%2C_Inverness.jpg,CC BY 4.0,failed,HTTPError:429 Client Error: Too many requests. Please contact noc@wikimedia.org for further information (0068e25) for url: https://upload.wikimedia.org/wikipedia/commons/thumb/e/e7/2024-05-25_Mobile_phone_shelves%2C_Asda%2C_Inverness.jpg/960px-2024-05-25_Mobile_phone_shelves%2C_Asda%2C_Inverness.jpg,2026-06-16T03:17:06.439760+00:00
hardneg_mobile_phone_0040.jpg,mobile_phone,Category:Mobile phones,File:20250628 191627 MaxCom 36D.jpg,https://commons.wikimedia.org/wiki/File:20250628_191627_MaxCom_36D.jpg,https://upload.wikimedia.org/wikipedia/commons/thumb/2/2e/20250628_191627_MaxCom_36D.jpg/960px-20250628_191627_MaxCom_36D.jpg,Public domain,failed,HTTPError:429 Client Error: Too many requests. Please contact noc@wikimedia.org for further information (0068e25) for url: https://upload.wikimedia.org/wikipedia/commons/thumb/2/2e/20250628_191627_MaxCom_36D.jpg/960px-20250628_191627_MaxCom_36D.jpg,2026-06-16T03:17:07.204046+00:00
hardneg_mobile_phone_0041.jpg,mobile_phone,Category:Mobile phones,"File:2086, Lebara Mobile SIM in Sony Ericsson phone.jpg","https://commons.wikimedia.org/wiki/File:2086,_Lebara_Mobile_SIM_in_Sony_Ericsson_phone.jpg",https://upload.wikimedia.org/wikipedia/commons/thumb/f/f9/2086%2C_Lebara_Mobile_SIM_in_Sony_Ericsson_phone.jpg/960px-2086%2C_Lebara_Mobile_SIM_in_Sony_Ericsson_phone.jpg,CC0,failed,HTTPError:429 Client Error: Too many requests. Please contact noc@wikimedia.org for further information (0068e25) for url: https://upload.wikimedia.org/wikipedia/commons/thumb/f/f9/2086%2C_Lebara_Mobile_SIM_in_Sony_Ericsson_phone.jpg/960px-2086%2C_Lebara_Mobile_SIM_in_Sony_Ericsson_phone.jpg,2026-06-16T03:17:07.958149+00:00
hardneg_mobile_phone_0042.jpg,mobile_phone,Category:Mobile phones,File:3G speed brussel sept 2012 IMG 2886.JPG,https://commons.wikimedia.org/wiki/File:3G_speed_brussel_sept_2012_IMG_2886.JPG,https://upload.wikimedia.org/wikipedia/commons/thumb/a/a9/3G_speed_brussel_sept_2012_IMG_2886.JPG/960px-3G_speed_brussel_sept_2012_IMG_2886.JPG,CC BY-SA 3.0,failed,HTTPError:429 Client Error: Too many requests. Please contact noc@wikimedia.org for further information (0068e25) for url: https://upload.wikimedia.org/wikipedia/commons/thumb/a/a9/3G_speed_brussel_sept_2012_IMG_2886.JPG/960px-3G_speed_brussel_sept_2012_IMG_2886.JPG,2026-06-16T03:17:08.811988+00:00
hardneg_mobile_phone_0043.png,mobile_phone,Category:Mobile phones,File:3G symbol Android.png,https://commons.wikimedia.org/wiki/File:3G_symbol_Android.png,https://upload.wikimedia.org/wikipedia/commons/d/d4/3G_symbol_Android.png,CC BY-SA 4.0,downloaded,aad36d2ede3657212e2684e2aa6bb6f552f2ae8058a9019b409de9135f2f5dd7,2026-06-16T03:17:09.561963+00:00
hardneg_mobile_phone_0044.jpg,mobile_phone,Category:Mobile phones,File:4G LTE Logo Android 4.1 on the Galaxy Nexus.jpg,https://commons.wikimedia.org/wiki/File:4G_LTE_Logo_Android_4.1_on_the_Galaxy_Nexus.jpg,https://upload.wikimedia.org/wikipedia/commons/1/11/4G_LTE_Logo_Android_4.1_on_the_Galaxy_Nexus.jpg,CC BY 2.5,downloaded,84e8db48ce777458dbf4cea0efa50519cbd801b5546549b133fb25a6d57cf39c,2026-06-16T03:17:10.285931+00:00
hardneg_mobile_phone_0045.jpg,mobile_phone,Category:Mobile phones,File:500px photo (59004866).jpeg,https://commons.wikimedia.org/wiki/File:500px_photo_(59004866).jpeg,https://upload.wikimedia.org/wikipedia/commons/thumb/8/89/500px_photo_%2859004866%29.jpeg/960px-500px_photo_%2859004866%29.jpeg,CC BY 3.0,failed,HTTPError:429 Client Error: Too many requests. Please contact noc@wikimedia.org for further information (0068e25) for url: https://upload.wikimedia.org/wikipedia/commons/thumb/8/89/500px_photo_%2859004866%29.jpeg/960px-500px_photo_%2859004866%29.jpeg,2026-06-16T03:17:11.085467+00:00
hardneg_mobile_phone_0046.jpg,mobile_phone,Category:Mobile phones,File:500px photo (60485448).jpeg,https://commons.wikimedia.org/wiki/File:500px_photo_(60485448).jpeg,https://upload.wikimedia.org/wikipedia/commons/thumb/3/3f/500px_photo_%2860485448%29.jpeg/960px-500px_photo_%2860485448%29.jpeg,CC BY 3.0,failed,HTTPError:429 Client Error: Too many requests. Please contact noc@wikimedia.org for further information (0068e25) for url: https://upload.wikimedia.org/wikipedia/commons/thumb/3/3f/500px_photo_%2860485448%29.jpeg/960px-500px_photo_%2860485448%29.jpeg,2026-06-16T03:17:12.011607+00:00
hardneg_mobile_phone_0047.jpg,mobile_phone,Category:Mobile phones,File:5G - Autenticación EAP-AKA prima.jpg,https://commons.wikimedia.org/wiki/File:5G_-_Autenticaci%C3%B3n_EAP-AKA_prima.jpg,https://upload.wikimedia.org/wikipedia/commons/thumb/a/ac/5G_-_Autenticaci%C3%B3n_EAP-AKA_prima.jpg/960px-5G_-_Autenticaci%C3%B3n_EAP-AKA_prima.jpg,CC BY-SA 4.0,failed,HTTPError:429 Client Error: Too many requests. Please contact noc@wikimedia.org for further information (0068e25) for url: https://upload.wikimedia.org/wikipedia/commons/thumb/a/ac/5G_-_Autenticaci%C3%B3n_EAP-AKA_prima.jpg/960px-5G_-_Autenticaci%C3%B3n_EAP-AKA_prima.jpg,2026-06-16T03:17:12.920417+00:00
hardneg_mobile_phone_0048.jpg,mobile_phone,Category:Mobile phones,File:5G - generación del par claves efímeras.jpg,https://commons.wikimedia.org/wiki/File:5G_-_generaci%C3%B3n_del_par_claves_ef%C3%ADmeras.jpg,https://upload.wikimedia.org/wikipedia/commons/4/4c/5G_-_generaci%C3%B3n_del_par_claves_ef%C3%ADmeras.jpg,CC BY-SA 4.0,failed,HTTPError:429 Client Error: Too many requests. Please contact noc@wikimedia.org for further information (0068e25) for url: https://upload.wikimedia.org/wikipedia/commons/4/4c/5G_-_generaci%C3%B3n_del_par_claves_ef%C3%ADmeras.jpg,2026-06-16T03:17:13.792550+00:00
hardneg_mobile_phone_0049.png,mobile_phone,Category:Mobile phones,File:5G Acceso-5G No-3GPP No Confiable.png,https://commons.wikimedia.org/wiki/File:5G_Acceso-5G_No-3GPP_No_Confiable.png,https://upload.wikimedia.org/wikipedia/commons/thumb/4/44/5G_Acceso-5G_No-3GPP_No_Confiable.png/960px-5G_Acceso-5G_No-3GPP_No_Confiable.png,CC BY-SA 4.0,failed,HTTPError:429 Client Error: Too many requests. Please contact noc@wikimedia.org for further information (0068e25) for url: https://upload.wikimedia.org/wikipedia/commons/thumb/4/44/5G_Acceso-5G_No-3GPP_No_Confiable.png/960px-5G_Acceso-5G_No-3GPP_No_Confiable.png,2026-06-16T03:17:14.569403+00:00
hardneg_mobile_phone_0050.png,mobile_phone,Category:Mobile phones,File:5G RAN Sharing MOCN.png,https://commons.wikimedia.org/wiki/File:5G_RAN_Sharing_MOCN.png,https://upload.wikimedia.org/wikipedia/commons/thumb/4/48/5G_RAN_Sharing_MOCN.png/960px-5G_RAN_Sharing_MOCN.png,CC BY-SA 4.0,failed,HTTPError:429 Client Error: Too many requests. Please contact noc@wikimedia.org for further information (0068e25) for url: https://upload.wikimedia.org/wikipedia/commons/thumb/4/48/5G_RAN_Sharing_MOCN.png/960px-5G_RAN_Sharing_MOCN.png,2026-06-16T03:17:15.366224+00:00
hardneg_mobile_phone_0051.png,mobile_phone,Category:Mobile phones,File:5G RAN Sharing MORAN.png,https://commons.wikimedia.org/wiki/File:5G_RAN_Sharing_MORAN.png,https://upload.wikimedia.org/wikipedia/commons/8/8a/5G_RAN_Sharing_MORAN.png,CC BY-SA 4.0,failed,HTTPError:429 Client Error: Too many requests. Please contact noc@wikimedia.org for further information (0068e25) for url: https://upload.wikimedia.org/wikipedia/commons/8/8a/5G_RAN_Sharing_MORAN.png,2026-06-16T03:17:16.162078+00:00
hardneg_mobile_phone_0052.jpg,mobile_phone,Category:Mobile phones,File:5G Visitor Home Network.jpg,https://commons.wikimedia.org/wiki/File:5G_Visitor_Home_Network.jpg,https://upload.wikimedia.org/wikipedia/commons/thumb/7/7d/5G_Visitor_Home_Network.jpg/960px-5G_Visitor_Home_Network.jpg,CC BY-SA 4.0,failed,HTTPError:429 Client Error: Too many requests. Please contact noc@wikimedia.org for further information (0068e25) for url: https://upload.wikimedia.org/wikipedia/commons/thumb/7/7d/5G_Visitor_Home_Network.jpg/960px-5G_Visitor_Home_Network.jpg,2026-06-16T03:17:16.980116+00:00
hardneg_mobile_phone_0053.png,mobile_phone,Category:Mobile phones,File:5G gNodeB.png,https://commons.wikimedia.org/wiki/File:5G_gNodeB.png,https://upload.wikimedia.org/wikipedia/commons/a/a7/5G_gNodeB.png,CC BY-SA 4.0,failed,HTTPError:429 Client Error: Too many requests. Please contact noc@wikimedia.org for further information (0068e25) for url: https://upload.wikimedia.org/wikipedia/commons/a/a7/5G_gNodeB.png,2026-06-16T03:17:17.872986+00:00
hardneg_mobile_phone_0054.jpg,mobile_phone,Category:Mobile phones,File:5G mobile network diagram.jpg,https://commons.wikimedia.org/wiki/File:5G_mobile_network_diagram.jpg,https://upload.wikimedia.org/wikipedia/commons/6/6e/5G_mobile_network_diagram.jpg,CC BY-SA 4.0,failed,HTTPError:429 Client Error: Too many requests. Please contact noc@wikimedia.org for further information (0068e25) for url: https://upload.wikimedia.org/wikipedia/commons/6/6e/5G_mobile_network_diagram.jpg,2026-06-16T03:17:18.758441+00:00
hardneg_mobile_phone_0055.png,mobile_phone,Category:Mobile phones,File:5 online Marketplaces and websites for selling gadgets (1).png,https://commons.wikimedia.org/wiki/File:5_online_Marketplaces_and_websites_for_selling_gadgets_(1).png,https://upload.wikimedia.org/wikipedia/commons/e/e2/5_online_Marketplaces_and_websites_for_selling_gadgets_%281%29.png,CC0,failed,HTTPError:429 Client Error: Too many requests. Please contact noc@wikimedia.org for further information (0068e25) for url: https://upload.wikimedia.org/wikipedia/commons/e/e2/5_online_Marketplaces_and_websites_for_selling_gadgets_%281%29.png,2026-06-16T03:17:19.583754+00:00
hardneg_mobile_phone_0056.jpg,mobile_phone,Category:Mobile phones,File:75 MOVIL.jpg,https://commons.wikimedia.org/wiki/File:75_MOVIL.jpg,https://upload.wikimedia.org/wikipedia/commons/thumb/7/73/75_MOVIL.jpg/960px-75_MOVIL.jpg,CC BY-SA 4.0,failed,HTTPError:429 Client Error: Too many requests. Please contact noc@wikimedia.org for further information (0068e25) for url: https://upload.wikimedia.org/wikipedia/commons/thumb/7/73/75_MOVIL.jpg/960px-75_MOVIL.jpg,2026-06-16T03:17:20.382241+00:00
hardneg_mobile_phone_0057.jpg,mobile_phone,Category:Mobile phones,File:A-Netz-Funktelefon 4967.jpg,https://commons.wikimedia.org/wiki/File:A-Netz-Funktelefon_4967.jpg,https://upload.wikimedia.org/wikipedia/commons/thumb/6/61/A-Netz-Funktelefon_4967.jpg/960px-A-Netz-Funktelefon_4967.jpg,CC BY-SA 3.0 de,failed,HTTPError:429 Client Error: Too many requests. Please contact noc@wikimedia.org for further information (0068e25) for url: https://upload.wikimedia.org/wikipedia/commons/thumb/6/61/A-Netz-Funktelefon_4967.jpg/960px-A-Netz-Funktelefon_4967.jpg,2026-06-16T03:17:21.159126+00:00
hardneg_mobile_phone_0058.jpg,mobile_phone,Category:Mobile phones,File:A Portable Call-Out Telephone 1964 (9012776712).jpg,https://commons.wikimedia.org/wiki/File:A_Portable_Call-Out_Telephone_1964_(9012776712).jpg,https://upload.wikimedia.org/wikipedia/commons/7/7a/A_Portable_Call-Out_Telephone_1964_%289012776712%29.jpg,CC BY 2.0,failed,HTTPError:429 Client Error: Too many requests. Please contact noc@wikimedia.org for further information (0068e25) for url: https://upload.wikimedia.org/wikipedia/commons/7/7a/A_Portable_Call-Out_Telephone_1964_%289012776712%29.jpg,2026-06-16T03:17:21.998900+00:00
hardneg_mobile_phone_0059.jpg,mobile_phone,Category:Mobile phones,File:A couple taking pictures of Zulu Dancing on their cell phones (216307825).jpg,https://commons.wikimedia.org/wiki/File:A_couple_taking_pictures_of_Zulu_Dancing_on_their_cell_phones_(216307825).jpg,https://upload.wikimedia.org/wikipedia/commons/thumb/8/81/A_couple_taking_pictures_of_Zulu_Dancing_on_their_cell_phones_%28216307825%29.jpg/960px-A_couple_taking_pictures_of_Zulu_Dancing_on_their_cell_phones_%28216307825%29.jpg,CC BY-SA 2.0,failed,HTTPError:429 Client Error: Too many requests. Please contact noc@wikimedia.org for further information (0068e25) for url: https://upload.wikimedia.org/wikipedia/commons/thumb/8/81/A_couple_taking_pictures_of_Zulu_Dancing_on_their_cell_phones_%28216307825%29.jpg/960px-A_couple_taking_pictures_of_Zulu_Dancing_on_their_cell_phones_%28216307825%29.jpg,2026-06-16T03:17:22.899179+00:00
hardneg_mobile_phone_0060.jpg,mobile_phone,Category:Mobile phones,File:A few years of mobile digital devices -mobility -cellphones -pdas -Clie -palmpilot (22101865264).jpg,https://commons.wikimedia.org/wiki/File:A_few_years_of_mobile_digital_devices_-mobility_-cellphones_-pdas_-Clie_-palmpilot_(22101865264).jpg,https://upload.wikimedia.org/wikipedia/commons/thumb/f/f0/A_few_years_of_mobile_digital_devices_-mobility_-cellphones_-pdas_-Clie_-palmpilot_%2822101865264%29.jpg/960px-A_few_years_of_mobile_digital_devices_-mobility_-cellphones_-pdas_-Clie_-palmpilot_%2822101865264%29.jpg,CC BY-SA 2.0,failed,HTTPError:429 Client Error: Too many requests. Please contact noc@wikimedia.org for further information (0068e25) for url: https://upload.wikimedia.org/wikipedia/commons/thumb/f/f0/A_few_years_of_mobile_digital_devices_-mobility_-cellphones_-pdas_-Clie_-palmpilot_%2822101865264%29.jpg/960px-A_few_years_of_mobile_digital_devices_-mobility_-cellphones_-pdas_-Clie_-palmpilot_%2822101865264%29.jpg,2026-06-16T03:17:23.783899+00:00
hardneg_mobile_phone_0061.jpg,mobile_phone,Category:Mobile phones,File:A man using a cell phone to take a photo.jpg,https://commons.wikimedia.org/wiki/File:A_man_using_a_cell_phone_to_take_a_photo.jpg,https://upload.wikimedia.org/wikipedia/commons/thumb/1/16/A_man_using_a_cell_phone_to_take_a_photo.jpg/960px-A_man_using_a_cell_phone_to_take_a_photo.jpg,CC BY 4.0,failed,HTTPError:429 Client Error: Too many requests. Please contact noc@wikimedia.org for further information (0068e25) for url: https://upload.wikimedia.org/wikipedia/commons/thumb/1/16/A_man_using_a_cell_phone_to_take_a_photo.jpg/960px-A_man_using_a_cell_phone_to_take_a_photo.jpg,2026-06-16T03:17:24.552264+00:00
hardneg_window_blinds_0062.jpg,window_blinds,Category:Window blinds,"File:AUS Canberra, Central, Lennox Crossing 006.jpg","https://commons.wikimedia.org/wiki/File:AUS_Canberra,_Central,_Lennox_Crossing_006.jpg",https://upload.wikimedia.org/wikipedia/commons/thumb/4/4b/AUS_Canberra%2C_Central%2C_Lennox_Crossing_006.jpg/960px-AUS_Canberra%2C_Central%2C_Lennox_Crossing_006.jpg,CC BY 4.0,failed,HTTPError:429 Client Error: Too many requests. Please contact noc@wikimedia.org for further information (0068e25) for url: https://upload.wikimedia.org/wikipedia/commons/thumb/4/4b/AUS_Canberra%2C_Central%2C_Lennox_Crossing_006.jpg/960px-AUS_Canberra%2C_Central%2C_Lennox_Crossing_006.jpg,2026-06-16T03:17:30.904305+00:00
hardneg_window_blinds_0063.jpg,window_blinds,Category:Window blinds,File:Adressbuch RV 1890 152.jpg,https://commons.wikimedia.org/wiki/File:Adressbuch_RV_1890_152.jpg,https://upload.wikimedia.org/wikipedia/commons/thumb/f/f1/Adressbuch_RV_1890_152.jpg/960px-Adressbuch_RV_1890_152.jpg,Public domain,failed,HTTPError:429 Client Error: Too many requests. Please contact noc@wikimedia.org for further information (0068e25) for url: https://upload.wikimedia.org/wikipedia/commons/thumb/f/f1/Adressbuch_RV_1890_152.jpg/960px-Adressbuch_RV_1890_152.jpg,2026-06-16T03:17:31.994430+00:00
hardneg_window_blinds_0064.jpg,window_blinds,Category:Window blinds,File:Außenjalousien.jpg,https://commons.wikimedia.org/wiki/File:Au%C3%9Fenjalousien.jpg,https://upload.wikimedia.org/wikipedia/commons/thumb/e/e6/Au%C3%9Fenjalousien.jpg/960px-Au%C3%9Fenjalousien.jpg,CC BY-SA 4.0,failed,HTTPError:429 Client Error: Too many requests. Please contact noc@wikimedia.org for further information (0068e25) for url: https://upload.wikimedia.org/wikipedia/commons/thumb/e/e6/Au%C3%9Fenjalousien.jpg/960px-Au%C3%9Fenjalousien.jpg,2026-06-16T03:17:33.278904+00:00
hardneg_window_blinds_0065.jpg,window_blinds,Category:Window blinds,File:Bank of Bangkok Osaka.jpg,https://commons.wikimedia.org/wiki/File:Bank_of_Bangkok_Osaka.jpg,https://upload.wikimedia.org/wikipedia/commons/thumb/6/64/Bank_of_Bangkok_Osaka.jpg/960px-Bank_of_Bangkok_Osaka.jpg,CC BY-SA 4.0,failed,HTTPError:429 Client Error: Too many requests. Please contact noc@wikimedia.org for further information (0068e25) for url: https://upload.wikimedia.org/wikipedia/commons/thumb/6/64/Bank_of_Bangkok_Osaka.jpg/960px-Bank_of_Bangkok_Osaka.jpg,2026-06-16T03:17:34.456293+00:00
hardneg_window_blinds_0066.jpg,window_blinds,Category:Window blinds,File:Beyond my PC screen - Flickr - krystina stimakovits.jpg,https://commons.wikimedia.org/wiki/File:Beyond_my_PC_screen_-_Flickr_-_krystina_stimakovits.jpg,https://upload.wikimedia.org/wikipedia/commons/thumb/1/19/Beyond_my_PC_screen_-_Flickr_-_krystina_stimakovits.jpg/960px-Beyond_my_PC_screen_-_Flickr_-_krystina_stimakovits.jpg,CC BY 2.0,failed,HTTPError:429 Client Error: Too many requests. Please contact noc@wikimedia.org for further information (0068e25) for url: https://upload.wikimedia.org/wikipedia/commons/thumb/1/19/Beyond_my_PC_screen_-_Flickr_-_krystina_stimakovits.jpg/960px-Beyond_my_PC_screen_-_Flickr_-_krystina_stimakovits.jpg,2026-06-16T03:17:35.608663+00:00
hardneg_window_blinds_0067.jpg,window_blinds,Category:Window blinds,File:Blind Ambition.JPG,https://commons.wikimedia.org/wiki/File:Blind_Ambition.JPG,https://upload.wikimedia.org/wikipedia/commons/thumb/d/dc/Blind_Ambition.JPG/960px-Blind_Ambition.JPG,CC BY-SA 3.0,failed,HTTPError:429 Client Error: Too many requests. Please contact noc@wikimedia.org for further information (0068e25) for url: https://upload.wikimedia.org/wikipedia/commons/thumb/d/dc/Blind_Ambition.JPG/960px-Blind_Ambition.JPG,2026-06-16T03:17:36.677969+00:00
hardneg_window_blinds_0068.jpg,window_blinds,Category:Window blinds,File:Blind restringing project bottom rail with cap removed.jpg,https://commons.wikimedia.org/wiki/File:Blind_restringing_project_bottom_rail_with_cap_removed.jpg,https://upload.wikimedia.org/wikipedia/commons/a/ac/Blind_restringing_project_bottom_rail_with_cap_removed.jpg,CC0,failed,HTTPError:429 Client Error: Too many requests - please contact noc@wikimedia.org to discuss a less disruptive approach or instead use thumbnail images in sizes listed on https://w.wiki/GHai. (0c640b1) for url: https://upload.wikimedia.org/wikipedia/commons/a/ac/Blind_restringing_project_bottom_rail_with_cap_removed.jpg,2026-06-16T03:17:37.627024+00:00
hardneg_window_blinds_0069.jpg,window_blinds,Category:Window blinds,File:Blinds123.jpg,https://commons.wikimedia.org/wiki/File:Blinds123.jpg,https://upload.wikimedia.org/wikipedia/commons/thumb/a/af/Blinds123.jpg/960px-Blinds123.jpg,CC BY-SA 3.0,downloaded,5994bdb7decb43c3784c1473801fda77cae895ba5debae29419a340f839d3f4d,2026-06-16T03:17:40.539759+00:00
hardneg_window_blinds_0070.jpg,window_blinds,Category:Window blinds,File:Blinds (19014155873).jpg,https://commons.wikimedia.org/wiki/File:Blinds_(19014155873).jpg,https://upload.wikimedia.org/wikipedia/commons/thumb/6/61/Blinds_%2819014155873%29.jpg/960px-Blinds_%2819014155873%29.jpg,CC BY 2.0,downloaded,71377a4085a4146a5cfdf5b32afd9116c14e1edcfa1b43e89c9854cb3d58622a,2026-06-16T03:17:43.323564+00:00
hardneg_window_blinds_0071.jpg,window_blinds,Category:Window blinds,File:Blue Coat School Dublin -The Cupola Affair (11097851084).jpg,https://commons.wikimedia.org/wiki/File:Blue_Coat_School_Dublin_-The_Cupola_Affair_(11097851084).jpg,https://upload.wikimedia.org/wikipedia/commons/thumb/4/4c/Blue_Coat_School_Dublin_-The_Cupola_Affair_%2811097851084%29.jpg/960px-Blue_Coat_School_Dublin_-The_Cupola_Affair_%2811097851084%29.jpg,Public domain,failed,HTTPError:429 Client Error: Too many requests (f061ab2) for url: https://upload.wikimedia.org/wikipedia/commons/thumb/4/4c/Blue_Coat_School_Dublin_-The_Cupola_Affair_%2811097851084%29.jpg/960px-Blue_Coat_School_Dublin_-The_Cupola_Affair_%2811097851084%29.jpg,2026-06-16T03:17:44.453148+00:00
hardneg_window_blinds_0072.jpg,window_blinds,Category:Window blinds,File:Bras-de-store-banne.jpg,https://commons.wikimedia.org/wiki/File:Bras-de-store-banne.jpg,https://upload.wikimedia.org/wikipedia/commons/e/e0/Bras-de-store-banne.jpg,CC BY-SA 3.0,failed,HTTPError:429 Client Error: Too many requests - please contact noc@wikimedia.org to discuss a less disruptive approach or instead use thumbnail images in sizes listed on https://w.wiki/GHai. (0c640b1) for url: https://upload.wikimedia.org/wikipedia/commons/e/e0/Bras-de-store-banne.jpg,2026-06-16T03:17:45.655806+00:00
hardneg_window_blinds_0073.jpg,window_blinds,Category:Window blinds,File:Building on Avenida Paulista.jpg,https://commons.wikimedia.org/wiki/File:Building_on_Avenida_Paulista.jpg,https://upload.wikimedia.org/wikipedia/commons/thumb/d/d4/Building_on_Avenida_Paulista.jpg/960px-Building_on_Avenida_Paulista.jpg,CC BY-SA 4.0,downloaded,e071d1d1f59919bfcccc37d2a6c688508282b3d43b064693809da73e418eeb2c,2026-06-16T03:17:47.554467+00:00
hardneg_window_blinds_0074.jpg,window_blinds,Category:Window blinds,File:Circulo Infantil Conchita del Mar 5.jpg,https://commons.wikimedia.org/wiki/File:Circulo_Infantil_Conchita_del_Mar_5.jpg,https://upload.wikimedia.org/wikipedia/commons/thumb/5/53/Circulo_Infantil_Conchita_del_Mar_5.jpg/960px-Circulo_Infantil_Conchita_del_Mar_5.jpg,Public domain,failed,HTTPError:429 Client Error: Too many requests (f061ab2) for url: https://upload.wikimedia.org/wikipedia/commons/thumb/5/53/Circulo_Infantil_Conchita_del_Mar_5.jpg/960px-Circulo_Infantil_Conchita_del_Mar_5.jpg,2026-06-16T03:17:48.663827+00:00
hardneg_window_blinds_0075.jpg,window_blinds,Category:Window blinds,File:Closing Window Blinds.jpg,https://commons.wikimedia.org/wiki/File:Closing_Window_Blinds.jpg,https://upload.wikimedia.org/wikipedia/commons/thumb/d/d8/Closing_Window_Blinds.jpg/960px-Closing_Window_Blinds.jpg,CC BY-SA 4.0,failed,HTTPError:429 Client Error: Too Many Requests (015d12c) for url: https://upload.wikimedia.org/wikipedia/commons/thumb/d/d8/Closing_Window_Blinds.jpg/960px-Closing_Window_Blinds.jpg,2026-06-16T03:17:49.789761+00:00
hardneg_window_blinds_0076.jpg,window_blinds,Category:Window blinds,File:Colors (37703659965).jpg,https://commons.wikimedia.org/wiki/File:Colors_(37703659965).jpg,https://upload.wikimedia.org/wikipedia/commons/thumb/7/74/Colors_%2837703659965%29.jpg/960px-Colors_%2837703659965%29.jpg,CC BY 2.0,failed,"HTTPError:429 Client Error: Your request does not comply with our robot policy, https://w.wiki/4wJS. Please contact noc@wikimedia.org for further information (0fa5166) for url: https://upload.wikimedia.org/wikipedia/commons/thumb/7/74/Colors_%2837703659965%29.jpg/960px-Colors_%2837703659965%29.jpg",2026-06-16T03:17:50.982701+00:00
hardneg_window_blinds_0077.png,window_blinds,Category:Window blinds,File:Copy of Anthracite.png,https://commons.wikimedia.org/wiki/File:Copy_of_Anthracite.png,https://upload.wikimedia.org/wikipedia/commons/4/4d/Copy_of_Anthracite.png,CC BY-SA 4.0,failed,HTTPError:429 Client Error: Too many requests - please contact noc@wikimedia.org to discuss a less disruptive approach or instead use thumbnail images in sizes listed on https://w.wiki/GHai. (0c640b1) for url: https://upload.wikimedia.org/wikipedia/commons/4/4d/Copy_of_Anthracite.png,2026-06-16T03:17:52.151485+00:00
hardneg_window_blinds_0078.jpg,window_blinds,Category:Window blinds,File:Cortinadesplegable.jpg,https://commons.wikimedia.org/wiki/File:Cortinadesplegable.jpg,https://upload.wikimedia.org/wikipedia/commons/2/2e/Cortinadesplegable.jpg,CC BY-SA 4.0,failed,HTTPError:429 Client Error: Too many requests - please contact noc@wikimedia.org to discuss a less disruptive approach or instead use thumbnail images in sizes listed on https://w.wiki/GHai. (0c640b1) for url: https://upload.wikimedia.org/wikipedia/commons/2/2e/Cortinadesplegable.jpg,2026-06-16T03:17:53.256807+00:00
hardneg_window_blinds_0079.jpg,window_blinds,Category:Window blinds,File:Cortinas Modernas.jpg,https://commons.wikimedia.org/wiki/File:Cortinas_Modernas.jpg,https://upload.wikimedia.org/wikipedia/commons/thumb/0/0f/Cortinas_Modernas.jpg/960px-Cortinas_Modernas.jpg,CC BY-SA 3.0,failed,"HTTPError:429 Client Error: Your request does not comply with our robot policy, https://w.wiki/4wJS. Please contact noc@wikimedia.org for further information (0fa5166) for url: https://upload.wikimedia.org/wikipedia/commons/thumb/0/0f/Cortinas_Modernas.jpg/960px-Cortinas_Modernas.jpg",2026-06-16T03:17:54.390175+00:00
hardneg_window_blinds_0080.jpg,window_blinds,Category:Window blinds,File:Cozy bed by a windowsill (Unsplash).jpg,https://commons.wikimedia.org/wiki/File:Cozy_bed_by_a_windowsill_(Unsplash).jpg,https://upload.wikimedia.org/wikipedia/commons/thumb/c/c5/Cozy_bed_by_a_windowsill_%28Unsplash%29.jpg/960px-Cozy_bed_by_a_windowsill_%28Unsplash%29.jpg,CC0,failed,"HTTPError:429 Client Error: Your request does not comply with our robot policy, https://w.wiki/4wJS. Please contact noc@wikimedia.org for further information (0fa5166) for url: https://upload.wikimedia.org/wikipedia/commons/thumb/c/c5/Cozy_bed_by_a_windowsill_%28Unsplash%29.jpg/960px-Cozy_bed_by_a_windowsill_%28Unsplash%29.jpg",2026-06-16T03:17:55.513062+00:00
