relative_path,status,source_page,url,alt,sha256,bytes,source_type,license_status,target_class,notes
10_원천이미지_raw/01_직접제공_승인후보/lg_official_support_crawled/001_jhL3qflMVIbOciUHGHKOEQ.jpg,downloaded,https://www.lge.co.kr/support/solutions-1433235107665,https://gscs.lge.com/gscs/support/fileupload/downloadFile.do?fileId=jhL3qflMVIbOciUHGHKOEQ&portalId=P1,에어컨 전원스위치 조작 모습,3973617a87d9add066ccf2848784370e2dfa02e668e2bc13b2f2ce86ef70ba7d,59243,lg_official_support_public_page,official_public_support_candidate_not_explicit_training_license,filter,LG official support image candidate; verify visual relevance before Roboflow labeling
10_원천이미지_raw/01_직접제공_승인후보/lg_official_support_crawled/002_tYWNc6cwX9ls8xFJg4J7Q.jpg,downloaded,https://www.lge.co.kr/support/solutions-1433235107665,https://gscs.lge.com/gscs/support/fileupload/downloadFile.do?fileId=tYWNc6cwX9ls8xFJg4J7Q&portalId=P1,플러그 빼는 모습,93df00ed5889478090ab2cea73460781a778bcadfd195c6852da182c6f817f6c,50041,lg_official_support_public_page,official_public_support_candidate_not_explicit_training_license,filter,LG official support image candidate; verify visual relevance before Roboflow labeling
10_원천이미지_raw/01_직접제공_승인후보/lg_official_support_crawled/003_ZuSXJ0ELtSvb0Ila5WYblA.jpg,downloaded,https://www.lge.co.kr/support/solutions-1433235107665,https://gscs.lge.com/gscs/support/fileupload/downloadFile.do?fileId=ZuSXJ0ELtSvb0Ila5WYblA&portalId=P1,타입A 후크를 위로 올리며 커버를 열어주세요.,fdcbf8743d0ddce944e3cdbc527d486ec8e170e10cb0a1f2ae28cec24af3ad44,93626,lg_official_support_public_page,official_public_support_candidate_not_explicit_training_license,filter,LG official support image candidate; verify visual relevance before Roboflow labeling
10_원천이미지_raw/01_직접제공_승인후보/lg_official_support_crawled/004_SmiqIfQISRM1NDTuljayEg.jpg,downloaded,https://www.lge.co.kr/support/solutions-1433235107665,https://gscs.lge.com/gscs/support/fileupload/downloadFile.do?fileId=SmiqIfQISRM1NDTuljayEg&portalId=P1,타입B 후크를 위로 올리며 커버를 열어주세요.,ce97a58203898e09fe221109c48ab6935ae1cc91de4784099b7c0810b2992e4f,85003,lg_official_support_public_page,official_public_support_candidate_not_explicit_training_license,filter,LG official support image candidate; verify visual relevance before Roboflow labeling
10_원천이미지_raw/01_직접제공_승인후보/lg_official_support_crawled/005_L4RSY2YT6jVhVAJ65kssA.jpg,downloaded,https://www.lge.co.kr/support/solutions-1433235107665,https://gscs.lge.com/gscs/support/fileupload/downloadFile.do?fileId=L4RSY2YT6jVhVAJ65kssA&portalId=P1,타입C 후크를 전부 아래로 방향으로 하고 열어주세요.,20879b7911cb59dd133b7410b3d92b0f777aabb5066574f03d8a1a33b0a719ba,99259,lg_official_support_public_page,official_public_support_candidate_not_explicit_training_license,filter,LG official support image candidate; verify visual relevance before Roboflow labeling
10_원천이미지_raw/01_직접제공_승인후보/lg_official_support_crawled/006_3igb1km0RfHNwAB7sYID4w.jpg,downloaded,https://www.lge.co.kr/support/solutions-1433235107665,https://gscs.lge.com/gscs/support/fileupload/downloadFile.do?fileId=3igb1km0RfHNwAB7sYID4w&portalId=P1,타입D 아래쪽 틈을 벌리듯 당겨 주세요.,0f4a96874311390c2e18c23bd3fa68ee08ef07ae61f8559ca899ab794b649a0c,84699,lg_official_support_public_page,official_public_support_candidate_not_explicit_training_license,filter,LG official support image candidate; verify visual relevance before Roboflow labeling
10_원천이미지_raw/01_직접제공_승인후보/lg_official_support_crawled/007_MZqZCLqHyEIIircJIhWhtg.jpg,downloaded,https://www.lge.co.kr/support/solutions-1433235107665,https://gscs.lge.com/gscs/support/fileupload/downloadFile.do?fileId=MZqZCLqHyEIIircJIhWhtg&portalId=P1,타입E 1번 화살표가 각인된 부분 3곳을 누르세요. (딸깍 소리와 함께 공기 흡입구가 열립니다.),cf3b0a28c30cdce2c09cc87ace4b0d56edd63523a912fef2557dc1f51792e058,86958,lg_official_support_public_page,official_public_support_candidate_not_explicit_training_license,filter,LG official support image candidate; verify visual relevance before Roboflow labeling
10_원천이미지_raw/01_직접제공_승인후보/lg_official_support_crawled/008_lh8j8GeJlMF3o8h11v4A.jpg,downloaded,https://www.lge.co.kr/support/solutions-1433235107665,https://gscs.lge.com/gscs/support/fileupload/downloadFile.do?fileId=lh8j8GeJlMF3o8h11v4A&portalId=P1,고정걸이 두 곳을 눌러 프리필터를 꺼내세요.,c8f5e436a1dc44f04d1b94da2af4eda4908f61190d7363a0b981b368a9d50f2b,74399,lg_official_support_public_page,official_public_support_candidate_not_explicit_training_license,filter,LG official support image candidate; verify visual relevance before Roboflow labeling
10_원천이미지_raw/01_직접제공_승인후보/lg_official_support_crawled/009_qKo6q6lEoHdXY7fieHLjA.jpg,downloaded,https://www.lge.co.kr/support/solutions-1433235107665,https://gscs.lge.com/gscs/support/fileupload/downloadFile.do?fileId=qKo6q6lEoHdXY7fieHLjA&portalId=P1,극초미세 먼지 필터의 고정 걸이 두 곳을 눌러 극초미세 먼지 필터를 꺼내세요.,cc370004ca491a86422bc539be572da95ee4eda3819b10b85f078bf5311a7696,91592,lg_official_support_public_page,official_public_support_candidate_not_explicit_training_license,filter,LG official support image candidate; verify visual relevance before Roboflow labeling
10_원천이미지_raw/01_직접제공_승인후보/lg_official_support_crawled/010_RUd704mnRozjUtRfgCf5Q.jpg,downloaded,https://www.lge.co.kr/support/solutions-1433235107665,https://gscs.lge.com/gscs/support/fileupload/downloadFile.do?fileId=RUd704mnRozjUtRfgCf5Q&portalId=P1,광촉매 탈취필터를 잡아당겨 꺼내세요.,93772d9b914dc0da21b0c5b15f4f1c4f891f7612a7fc8acb033dc7e7b6d3e07e,61372,lg_official_support_public_page,official_public_support_candidate_not_explicit_training_license,filter,LG official support image candidate; verify visual relevance before Roboflow labeling
10_원천이미지_raw/01_직접제공_승인후보/lg_official_support_crawled/011_oyKh9GrWTeDZpSiBlqZFIQ.jpg,downloaded,https://www.lge.co.kr/support/solutions-1433235107665,https://gscs.lge.com/gscs/support/fileupload/downloadFile.do?fileId=oyKh9GrWTeDZpSiBlqZFIQ&portalId=P1,분리한 필터를 진공청소기나 부드러운 솔로 청소해 줍니다.,22fe8fed595cd501d2d54af7e3efaf86438e2cec1a37ec913fd736cf84f8d0c4,82859,lg_official_support_public_page,official_public_support_candidate_not_explicit_training_license,filter,LG official support image candidate; verify visual relevance before Roboflow labeling
10_원천이미지_raw/01_직접제공_승인후보/lg_official_support_crawled/012_4nCQpRMGPtJYki3PyHK4dg.jpg,downloaded,https://www.lge.co.kr/support/solutions-1433235107665,https://gscs.lge.com/gscs/support/fileupload/downloadFile.do?fileId=4nCQpRMGPtJYki3PyHK4dg&portalId=P1,프리필터를 바람이 잘 통하고 그늘진 곳에서 말리세요.,582b7ca4e8f29d75eb60b5d6f0889c6afba3c06c28224d69b103026276ec0163,52394,lg_official_support_public_page,official_public_support_candidate_not_explicit_training_license,filter,LG official support image candidate; verify visual relevance before Roboflow labeling
10_원천이미지_raw/01_직접제공_승인후보/lg_official_support_crawled/013_lMbBhURfkX32jAgLdDHIfw.jpg,downloaded,https://www.lge.co.kr/support/solutions-1433235107665,https://gscs.lge.com/gscs/support/fileupload/downloadFile.do?fileId=lMbBhURfkX32jAgLdDHIfw&portalId=P1,광촉매 탈취필터,84dcebba7bf1235a3c671bd5b01a183b50d56aa9efa3bdffd8218f2f802ecb45,29571,lg_official_support_public_page,official_public_support_candidate_not_explicit_training_license,filter,LG official support image candidate; verify visual relevance before Roboflow labeling
10_원천이미지_raw/01_직접제공_승인후보/lg_official_support_crawled/014_vmcCJtIY1rvwBFl6URXUoA.jpg,downloaded,https://www.lge.co.kr/support/solutions-1433235107665,https://gscs.lge.com/gscs/support/fileupload/downloadFile.do?fileId=vmcCJtIY1rvwBFl6URXUoA&portalId=P1,극초미세 먼지 필터,3cd9857e4b5313ca5746e0a39c128216a55a1f8843305025bcb68d597eb1400b,51465,lg_official_support_public_page,official_public_support_candidate_not_explicit_training_license,filter,LG official support image candidate; verify visual relevance before Roboflow labeling
10_원천이미지_raw/01_직접제공_승인후보/lg_official_support_crawled/015_7OMGUGozJyYSZZSroBwRQ.jpg,downloaded,https://www.lge.co.kr/support/solutions-20150131974657,https://gscs.lge.com/gscs/support/fileupload/downloadFile.do?fileId=7OMGUGozJyYSZZSroBwRQ&portalId=P1,칸/위너 왼쪽으로 당겨 꺼내는 모습,45336a00aa0f4ca749a8fac55a2eb7fd4d9dde6afceff615426c7f9923b944b4,59253,lg_official_support_public_page,official_public_support_candidate_not_explicit_training_license,filter,LG official support image candidate; verify visual relevance before Roboflow labeling
10_원천이미지_raw/01_직접제공_승인후보/lg_official_support_crawled/016_g3RjJsrThWf5sokIqXGoww.jpg,downloaded,https://www.lge.co.kr/support/solutions-20150131974657,https://gscs.lge.com/gscs/support/fileupload/downloadFile.do?fileId=g3RjJsrThWf5sokIqXGoww&portalId=P1,필터케이스를 왼쪽으로 당겨서 꺼낸 후 필터케이스와 3M필터를 청소 후 다시 제자리로 조립하는 모습,312a1757849789aec18d199e98a161b54bec290dac2e080cb5700a4767909183,50377,lg_official_support_public_page,official_public_support_candidate_not_explicit_training_license,filter,LG official support image candidate; verify visual relevance before Roboflow labeling
10_원천이미지_raw/01_직접제공_승인후보/lg_official_support_crawled/017_HM0DR9dJSbUR2jWfcW7Hg.jpg,downloaded,https://www.lge.co.kr/support/solutions-20150131974657,https://gscs.lge.com/gscs/support/fileupload/downloadFile.do?fileId=HM0DR9dJSbUR2jWfcW7Hg&portalId=P1,양쪽의 필터 손잡이를 당겨 필터를 분리하는 모습,e17c56223f75f96f584b8e761540f92612a151136335cdb40d72d831bd3e0e41,86484,lg_official_support_public_page,official_public_support_candidate_not_explicit_training_license,filter,LG official support image candidate; verify visual relevance before Roboflow labeling
10_원천이미지_raw/01_직접제공_승인후보/lg_official_support_crawled/018_mcPjT7TGjvTLLl6B6uEw.jpg,downloaded,https://www.lge.co.kr/support/solutions-20150131974657,https://gscs.lge.com/gscs/support/fileupload/downloadFile.do?fileId=mcPjT7TGjvTLLl6B6uEw&portalId=P1,"상하, 양쪽의 필터 손잡이를 당겨 필터를 분리하는 모습 / 극세 필터 : 물 세척 가능 / 플러스 필터 : 물 세척 금지",6d2f87d9cbf10cf15f33b410cb4899d5786a5ccacbd017df0cb5377f6fc8bc45,116463,lg_official_support_public_page,official_public_support_candidate_not_explicit_training_license,filter,LG official support image candidate; verify visual relevance before Roboflow labeling
10_원천이미지_raw/01_직접제공_승인후보/lg_official_support_crawled/019_TL8qVGvZnSKDqOzgJi3cg.jpg,downloaded,https://www.lge.co.kr/support/solutions-20150131974657,https://gscs.lge.com/gscs/support/fileupload/downloadFile.do?fileId=TL8qVGvZnSKDqOzgJi3cg&portalId=P1,필터와 극세 필터를 분리 / 극세필터 : 물 세척 가능 / 초 미세 플러스 필터 또는 스모그 탈취 필터 : 물 세척 금지 / 초 미세 플러스 필터 또는 초미세 먼지 필터 : 물 세척 금지,254bc09bab359bf2418e646a76958d946ae9f4e81c9fb7a4035db433a37030ca,140041,lg_official_support_public_page,official_public_support_candidate_not_explicit_training_license,filter,LG official support image candidate; verify visual relevance before Roboflow labeling
10_원천이미지_raw/01_직접제공_승인후보/lg_official_support_crawled/020_XYLJ2uzcTDx7CQXEbTIBBQ.jpg,downloaded,https://www.lge.co.kr/support/solutions-20150131974657,https://gscs.lge.com/gscs/support/fileupload/downloadFile.do?fileId=XYLJ2uzcTDx7CQXEbTIBBQ&portalId=P1,뷰 에어컨 후면 극세 필터를 옆으로 당겨서 꺼내는 그림,7a17dac422b524e1fa01654e718241d811becd61d4ff6cb4d3413f1fe38f5040,29786,lg_official_support_public_page,official_public_support_candidate_not_explicit_training_license,filter,LG official support image candidate; verify visual relevance before Roboflow labeling
10_원천이미지_raw/01_직접제공_승인후보/lg_official_support_crawled/021_5xUJ2xD3rz2WkRniSE0LA.jpg,downloaded,https://www.lge.co.kr/support/solutions-20150131974657,https://gscs.lge.com/gscs/support/fileupload/downloadFile.do?fileId=5xUJ2xD3rz2WkRniSE0LA&portalId=P1,뷰 에어컨 극세 필터는 물세척이 가능하고 안에 있는 알러지케어 집진 필터는 물세척이 불가능 하다는 그림,86ceb89917a7a091ebc5d1598a0f994ec01395575377f162f9b43e7dbc39934b,45177,lg_official_support_public_page,official_public_support_candidate_not_explicit_training_license,filter,LG official support image candidate; verify visual relevance before Roboflow labeling
10_원천이미지_raw/01_직접제공_승인후보/lg_official_support_crawled/022_brx90uanEvvgH1nRWK4N5Q.jpg,downloaded,https://www.lge.co.kr/support/solutions-20150131974657,https://gscs.lge.com/gscs/support/fileupload/downloadFile.do?fileId=brx90uanEvvgH1nRWK4N5Q&portalId=P1,뷰 에어컨 후면 극세 필터를 옆으로 당겨서 꺼내는 그림,2bdc1d455aafc00a57a275faf1d20ca433fc79ef8bc3d7f0af774e1305535548,28084,lg_official_support_public_page,official_public_support_candidate_not_explicit_training_license,filter,LG official support image candidate; verify visual relevance before Roboflow labeling
10_원천이미지_raw/01_직접제공_승인후보/lg_official_support_crawled/023_TdxlmmwfuFNuihH784qokQ.jpg,downloaded,https://www.lge.co.kr/support/solutions-20150131974657,https://gscs.lge.com/gscs/support/fileupload/downloadFile.do?fileId=TdxlmmwfuFNuihH784qokQ&portalId=P1,쿨 에어컨 극세 필터는 물세척이 가능하고 안에 있는 알러지케어 집진 필터는 물세척이 불가능 하다는 그림,4179602d336a6f86b996e50de3769c4fa3877c71b3299483b9b79ccf7aef5f4b,49315,lg_official_support_public_page,official_public_support_candidate_not_explicit_training_license,filter,LG official support image candidate; verify visual relevance before Roboflow labeling
10_원천이미지_raw/01_직접제공_승인후보/lg_official_support_crawled/024_JzMqBUB9JATzXL0Xx3QL3w.jpg,downloaded,https://www.lge.co.kr/support/solutions-20150131974657,https://gscs.lge.com/gscs/support/fileupload/downloadFile.do?fileId=JzMqBUB9JATzXL0Xx3QL3w&portalId=P1,A Type 에어컨의 앞면의 양쪽을 잡고 위로 열어주는 모습,6aa5b98366ac351915d75f9bcf09b66fbb8080636c2cad45127cde45a3d836ad,21404,lg_official_support_public_page,official_public_support_candidate_not_explicit_training_license,filter,LG official support image candidate; verify visual relevance before Roboflow labeling
10_원천이미지_raw/01_직접제공_승인후보/lg_official_support_crawled/025_HLN0U256jwBa2ZeTPwJldg.jpg,downloaded,https://www.lge.co.kr/support/solutions-20150131974657,https://gscs.lge.com/gscs/support/fileupload/downloadFile.do?fileId=HLN0U256jwBa2ZeTPwJldg&portalId=P1,A Type 에어컨의 필터를 아래로 당겨 꺼내는 모습,1b0ee271306d0cdbbe67f7626ee292b1f1ccffb5d914428010c7da705df77d3d,31456,lg_official_support_public_page,official_public_support_candidate_not_explicit_training_license,filter,LG official support image candidate; verify visual relevance before Roboflow labeling
10_원천이미지_raw/01_직접제공_승인후보/lg_official_support_crawled/026_xmFNCdKQlaYyplXkjwt4IQ.jpg,downloaded,https://www.lge.co.kr/support/solutions-20150131974657,https://gscs.lge.com/gscs/support/fileupload/downloadFile.do?fileId=xmFNCdKQlaYyplXkjwt4IQ&portalId=P1,B Type 에어컨의 상단 흡입부를 위로 열어주는 모습,bc4a433f007a0a2f9c5e655dd02044e3c1bdb0e72d95d03a3fc64d931b91166d,27398,lg_official_support_public_page,official_public_support_candidate_not_explicit_training_license,filter,LG official support image candidate; verify visual relevance before Roboflow labeling
10_원천이미지_raw/01_직접제공_승인후보/lg_official_support_crawled/027_NUxS1aL7gdACbAjqfwMkQ.jpg,downloaded,https://www.lge.co.kr/support/solutions-20150131974657,https://gscs.lge.com/gscs/support/fileupload/downloadFile.do?fileId=NUxS1aL7gdACbAjqfwMkQ&portalId=P1,B Type 에어컨의 상단부 필터를 위로 들어 분리하는 모습,4a5a83039f8134a7e2da9069c7517cdee38e4f957e7de4b1a26a003fde14255a,28315,lg_official_support_public_page,official_public_support_candidate_not_explicit_training_license,filter,LG official support image candidate; verify visual relevance before Roboflow labeling
10_원천이미지_raw/01_직접제공_승인후보/lg_official_support_crawled/015_7OMGUGozJyYSZZSroBwRQ.jpg,duplicate_sha,https://www.lge.co.kr/support/solutions-20150160251795,https://gscs.lge.com/gscs/support/fileupload/downloadFile.do?fileId=8Z9PreLkkSFxRKLVQBdyQ&portalId=P1,칸/위너 옆으로 필터 분리,45336a00aa0f4ca749a8fac55a2eb7fd4d9dde6afceff615426c7f9923b944b4,59253,lg_official_support_public_page,official_public_support_candidate_not_explicit_training_license,filter,LG official support image candidate; verify visual relevance before Roboflow labeling
10_원천이미지_raw/01_직접제공_승인후보/lg_official_support_crawled/029_EkhV31gZWcjZjrBzHu30g.jpg,downloaded,https://www.lge.co.kr/support/solutions-20150160251795,https://gscs.lge.com/gscs/support/fileupload/downloadFile.do?fileId=EkhV31gZWcjZjrBzHu30g&portalId=P1,"필터 교체 순서. 필터 케이스 분리, 후크를 눌러 초미세플러스필터 제거, 새 3M 필터 장착. 필터 케이스 장착.",490a5cd21fb0b1953940c2a97efbeeeef1f7f2af42bdb019d9e809c1adbcbc21,73772,lg_official_support_public_page,official_public_support_candidate_not_explicit_training_license,filter,LG official support image candidate; verify visual relevance before Roboflow labeling
10_원천이미지_raw/01_직접제공_승인후보/lg_official_support_crawled/017_HM0DR9dJSbUR2jWfcW7Hg.jpg,duplicate_sha,https://www.lge.co.kr/support/solutions-20150160251795,https://gscs.lge.com/gscs/support/fileupload/downloadFile.do?fileId=vGOkdlc7EcK1LwMhHzDIw&portalId=P1,필터를 양쪽으로 여는 모습 / 손잡이 부분을 살짝 당겨 필터 케이스를 꺼내는 모습,e17c56223f75f96f584b8e761540f92612a151136335cdb40d72d831bd3e0e41,86484,lg_official_support_public_page,official_public_support_candidate_not_explicit_training_license,filter,LG official support image candidate; verify visual relevance before Roboflow labeling
10_원천이미지_raw/01_직접제공_승인후보/lg_official_support_crawled/031_sBaU94FkNVF4VdwOpB9sAw.jpg,downloaded,https://www.lge.co.kr/support/solutions-20150160251795,https://gscs.lge.com/gscs/support/fileupload/downloadFile.do?fileId=sBaU94FkNVF4VdwOpB9sAw&portalId=P1,"초미세 미니 필터 또는 스모그 탈취 필터 물 세척 금지 / 초미세 플러스 필터 또는 초미세 먼지 필터 물 세척 금지 / 후크를 열어 가운데 필터 및 위, 아래 필터를 꺼낸 후 극세 필터가 보이고 극세 필터는 물 세척 가능",ae7229561d0e4a82f8f35e3b9d3ae078534e9c2a9fa1bf408783ec921200337f,130615,lg_official_support_public_page,official_public_support_candidate_not_explicit_training_license,filter,LG official support image candidate; verify visual relevance before Roboflow labeling
10_원천이미지_raw/01_직접제공_승인후보/lg_official_support_crawled/018_mcPjT7TGjvTLLl6B6uEw.jpg,duplicate_sha,https://www.lge.co.kr/support/solutions-20150160251795,https://gscs.lge.com/gscs/support/fileupload/downloadFile.do?fileId=iP8KFpu26CriUlD3JyvA&portalId=P1,"타워 양쪽 위아래 필터를 분리 / 극세 필터는 물세척 가능, 플러스 필터는 물 세척 금지",6d2f87d9cbf10cf15f33b410cb4899d5786a5ccacbd017df0cb5377f6fc8bc45,116463,lg_official_support_public_page,official_public_support_candidate_not_explicit_training_license,filter,LG official support image candidate; verify visual relevance before Roboflow labeling
10_원천이미지_raw/01_직접제공_승인후보/lg_official_support_crawled/020_XYLJ2uzcTDx7CQXEbTIBBQ.jpg,duplicate_sha,https://www.lge.co.kr/support/solutions-20150160251795,https://gscs.lge.com/gscs/support/fileupload/downloadFile.do?fileId=iesXtIP0mOkdDiwM3g3Qhw&portalId=P1,뷰 에어컨 후면 극세 필터를 옆으로 당겨서 꺼내는 그림,7a17dac422b524e1fa01654e718241d811becd61d4ff6cb4d3413f1fe38f5040,29786,lg_official_support_public_page,official_public_support_candidate_not_explicit_training_license,filter,LG official support image candidate; verify visual relevance before Roboflow labeling
10_원천이미지_raw/01_직접제공_승인후보/lg_official_support_crawled/021_5xUJ2xD3rz2WkRniSE0LA.jpg,duplicate_sha,https://www.lge.co.kr/support/solutions-20150160251795,https://gscs.lge.com/gscs/support/fileupload/downloadFile.do?fileId=e1ymiqRTgtkhRgJEgIJCIw&portalId=P1,뷰 에어컨 극세 필터는 물세척이 가능하고 안에 있는 알러지케어 집진 필터는 물세척이 불가능 하다는 그림,86ceb89917a7a091ebc5d1598a0f994ec01395575377f162f9b43e7dbc39934b,45177,lg_official_support_public_page,official_public_support_candidate_not_explicit_training_license,filter,LG official support image candidate; verify visual relevance before Roboflow labeling
10_원천이미지_raw/01_직접제공_승인후보/lg_official_support_crawled/022_brx90uanEvvgH1nRWK4N5Q.jpg,duplicate_sha,https://www.lge.co.kr/support/solutions-20150160251795,https://gscs.lge.com/gscs/support/fileupload/downloadFile.do?fileId=0buH4nsjL6mh3NOEx4UoHA&portalId=P1,뷰 에어컨 후면 극세 필터를 옆으로 당겨서 꺼내는 그림,2bdc1d455aafc00a57a275faf1d20ca433fc79ef8bc3d7f0af774e1305535548,28084,lg_official_support_public_page,official_public_support_candidate_not_explicit_training_license,filter,LG official support image candidate; verify visual relevance before Roboflow labeling
10_원천이미지_raw/01_직접제공_승인후보/lg_official_support_crawled/023_TdxlmmwfuFNuihH784qokQ.jpg,duplicate_sha,https://www.lge.co.kr/support/solutions-20150160251795,https://gscs.lge.com/gscs/support/fileupload/downloadFile.do?fileId=eHWjx5UyaW3ke7qD5eSmRQ&portalId=P1,쿨 에어컨 극세 필터는 물세척이 가능하고 안에 있는 알러지케어 집진 필터는 물세척이 불가능 하다는 그림,4179602d336a6f86b996e50de3769c4fa3877c71b3299483b9b79ccf7aef5f4b,49315,lg_official_support_public_page,official_public_support_candidate_not_explicit_training_license,filter,LG official support image candidate; verify visual relevance before Roboflow labeling
10_원천이미지_raw/01_직접제공_승인후보/lg_official_support_crawled/037_E3pPXd3phKIWqRuQp1g.jpg,downloaded,https://www.lge.co.kr/support/solutions-20150160251795,https://gscs.lge.com/gscs/support/fileupload/downloadFile.do?fileId=E3pPXd3phKIWqRuQp1g&portalId=P1,극세 필터,b657427571346adaabe8b8eae43dfc24044ed64c2ee8577d75c5c60499b3bcb3,24540,lg_official_support_public_page,official_public_support_candidate_not_explicit_training_license,filter,LG official support image candidate; verify visual relevance before Roboflow labeling
10_원천이미지_raw/01_직접제공_승인후보/lg_official_support_crawled/038_MBHbieq3gBT8pjGNyuxUmg.jpg,downloaded,https://www.lge.co.kr/support/solutions-20150160251795,https://gscs.lge.com/gscs/support/fileupload/downloadFile.do?fileId=MBHbieq3gBT8pjGNyuxUmg&portalId=P1,초미세 플러스 필터,894e3961e03ed0241d147b27a1d54dfa3d8eedc669bd6d12474845b0a4d91599,608520,lg_official_support_public_page,official_public_support_candidate_not_explicit_training_license,filter,LG official support image candidate; verify visual relevance before Roboflow labeling
10_원천이미지_raw/01_직접제공_승인후보/lg_official_support_crawled/039_s93ct0Gz8XmCtwygHl8IxA.jpg,downloaded,https://www.lge.co.kr/support/solutions-20150160251795,https://gscs.lge.com/gscs/support/fileupload/downloadFile.do?fileId=s93ct0Gz8XmCtwygHl8IxA&portalId=P1,초미세 미니필터,ab4f69b3ca15821c59de4ee8407a6453fa0ef8920f1d4ea2c94c69644ce70ae9,653904,lg_official_support_public_page,official_public_support_candidate_not_explicit_training_license,filter,LG official support image candidate; verify visual relevance before Roboflow labeling
10_원천이미지_raw/01_직접제공_승인후보/lg_official_support_crawled/040_z3RU1abtMi3qS2DRQmMdg.jpg,downloaded,https://www.lge.co.kr/support/solutions-20150160251795,https://gscs.lge.com/gscs/support/fileupload/downloadFile.do?fileId=z3RU1abtMi3qS2DRQmMdg&portalId=P1,탈취 필터,ac8dcb55d3b8d1fc15c6bb9c6d86ae99b1fad86c574096a9e80611cf47733c27,777256,lg_official_support_public_page,official_public_support_candidate_not_explicit_training_license,filter,LG official support image candidate; verify visual relevance before Roboflow labeling
10_원천이미지_raw/01_직접제공_승인후보/lg_official_support_crawled/041_wmCU6cQOG9umszDi0Agaww.jpg,downloaded,https://www.lge.co.kr/support/solutions-20150160251795,https://gscs.lge.com/gscs/support/fileupload/downloadFile.do?fileId=wmCU6cQOG9umszDi0Agaww&portalId=P1,플라즈마 집진 필터,7534339d62bfe763429851324618e70c1757cb8c9e169b564b91ccef101464c7,739270,lg_official_support_public_page,official_public_support_candidate_not_explicit_training_license,filter,LG official support image candidate; verify visual relevance before Roboflow labeling
10_원천이미지_raw/01_직접제공_승인후보/lg_official_support_crawled/042_gRPeFYliodiCw7U8UmQzg.jpg,downloaded,https://www.lge.co.kr/support/solutions-20150160251795,https://gscs.lge.com/gscs/support/fileupload/downloadFile.do?fileId=gRPeFYliodiCw7U8UmQzg&portalId=P1,집진 필터,eb73c9d1cb35ce287d2b430751567962652528e4f3bf8d724d222ca71400c3cd,45571,lg_official_support_public_page,official_public_support_candidate_not_explicit_training_license,filter,LG official support image candidate; verify visual relevance before Roboflow labeling
10_원천이미지_raw/01_직접제공_승인후보/lg_official_support_crawled/043_CYfUaCPKDZkbFewB3OjoAA.jpg,downloaded,https://www.lge.co.kr/support/solutions-20150297260085,https://gscs.lge.com/gscs/support/fileupload/downloadFile.do?fileId=CYfUaCPKDZkbFewB3OjoAA&portalId=P1),,6ec370cd2664ea7c86805f3eabf28d189bb563675b4fad4ff1c5628a1559542f,5142,lg_official_support_public_page,official_public_support_candidate_not_explicit_training_license,filter,LG official support image candidate; verify visual relevance before Roboflow labeling
10_원천이미지_raw/01_직접제공_승인후보/lg_official_support_crawled/044_81CJtgOoS8EBzjcpk4oCvA.jpg,downloaded,https://www.lge.co.kr/support/solutions-20150297260085,https://gscs.lge.com/gscs/support/fileupload/downloadFile.do?fileId=81CJtgOoS8EBzjcpk4oCvA&portalId=P1),,9d3ef65bbd7649e6ddf7271c35db4b3d702805892511d4d99536de48b1a386d3,16062,lg_official_support_public_page,official_public_support_candidate_not_explicit_training_license,filter,LG official support image candidate; verify visual relevance before Roboflow labeling
10_원천이미지_raw/01_직접제공_승인후보/lg_official_support_crawled/045_e6Br68S0ipa4zVZ3ZhqQ.jpg,downloaded,https://www.lge.co.kr/support/solutions-20150297260085,https://gscs.lge.com/gscs/support/fileupload/downloadFile.do?fileId=e6Br68S0ipa4zVZ3ZhqQ&portalId=P1);background-size:100%;},,5f56a2d02dd7e0be50edaa9234628db2c16ab2f902abbb159e7294b5ac57ab31,8183,lg_official_support_public_page,official_public_support_candidate_not_explicit_training_license,filter,LG official support image candidate; verify visual relevance before Roboflow labeling
10_원천이미지_raw/01_직접제공_승인후보/lg_official_support_crawled/046_cSrRVKKz6eHJNHzIRgzWA.jpg,downloaded,https://www.lge.co.kr/support/solutions-20150297260085,https://gscs.lge.com/gscs/support/fileupload/downloadFile.do?fileId=cSrRVKKz6eHJNHzIRgzWA&portalId=P1);},,9fb6715d09f4df55622a8e54ce18c14b269427f9cba3ffa68dab3fc2592f04bd,7409,lg_official_support_public_page,official_public_support_candidate_not_explicit_training_license,filter,LG official support image candidate; verify visual relevance before Roboflow labeling
10_원천이미지_raw/01_직접제공_승인후보/lg_official_support_crawled/047_Ut86lQxtr7IjBAsNzT427w.jpg,downloaded,https://www.lge.co.kr/support/solutions-20150297260085,https://gscs.lge.com/gscs/support/fileupload/downloadFile.do?fileId=Ut86lQxtr7IjBAsNzT427w&portalId=P1),,f2d2a9acd8cc40591846937c5846990e797fc728b6409a59f08f2c635012e8d3,3604,lg_official_support_public_page,official_public_support_candidate_not_explicit_training_license,filter,LG official support image candidate; verify visual relevance before Roboflow labeling
10_원천이미지_raw/01_직접제공_승인후보/lg_official_support_crawled/048_G4N8hGn6nUhnYwrSvODsw.jpg,downloaded,https://www.lge.co.kr/support/solutions-20150297260085,https://gscs.lge.com/gscs/support/fileupload/downloadFile.do?fileId=G4N8hGn6nUhnYwrSvODsw&portalId=P1),,d1830abe2188d0f780d9ca6dbc64721e75303aec7bb934bf405ffb2a687dbd3e,68913,lg_official_support_public_page,official_public_support_candidate_not_explicit_training_license,filter,LG official support image candidate; verify visual relevance before Roboflow labeling
10_원천이미지_raw/01_직접제공_승인후보/lg_official_support_crawled/049_Xw5rvb0UTyjfo1LwHfIJ7w.jpg,downloaded,https://www.lge.co.kr/support/solutions-20150297260085,https://gscs.lge.com/gscs/support/fileupload/downloadFile.do?fileId=Xw5rvb0UTyjfo1LwHfIJ7w&portalId=P1),,262a4585f3c94f14cd26fd92f4d74f6e221d03b599d8fc039d6ef9a08ee71eee,17912,lg_official_support_public_page,official_public_support_candidate_not_explicit_training_license,filter,LG official support image candidate; verify visual relevance before Roboflow labeling
10_원천이미지_raw/01_직접제공_승인후보/lg_official_support_crawled/050_qJ5OsI2rgJ1U28G8j18yZA.jpg,downloaded,https://www.lge.co.kr/support/solutions-20155004691164,https://gscs.lge.com/gscs/support/fileupload/downloadFile.do?fileId=qJ5OsI2rgJ1U28G8j18yZA&portalId=P1,1. 극세 필터 덮개 분리하기 2. 극세 필터 분리하기 3. 극세 필터 청소하기 4. 극세 필터 건조하기,79927d38ae38f677029b0ef889795f379514501240172fb5839f1f67a6ab2a95,78180,lg_official_support_public_page,official_public_support_candidate_not_explicit_training_license,filter,LG official support image candidate; verify visual relevance before Roboflow labeling
10_원천이미지_raw/01_직접제공_승인후보/lg_official_support_crawled/051_HNXDwm0vCALJl916RZmKzw.jpg,downloaded,https://www.lge.co.kr/support/solutions-20155004691164,https://gscs.lge.com/gscs/support/fileupload/downloadFile.do?fileId=HNXDwm0vCALJl916RZmKzw&portalId=P1,창문형 에어컨의 극세 필터 덮개 및 극세 필터를 분리한 후 물로 세척하고 그늘에 말리는 그림,6e5ee494c08c0f801cbf207f3dfc4c41d7d3f02e91895cd8d71c2079ed88dafd,119189,lg_official_support_public_page,official_public_support_candidate_not_explicit_training_license,filter,LG official support image candidate; verify visual relevance before Roboflow labeling
10_원천이미지_raw/01_직접제공_승인후보/lg_official_support_crawled/052_3biFfv2xSOboSVQ2pyzS6g.jpg,downloaded,https://www.lge.co.kr/support/solutions-20155004691164,https://gscs.lge.com/gscs/support/fileupload/downloadFile.do?fileId=3biFfv2xSOboSVQ2pyzS6g&portalId=P1,싱글 호스 이동식 에어컨의 극세 필터 덮개 및 극세 필터를 분리한 후 물로 세척하고 그늘에 말리는 그림,16fe97b2a2a30d3eb39bc9063e3c818c4f428bc83f42a1fdac277f52aecb802e,148045,lg_official_support_public_page,official_public_support_candidate_not_explicit_training_license,filter,LG official support image candidate; verify visual relevance before Roboflow labeling
10_원천이미지_raw/01_직접제공_승인후보/lg_official_support_crawled/053_KABgf0Wrx55dWiZN53z1LQ.jpg,downloaded,https://www.lge.co.kr/support/solutions-20155004691164,https://gscs.lge.com/gscs/support/fileupload/downloadFile.do?fileId=KABgf0Wrx55dWiZN53z1LQ&portalId=P1,듀얼 호스 이동식 에어컨의 호스 아래 나사를 제거 후 필터를 분리한 후 물로 세척하고 그늘에 말리는 그림,05a4e671f3cba889457dfce1536ddcb6a03bdda6476d2efd5c91fe02876a81c2,154246,lg_official_support_public_page,official_public_support_candidate_not_explicit_training_license,filter,LG official support image candidate; verify visual relevance before Roboflow labeling
10_원천이미지_raw/01_직접제공_승인후보/lg_official_support_crawled/054_C0LmTYIVxtAkAwXtplMzg.jpg,downloaded,https://www.lge.co.kr/support/video-tutorials-20150104467528,https://gscs.lge.com/gscs/support/fileupload/downloadFile.do?fileId=C0LmTYIVxtAkAwXtplMzg&portalId=P1,전면 그릴의 도어락 2개를 누르는 모습,35b9a958e7d01f69756af58d9ad7d35c932ee41ac3bf2b3430b72382fb0d62cf,35510,lg_official_support_public_page,official_public_support_candidate_not_explicit_training_license,filter,LG official support image candidate; verify visual relevance before Roboflow labeling
10_원천이미지_raw/01_직접제공_승인후보/lg_official_support_crawled/055_Kj8YB6QZZNjn3FlAWLsaw.jpg,downloaded,https://www.lge.co.kr/support/video-tutorials-20150104467528,https://gscs.lge.com/gscs/support/fileupload/downloadFile.do?fileId=Kj8YB6QZZNjn3FlAWLsaw&portalId=P1,전면 그릴이 열린 상태에서 필터를 분리하는 모습,e36bbc4d8e1288a4522cb8b568ad896155ae24ae1b7348a45c5a92d28611ea96,42891,lg_official_support_public_page,official_public_support_candidate_not_explicit_training_license,filter,LG official support image candidate; verify visual relevance before Roboflow labeling
10_원천이미지_raw/01_직접제공_승인후보/lg_official_support_crawled/056_PmndSXXAWosyZsPtEJt2g.jpg,downloaded,https://www.lge.co.kr/support/video-tutorials-20150104467528,https://gscs.lge.com/gscs/support/fileupload/downloadFile.do?fileId=PmndSXXAWosyZsPtEJt2g&portalId=P1,"분리한 필터를 부드러운 솔로 청소를 하거나, 중성세제를 탄  물에 청소하는 모습",86010f73055858ffe3cc0ef4fc01473e78b9c757bc45e119cb0fd81cd007ad8a,28708,lg_official_support_public_page,official_public_support_candidate_not_explicit_training_license,filter,LG official support image candidate; verify visual relevance before Roboflow labeling
10_원천이미지_raw/01_직접제공_승인후보/lg_official_support_crawled/057_c1VrEou5V1LaSQBxBC7aQ.jpg,downloaded,https://www.lge.co.kr/support/video-tutorials-20150104467528,https://gscs.lge.com/gscs/support/fileupload/downloadFile.do?fileId=c1VrEou5V1LaSQBxBC7aQ&portalId=P1,전면 그릴의 뒤쪽연결고리를 제품에 거는 모습,bb1ece1140c36e5249b3c73658733b991954e1542ee72f8d47d2092ee6bc7583,37844,lg_official_support_public_page,official_public_support_candidate_not_explicit_training_license,filter,LG official support image candidate; verify visual relevance before Roboflow labeling
10_원천이미지_raw/01_직접제공_승인후보/lg_official_support_crawled/058_L992R2SpIawJkeC3JfAw.jpg,downloaded,https://www.lge.co.kr/support/solutions-1780456,https://gscs.lge.com/gscs/support/fileupload/downloadFile.do?fileId=L992R2SpIawJkeC3JfAw&portalId=P1,A 타입 : 위로 커버를 연 후 앞으로 당겨서 분리 / B 타입 : 상부에 있는 필터 손잡이를 잡고 위로 올려 필터를 분리,65ae74c7388d3193ebf956d6c5ca649b974395abb1e7157a3805beaec4c4f9bf,71885,lg_official_support_public_page,official_public_support_candidate_not_explicit_training_license,filter,LG official support image candidate; verify visual relevance before Roboflow labeling
10_원천이미지_raw/01_직접제공_승인후보/lg_official_support_crawled/059_MwADSzmHef8decZf8IP3Q.jpg,downloaded,https://www.lge.co.kr/support/solutions-1780456,https://gscs.lge.com/gscs/support/fileupload/downloadFile.do?fileId=MwADSzmHef8decZf8IP3Q&portalId=P1,진공청소기나 부드러운 솔로 청소해 주세요. (오염이 심할 때는 물로 씻어주세요.),92e4fc2f91d26f876bd8f9732af26d28c93387df25ac791d2557854ef8accb26,68513,lg_official_support_public_page,official_public_support_candidate_not_explicit_training_license,filter,LG official support image candidate; verify visual relevance before Roboflow labeling
10_원천이미지_raw/01_직접제공_승인후보/lg_official_support_crawled/060_AqvvU9USz4YwZGjjaUdvAA.jpg,downloaded,https://www.lge.co.kr/support/solutions-1780456,https://gscs.lge.com/gscs/support/fileupload/downloadFile.do?fileId=AqvvU9USz4YwZGjjaUdvAA&portalId=P1,전면 패널을 양손으로 잡고 당겨 고정 링크로 고정합니다.,cb8bb791ef0cd142de23856d2a74d2431a4f76ed1f3888aa0efebabc9bacde46,69679,lg_official_support_public_page,official_public_support_candidate_not_explicit_training_license,filter,LG official support image candidate; verify visual relevance before Roboflow labeling
10_원천이미지_raw/01_직접제공_승인후보/lg_official_support_crawled/061_kWqXaRvmWGUNpQjvSvfnw.jpg,downloaded,https://www.lge.co.kr/support/solutions-1780456,https://gscs.lge.com/gscs/support/fileupload/downloadFile.do?fileId=kWqXaRvmWGUNpQjvSvfnw&portalId=P1,향균 필터를 빼서 진공 청소기나 부드러운 솔로 청소 후 그늘에서 잘 말립니다.,7244068de2133c11ccb4444f26b8534f154c53e20eb9a69c592b490e8efbb721,64561,lg_official_support_public_page,official_public_support_candidate_not_explicit_training_license,filter,LG official support image candidate; verify visual relevance before Roboflow labeling
10_원천이미지_raw/01_직접제공_승인후보/lg_official_support_crawled/062_eIMOYTnTTi5t8zbvJhOPJQ.jpg,downloaded,https://www.lge.co.kr/support/solutions-1780456,https://gscs.lge.com/gscs/support/fileupload/downloadFile.do?fileId=eIMOYTnTTi5t8zbvJhOPJQ&portalId=P1,"TVF 필터, 3중 필터를 빼내 진공 청소기나 솔로 청소합니다.",310ddeed25856aa7d5bc9f2981271e9a6e48b883ce2f4e1746d9190f225e3020,88750,lg_official_support_public_page,official_public_support_candidate_not_explicit_training_license,filter,LG official support image candidate; verify visual relevance before Roboflow labeling
10_원천이미지_raw/01_직접제공_승인후보/lg_official_support_crawled/063_RE75478c33pn8ZT7HvWMiw.jpg,downloaded,https://www.lge.co.kr/support/solutions-1780456,https://gscs.lge.com/gscs/support/fileupload/downloadFile.do?fileId=RE75478c33pn8ZT7HvWMiw&portalId=P1,필터열기 버튼을 누른 후 열림 스위치를 우측으로 밀면서 전면 패널을 엽니다.,31428fc73ad3a8b88c9c0f4d71e7f030ad6063a1dad95c5fa270bbf791069cd9,93728,lg_official_support_public_page,official_public_support_candidate_not_explicit_training_license,filter,LG official support image candidate; verify visual relevance before Roboflow labeling
10_원천이미지_raw/01_직접제공_승인후보/lg_official_support_crawled/064_3Sfq4wUFMm0gGDJ6FMmZMA.jpg,downloaded,https://www.lge.co.kr/support/solutions-1780456,https://gscs.lge.com/gscs/support/fileupload/downloadFile.do?fileId=3Sfq4wUFMm0gGDJ6FMmZMA&portalId=P1,향균 필터를 잡아 밑으로 빼서 청소한 후 그늘에 잘 말립니다.,70fabba562043abe748ad5c9fd7f695363e727372b2ae83b8f3748db4f99d358,71868,lg_official_support_public_page,official_public_support_candidate_not_explicit_training_license,filter,LG official support image candidate; verify visual relevance before Roboflow labeling
10_원천이미지_raw/01_직접제공_승인후보/lg_official_support_crawled/065_iRH9fKxoVXW2jflGh90A.jpg,downloaded,https://www.lge.co.kr/support/solutions-1780456,https://gscs.lge.com/gscs/support/fileupload/downloadFile.do?fileId=iRH9fKxoVXW2jflGh90A&portalId=P1,"TVF 필터, 3중 필터를 빼내 진공 청소기나 부드러운 솔로 청소합니다.",e40e4ff42fec0c6bfa8e61bf0368a5b7cda2b210948602e5df4b7ca8207ae784,92047,lg_official_support_public_page,official_public_support_candidate_not_explicit_training_license,filter,LG official support image candidate; verify visual relevance before Roboflow labeling
10_원천이미지_raw/01_직접제공_승인후보/lg_official_support_crawled/066_utr7p60412x1rt8Xur7oQ.jpg,downloaded,https://www.lge.co.kr/support/solutions-1433237910132,https://gscs.lge.com/gscs/support/fileupload/downloadFile.do?fileId=utr7p60412x1rt8Xur7oQ&portalId=P1,천장 매립형 덕트 에어컨 공기 흡입구 커버를 내려 필터를 분리하는 모습,f457e4bd81a92d31b0d3e64b5df47ee8a476608cd94f197bc2f8cca0fd93fadc,108042,lg_official_support_public_page,official_public_support_candidate_not_explicit_training_license,filter,LG official support image candidate; verify visual relevance before Roboflow labeling
10_원천이미지_raw/01_직접제공_승인후보/lg_official_support_crawled/067_7S9aUnfyuz66JAYmABhag.jpg,downloaded,https://www.lge.co.kr/support/solutions-1433237910132,https://gscs.lge.com/gscs/support/fileupload/downloadFile.do?fileId=7S9aUnfyuz66JAYmABhag&portalId=P1,천장 매립형 덕트 에어컨 필터를 부드러운 솔로 청소하거나 중성세제를 이용해 물로 씻는 모습,e640bbffb8cb710c517bdc35abebd8e1a3ab804cc485192151ba48ef432b0aa0,84180,lg_official_support_public_page,official_public_support_candidate_not_explicit_training_license,filter,LG official support image candidate; verify visual relevance before Roboflow labeling
10_원천이미지_raw/01_직접제공_승인후보/lg_official_support_crawled/068_X5RctO93j4DA6xeWqCkxkw.jpg,downloaded,https://www.lge.co.kr/support/solutions-1433237910132,https://gscs.lge.com/gscs/support/fileupload/downloadFile.do?fileId=X5RctO93j4DA6xeWqCkxkw&portalId=P1,천장 매립형 덕트 에어컨의 청소된 필터를 그늘에 말리는 모습,3b399c17ddf076fa3053157880b80304ee063d0823790274695b9f60bcd7050c,53776,lg_official_support_public_page,official_public_support_candidate_not_explicit_training_license,filter,LG official support image candidate; verify visual relevance before Roboflow labeling
10_원천이미지_raw/01_직접제공_승인후보/lg_official_support_crawled/069_gSZiezeWoPKYslkhuMMwiA.jpg,downloaded,https://www.lge.co.kr/support/video-tutorials-1417068665197,https://gscs.lge.com/gscs/support/fileupload/downloadFile.do?fileId=gSZiezeWoPKYslkhuMMwiA&portalId=P1,"기능설정 리스트에서 필터 상태 확인 및 초기화 항목을
선택한 다음 OK버튼을 누르면, 상세 화면으로이동",bb3a967631e9190818c456cde05bc8f6b272a1921778f901fc0885beab561695,49107,lg_official_support_public_page,official_public_support_candidate_not_explicit_training_license,filter,LG official support image candidate; verify visual relevance before Roboflow labeling
10_원천이미지_raw/01_직접제공_승인후보/lg_official_support_crawled/070_WAi9Hc1hZL3SrVmmYSwUA.jpg,downloaded,https://www.lge.co.kr/support/video-tutorials-1417068665197,https://gscs.lge.com/gscs/support/fileupload/downloadFile.do?fileId=WAi9Hc1hZL3SrVmmYSwUA&portalId=P1,청정관리 메뉴,bef2323582148b918af01e1ea60317515641838535c8700c4a7a276c2f4bcfd5,23306,lg_official_support_public_page,official_public_support_candidate_not_explicit_training_license,filter,LG official support image candidate; verify visual relevance before Roboflow labeling
10_원천이미지_raw/01_직접제공_승인후보/lg_official_support_crawled/071_FajHuXYbCIveX3A5WqMVCA.jpg,downloaded,https://www.lge.co.kr/support/video-tutorials-1417068665197,https://gscs.lge.com/gscs/support/fileupload/downloadFile.do?fileId=FajHuXYbCIveX3A5WqMVCA&portalId=P1,"좌우버튼키를 통해 UVnano팬살균, 자동건조, 필터알림 초기화",a6d6d3923ab2ebe7a2441bbf53edd53b7867e099a5332effa868ade1f83b77ba,30716,lg_official_support_public_page,official_public_support_candidate_not_explicit_training_license,filter,LG official support image candidate; verify visual relevance before Roboflow labeling
10_원천이미지_raw/01_직접제공_승인후보/lg_official_support_crawled/072_6NF7pzzX5DH96hEA7qRHhw.jpg,downloaded,https://www.lge.co.kr/support/video-tutorials-1417068665197,https://gscs.lge.com/gscs/support/fileupload/downloadFile.do?fileId=6NF7pzzX5DH96hEA7qRHhw&portalId=P1,초기화 메뉴,16a492f6edde3ef2a961e3d11c7887b95dce27709681962a2db37b515f0d3b1a,20941,lg_official_support_public_page,official_public_support_candidate_not_explicit_training_license,filter,LG official support image candidate; verify visual relevance before Roboflow labeling
10_원천이미지_raw/01_직접제공_승인후보/lg_official_support_crawled/073_aVrPDTgj4HFxJMoEDuPoA.jpg,downloaded,https://www.lge.co.kr/support/video-tutorials-1417068665197,https://gscs.lge.com/gscs/support/fileupload/downloadFile.do?fileId=aVrPDTgj4HFxJMoEDuPoA&portalId=P1,천장형 에어컨 무선 리모컨 디럭스 타입의 설정 버튼 위치 그림,6f972734dc07adf39e10533ebecf41d691b025e801c36eebaf4910f7491371e8,103367,lg_official_support_public_page,official_public_support_candidate_not_explicit_training_license,filter,LG official support image candidate; verify visual relevance before Roboflow labeling
10_원천이미지_raw/01_직접제공_승인후보/lg_official_support_crawled/074_5HsmJAcKiyoiy1tkFYgZdA.jpg,downloaded,https://www.lge.co.kr/support/video-tutorials-1417068665197,https://gscs.lge.com/gscs/support/fileupload/downloadFile.do?fileId=5HsmJAcKiyoiy1tkFYgZdA&portalId=P1,천장형 에어컨 무선 리모컨 베이직의 절전 버튼과 바람 선택 버튼을 동시에 3초 이상 누르는 그림,810bec1a890f29b6fb69970bc38e997d1a2f255c09c6d84bcfe65781ed1cef15,66967,lg_official_support_public_page,official_public_support_candidate_not_explicit_training_license,filter,LG official support image candidate; verify visual relevance before Roboflow labeling
10_원천이미지_raw/01_직접제공_승인후보/lg_official_support_crawled/075_nYTAQ7WwqG184Q0Kc8f4sw.jpg,downloaded,https://www.lge.co.kr/support/video-tutorials-1433237647090,https://gscs.lge.com/gscs/support/fileupload/downloadFile.do?fileId=nYTAQ7WwqG184Q0Kc8f4sw&portalId=P1,전면 그릴의 고정걸이를 누르고 내리는 모습,a30c114dee5135ab0c90628f5b33c898ff568cda9ddb8e7c0b5ef97a4df37b4d,103355,lg_official_support_public_page,official_public_support_candidate_not_explicit_training_license,filter,LG official support image candidate; verify visual relevance before Roboflow labeling
10_원천이미지_raw/01_직접제공_승인후보/lg_official_support_crawled/076_hL3pYRqklJGailIf9SExHg.jpg,downloaded,https://www.lge.co.kr/support/video-tutorials-1433237647090,https://gscs.lge.com/gscs/support/fileupload/downloadFile.do?fileId=hL3pYRqklJGailIf9SExHg&portalId=P1,"분리한 필터를 부드러운 솔로 청소를 하거나, 중성세제를 탄  물에 청소하는 모습",dc2fd73fd0e0ed27bdfb1325be0e649610be0863d3c0eb7ee755e5c0c0f34531,73427,lg_official_support_public_page,official_public_support_candidate_not_explicit_training_license,filter,LG official support image candidate; verify visual relevance before Roboflow labeling
10_원천이미지_raw/01_직접제공_승인후보/lg_official_support_crawled/077_YPaPluW92ze5xKxjJRAJw.jpg,downloaded,https://www.lge.co.kr/support/video-tutorials-1433237647090,https://gscs.lge.com/gscs/support/fileupload/downloadFile.do?fileId=YPaPluW92ze5xKxjJRAJw&portalId=P1,전면 그릴에 필터를 조립 후 닫아주는 모습,2b06787cc1c91aeed554862ba47ecf9c91ac1a49ff2d130e002eb06c484eb1b6,97436,lg_official_support_public_page,official_public_support_candidate_not_explicit_training_license,filter,LG official support image candidate; verify visual relevance before Roboflow labeling
10_원천이미지_raw/01_직접제공_승인후보/lg_official_support_crawled/078_PHw5zzN25meLirHv9Eqbkg.jpg,downloaded,https://www.lge.co.kr/support/solutions-20151624946326,https://gscs.lge.com/gscs/support/fileupload/downloadFile.do?fileId=PHw5zzN25meLirHv9Eqbkg&portalId=P1,"LG스탠드에어컨 칸/위너는 왼쪽으로 탈착, 듀얼은 양쪽으로 각각 탈착, 타워도 위아래 왼쪽과 위아래 오른쪽으로 각각 탈착",aa530b81ecbd72cda37beeb8e16550b7e111d37c0f482f59014b266933e04f15,118921,lg_official_support_public_page,official_public_support_candidate_not_explicit_training_license,filter,LG official support image candidate; verify visual relevance before Roboflow labeling
10_원천이미지_raw/01_직접제공_승인후보/lg_official_support_crawled/079_wAgl7qHOvmHCmCDz6R2LA.jpg,downloaded,https://www.lge.co.kr/support/solutions-20151624946326,https://gscs.lge.com/gscs/support/fileupload/downloadFile.do?fileId=wAgl7qHOvmHCmCDz6R2LA&portalId=P1,LG벽걸이에어컨 A Type은 덮개를 위로 들어올려서 필터를 꺼내는 방법 / B Type은 상부 뚜껑을 위로 들어올려서 뺀다음 필터를 꺼내는 방법,82b6f1b07ccc84320dee2f4e81eb3affbe2b3a31258dc845c9ac544962ba56d9,81856,lg_official_support_public_page,official_public_support_candidate_not_explicit_training_license,filter,LG official support image candidate; verify visual relevance before Roboflow labeling
10_원천이미지_raw/01_직접제공_승인후보/lg_official_support_crawled/080_k9los4dZJILqDpQLzqCFg.jpg,downloaded,https://www.lge.co.kr/support/solutions-20152649118201,https://gscs.lge.com/gscs/support/fileupload/downloadFile.do?fileId=k9los4dZJILqDpQLzqCFg&portalId=P1,극초미세 먼지필터,9f90d60c247faa415cc99e8d7ede6e9a40fb068848f9377d699b3ff3ae949f6b,49591,lg_official_support_public_page,official_public_support_candidate_not_explicit_training_license,filter,LG official support image candidate; verify visual relevance before Roboflow labeling
10_원천이미지_raw/01_직접제공_승인후보/lg_official_support_crawled/081_35UaqWkp5KHGWHcGKTU2eg.jpg,downloaded,https://www.lge.co.kr/support/solutions-20152649118201,https://gscs.lge.com/gscs/support/fileupload/downloadFile.do?fileId=35UaqWkp5KHGWHcGKTU2eg&portalId=P1,광촉매 탈취필터,9ad083ca004d5ee2ac5750260394835fb5859e8783ed87b6455640028aa06a62,32725,lg_official_support_public_page,official_public_support_candidate_not_explicit_training_license,filter,LG official support image candidate; verify visual relevance before Roboflow labeling
10_원천이미지_raw/01_직접제공_승인후보/lg_official_support_crawled/082_DpmU2vO9ihO6yB830aRusA.jpg,downloaded,https://www.lge.co.kr/support/solutions-20152649118201,https://gscs.lge.com/gscs/support/fileupload/downloadFile.do?fileId=DpmU2vO9ihO6yB830aRusA&portalId=P1,프론트 판넬 양측 각인을 확인,3367928c6799714983154926dad559f780c4c032c8fa57fceebbd598a93a3bcc,71717,lg_official_support_public_page,official_public_support_candidate_not_explicit_training_license,filter,LG official support image candidate; verify visual relevance before Roboflow labeling
10_원천이미지_raw/01_직접제공_승인후보/lg_official_support_crawled/083_Rg0dZaqMUDud3F6wODjg.jpg,downloaded,https://www.lge.co.kr/support/solutions-20152649118201,https://gscs.lge.com/gscs/support/fileupload/downloadFile.do?fileId=Rg0dZaqMUDud3F6wODjg&portalId=P1,직사각형 모델 필터의 화살표 각인 3곳,7d49d7bf8d91199ad5794c1320226ec9fc7ff8ec611ae8d527eeac8b7e68b1e2,77980,lg_official_support_public_page,official_public_support_candidate_not_explicit_training_license,filter,LG official support image candidate; verify visual relevance before Roboflow labeling
10_원천이미지_raw/01_직접제공_승인후보/lg_official_support_crawled/084_5zIdI06Hhlfx8vUPf1YfNg.jpg,downloaded,https://www.lge.co.kr/support/solutions-20152649118201,https://gscs.lge.com/gscs/support/fileupload/downloadFile.do?fileId=5zIdI06Hhlfx8vUPf1YfNg&portalId=P1,필터 케이스 거치대에서 손잡이 부분을 잡고 화살표 방향으로 당겨 극 초미세 먼지 필터를 분리,10c64c9987643e51939e270ffb55e0594257dd8247db1f64608140f7e3a55241,141169,lg_official_support_public_page,official_public_support_candidate_not_explicit_training_license,filter,LG official support image candidate; verify visual relevance before Roboflow labeling
10_원천이미지_raw/01_직접제공_승인후보/lg_official_support_crawled/085_yxVuV9qL2FFIAJRWshPXUQ.jpg,downloaded,https://www.lge.co.kr/support/solutions-20152649118201,https://gscs.lge.com/gscs/support/fileupload/downloadFile.do?fileId=yxVuV9qL2FFIAJRWshPXUQ&portalId=P1,극 초미세 먼지 필터를 분리,52b1711a63663133f2eb08495a434fd38624766df69971305beac60a6c4f2ba1,143690,lg_official_support_public_page,official_public_support_candidate_not_explicit_training_license,filter,LG official support image candidate; verify visual relevance before Roboflow labeling
10_원천이미지_raw/01_직접제공_승인후보/lg_official_support_crawled/086_xoYEWn8bff54vrySR7zcYQ.jpg,downloaded,https://www.lge.co.kr/support/solutions-20152649118201,https://gscs.lge.com/gscs/support/fileupload/downloadFile.do?fileId=xoYEWn8bff54vrySR7zcYQ&portalId=P1,Type1: 손잡이를 당겨 광촉매 탈취필터를 분리,5af12ea1d477ab5a07da824b944cd25dd91380c4d584e7fce7b97521a459f6c3,132598,lg_official_support_public_page,official_public_support_candidate_not_explicit_training_license,filter,LG official support image candidate; verify visual relevance before Roboflow labeling
10_원천이미지_raw/01_직접제공_승인후보/lg_official_support_crawled/087_G7XDwjI16LyZ6GN3NwoVg.jpg,downloaded,https://www.lge.co.kr/support/solutions-20152649118201,https://gscs.lge.com/gscs/support/fileupload/downloadFile.do?fileId=G7XDwjI16LyZ6GN3NwoVg&portalId=P1,Type2: 손잡이를 당겨 광촉매 탈취필터를 분리,e257ad9f82fc81985828cf8ccbcaa85c3fb01a6ce649730785b831705f7b8d07,84340,lg_official_support_public_page,official_public_support_candidate_not_explicit_training_license,filter,LG official support image candidate; verify visual relevance before Roboflow labeling
10_원천이미지_raw/01_직접제공_승인후보/lg_official_support_crawled/088_Ie8oV4TSTBNawkdjjTgtQ.jpg,downloaded,https://www.lge.co.kr/support/solutions-20152649118201,https://gscs.lge.com/gscs/support/fileupload/downloadFile.do?fileId=Ie8oV4TSTBNawkdjjTgtQ&portalId=P1,양쪽에 있는 고정 걸이를 누르고 전면 그릴을 여는 모습,38ab093ca026bbb3e48d476c0db9353d670a7d79e3de382c16e5f7900c6eab05,133102,lg_official_support_public_page,official_public_support_candidate_not_explicit_training_license,filter,LG official support image candidate; verify visual relevance before Roboflow labeling
10_원천이미지_raw/01_직접제공_승인후보/lg_official_support_crawled/089_R0CkCR10GfCE3bqOC2EEg.jpg,downloaded,https://www.lge.co.kr/support/solutions-20152649118201,https://gscs.lge.com/gscs/support/fileupload/downloadFile.do?fileId=R0CkCR10GfCE3bqOC2EEg&portalId=P1,고정 걸이를 눌러 극 초미세 먼지 필터를 분리,bb3b0c78be6fab4151e4a6f7c3134817fad098946e49d231d984bfc511e1ff9e,145274,lg_official_support_public_page,official_public_support_candidate_not_explicit_training_license,filter,LG official support image candidate; verify visual relevance before Roboflow labeling
10_원천이미지_raw/01_직접제공_승인후보/lg_official_support_crawled/090_OjpvLgYIqv66nJrjKHY1g.jpg,downloaded,https://www.lge.co.kr/support/solutions-20152649118201,https://gscs.lge.com/gscs/support/fileupload/downloadFile.do?fileId=OjpvLgYIqv66nJrjKHY1g&portalId=P1,분리된 극 초미세 먼지 필터 뒤쪽 광촉매 탈취필터는 위쪽으로 당겨 분리,3e40c33fc2b15ec863a032d27e80c8d3435a5859b83b21269c9ab92fd33fe4ad,104241,lg_official_support_public_page,official_public_support_candidate_not_explicit_training_license,filter,LG official support image candidate; verify visual relevance before Roboflow labeling
10_원천이미지_raw/01_직접제공_승인후보/lg_official_support_crawled/091_1mSecCywWAJFKEIYhefAQ.jpg,downloaded,https://www.lge.co.kr/support/solutions-20152649118201,https://gscs.lge.com/gscs/support/fileupload/downloadFile.do?fileId=1mSecCywWAJFKEIYhefAQ&portalId=P1,양쪽에 있는 고정 걸이를 누르고 전면 그릴을 여는 모습,46e243d4adaa5ee718c714303b6a7c3c480100c906097cece959608dcec403d1,97630,lg_official_support_public_page,official_public_support_candidate_not_explicit_training_license,filter,LG official support image candidate; verify visual relevance before Roboflow labeling
10_원천이미지_raw/01_직접제공_승인후보/lg_official_support_crawled/092_YzKo6PKTOs3PFiJuJBEwqg.jpg,downloaded,https://www.lge.co.kr/support/solutions-20152649118201,https://gscs.lge.com/gscs/support/fileupload/downloadFile.do?fileId=YzKo6PKTOs3PFiJuJBEwqg&portalId=P1,고정 걸이를 눌러 극 초미세 먼지 필터를 분리,f7296821ce2a3160550f6879b0aaa4589279a8fb3a36175f20cc8d65a6d24bb4,127211,lg_official_support_public_page,official_public_support_candidate_not_explicit_training_license,filter,LG official support image candidate; verify visual relevance before Roboflow labeling
10_원천이미지_raw/01_직접제공_승인후보/lg_official_support_crawled/090_OjpvLgYIqv66nJrjKHY1g.jpg,duplicate_sha,https://www.lge.co.kr/support/solutions-20152649118201,https://gscs.lge.com/gscs/support/fileupload/downloadFile.do?fileId=rJwey2hSGxXPvMDj9n0jYA&portalId=P1,분리된 극 초미세 먼지 필터 뒤쪽 광촉매 탈취필터는 위쪽으로 당겨 분리,3e40c33fc2b15ec863a032d27e80c8d3435a5859b83b21269c9ab92fd33fe4ad,104241,lg_official_support_public_page,official_public_support_candidate_not_explicit_training_license,filter,LG official support image candidate; verify visual relevance before Roboflow labeling
10_원천이미지_raw/01_직접제공_승인후보/lg_official_support_crawled/094_K6xJRs8d3Fe2xRADr1GwA.jpg,downloaded,https://www.lge.co.kr/support/video-tutorials-20151099419617,https://gscs.lge.com/gscs/support/fileupload/downloadFile.do?fileId=K6xJRs8d3Fe2xRADr1GwA&portalId=P1,1. 냉방 운전 : 냉방운전-실내 냄새입자가 포함된 응축수 발생-응축수 외부로 배출 2. 송풍 운전 : 송풍 운전-축적되어 있던 응축수가 증발되어 실내로 유입-온도가 높을 수록 냄새 확산속도도 높아짐,4884d26521538554206e6dd803bd4792d8652bc6d0a87c7cd45963d5d4959035,48939,lg_official_support_public_page,official_public_support_candidate_not_explicit_training_license,filter,LG official support image candidate; verify visual relevance before Roboflow labeling
10_원천이미지_raw/01_직접제공_승인후보/lg_official_support_crawled/095_kV6lR6rX2HunomoXJq1kQ.jpg,downloaded,https://www.lge.co.kr/support/video-tutorials-20151099419617,https://gscs.lge.com/gscs/support/fileupload/downloadFile.do?fileId=kV6lR6rX2HunomoXJq1kQ&portalId=P1,스탠드 에어컨을 창문을 열고 냉방 18도 강풍으로 가동하는 모습,85154b16724b716da21f3d628265422dd9fbbfd897d206d405e6a13831bf98c2,246070,lg_official_support_public_page,official_public_support_candidate_not_explicit_training_license,filter,LG official support image candidate; verify visual relevance before Roboflow labeling
10_원천이미지_raw/01_직접제공_승인후보/lg_official_support_crawled/096_5D5pKMkB2FD9xzsnQuPeg.jpg,downloaded,https://www.lge.co.kr/support/video-tutorials-20151099419617,https://gscs.lge.com/gscs/support/fileupload/downloadFile.do?fileId=5D5pKMkB2FD9xzsnQuPeg&portalId=P1,리모컨 화면에 자동건조 문구와 AI건조 문구가 표시된 모습,d682dccd1dde186ad6872307c6459b03862d8694791e56e38c00f9eb3fe8325b,46677,lg_official_support_public_page,official_public_support_candidate_not_explicit_training_license,filter,LG official support image candidate; verify visual relevance before Roboflow labeling
10_원천이미지_raw/01_직접제공_승인후보/lg_official_support_crawled/097_mzKo45mKv9k1uW1RJVnlQ.jpg,downloaded,https://www.lge.co.kr/support/video-tutorials-20151099419617,https://gscs.lge.com/gscs/support/fileupload/downloadFile.do?fileId=mzKo45mKv9k1uW1RJVnlQ&portalId=P1,세척된 극세필터를 바람이 잘 통하고 그늘진 곳에서 말리는 모습,5edeea647a46663d2a8c193dd326d2a65109e6c474157375e7e19b7170b3735e,49460,lg_official_support_public_page,official_public_support_candidate_not_explicit_training_license,filter,LG official support image candidate; verify visual relevance before Roboflow labeling
10_원천이미지_raw/01_직접제공_승인후보/lg_official_support_crawled/098_EyWPKxUl8Mj82Hlvi3yAzQ.jpg,downloaded,https://www.lge.co.kr/support/video-tutorials-20151099419617,https://gscs.lge.com/gscs/support/fileupload/downloadFile.do?fileId=EyWPKxUl8Mj82Hlvi3yAzQ&portalId=P1,LG ThinQ 에어컨 화면에서 청정관리를 선택 후 열교환기나 올클리닝을 선택하는 모습,f49b192f522120f0166de8351c777f1aad8706a6f05523d07b25ddb8996feb46,101205,lg_official_support_public_page,official_public_support_candidate_not_explicit_training_license,filter,LG official support image candidate; verify visual relevance before Roboflow labeling
10_원천이미지_raw/01_직접제공_승인후보/lg_official_support_crawled/099_7MusR0qVdL0hb7oCosE32g.jpg,downloaded,https://www.lg.com/us/support/help-library/lg-airconditioner-filter-how-to-clean-and-replace-airconditioner-filter--20154844424480,https://gscs.lge.com/gscs/support/fileupload/downloadFile.do?fileId=7MusR0qVdL0hb7oCosE32g&portalId=P1,explaining how to take out the filter,215b14d6efe1173c9b245182cc3a3cb4403948c51af8f1ce0cccaa36662fad5b,42265,lg_official_support_public_page,official_public_support_candidate_not_explicit_training_license,filter,LG official support image candidate; verify visual relevance before Roboflow labeling
10_원천이미지_raw/01_직접제공_승인후보/lg_official_support_crawled/100_U43ZqdACqsJSAaW8gnuuA.jpg,downloaded,https://www.lg.com/us/support/help-library/lg-airconditioner-filter-how-to-clean-and-replace-airconditioner-filter--20154844424480,https://gscs.lge.com/gscs/support/fileupload/downloadFile.do?fileId=U43ZqdACqsJSAaW8gnuuA&portalId=P1,explaining how to take out the filter,971056e7bc779be24eff14648dee1319e52368472a76435111dbb485c99fa735,43935,lg_official_support_public_page,official_public_support_candidate_not_explicit_training_license,filter,LG official support image candidate; verify visual relevance before Roboflow labeling
10_원천이미지_raw/01_직접제공_승인후보/lg_official_support_crawled/101_JGVSxLHqqIOJsfAMLtz6gw.jpg,downloaded,https://www.lg.com/us/support/help-library/lg-ac-filter-windowpotable-how-do-i-clean-and-replace-the-filter--20155017810371,https://gscs.lge.com/gscs/support/fileupload/downloadFile.do?fileId=JGVSxLHqqIOJsfAMLtz6gw&portalId=P1,"Casement Window Air Conditioner 
1. Remove the ultra-fine filter cover 
2. Remove the ultra-fine filter 
3. Clean the ultra-fine filter 
4. Dry the ultra-fine filter",21f6e2730d8acd97356372f8372e513998e544fa68cbc7f8815d1d337e2acc99,129989,lg_official_support_public_page,official_public_support_candidate_not_explicit_training_license,filter,LG official support image candidate; verify visual relevance before Roboflow labeling
10_원천이미지_raw/01_직접제공_승인후보/lg_official_support_crawled/102_Awom0hqww2i2dUGRVQ2nXA.jpg,downloaded,https://www.lg.com/us/support/help-library/lg-ac-filter-windowpotable-how-do-i-clean-and-replace-the-filter--20155017810371,https://gscs.lge.com/gscs/support/fileupload/downloadFile.do?fileId=Awom0hqww2i2dUGRVQ2nXA&portalId=P1,"Window Air Conditioner 
1. Remove the ultra-fine filter cover. 
2. Remove the ultra-fine filter. 
3. Clean the ultra-fine filter. 
4. Dry the ultra-fine filter.",5251ae29fad0e75aa5cdd03e36c596f16ddd27aa4043c85579826cc391af19cb,122692,lg_official_support_public_page,official_public_support_candidate_not_explicit_training_license,filter,LG official support image candidate; verify visual relevance before Roboflow labeling
10_원천이미지_raw/01_직접제공_승인후보/lg_official_support_crawled/103_eSR1JjynmtPzNxmg7Mqjkw.jpg,downloaded,https://www.lg.com/us/support/help-library/lg-ac-filter-windowpotable-how-do-i-clean-and-replace-the-filter--20155017810371,https://gscs.lge.com/gscs/support/fileupload/downloadFile.do?fileId=eSR1JjynmtPzNxmg7Mqjkw&portalId=P1,"Single Hose Portable Air Conditioner 
1. Remove the ultra-fine filter cover.
2. Remove the ultra-fine filter.
3. Clean the ultra-fine filter.
4. Dry the ultra-fine filter",c948ba7dbd86b2fcfb5577f2bb3599a1d20026dc8e1b66cdde7822ead76e4139,152690,lg_official_support_public_page,official_public_support_candidate_not_explicit_training_license,filter,LG official support image candidate; verify visual relevance before Roboflow labeling
10_원천이미지_raw/01_직접제공_승인후보/lg_official_support_crawled/104_rr41LkkVaVktqP7waUAjlQ.jpg,downloaded,https://www.lg.com/us/support/help-library/lg-ac-filter-windowpotable-how-do-i-clean-and-replace-the-filter--20155017810371,https://gscs.lge.com/gscs/support/fileupload/downloadFile.do?fileId=rr41LkkVaVktqP7waUAjlQ&portalId=P1,"Dual Hose Portable Air Conditioner 
1. Remove the screws under the dual hose 
2. Remove the ultra-fine filter cover 
3. Remove the ultra-fine filter
4. Clean and dry the ultra-fine filter",dd890a53343be93aad7e5868bf2705c5ac526bba0ca7df950bfc563666baa933,153875,lg_official_support_public_page,official_public_support_candidate_not_explicit_training_license,filter,LG official support image candidate; verify visual relevance before Roboflow labeling
10_원천이미지_raw/01_직접제공_승인후보/lg_official_support_crawled/105_nRuYff58jG6tlUSP0R2g.jpg,downloaded,https://www.lg.com/us/support/help-library/lg-air-conditioner-cleaning-im-curious-about-how-to-maintain-the-air-purification-filter--20154710743587,https://gscs.lge.com/gscs/support/fileupload/downloadFile.do?fileId=nRuYff58jG6tlUSP0R2g&portalId=P1,Check the engraving on both sides of the front panel,6df0513e1aa8a5a40ac602bc5a5d68ca4746d78bbad98e78eeac8139dd6dabff,107111,lg_official_support_public_page,official_public_support_candidate_not_explicit_training_license,filter,LG official support image candidate; verify visual relevance before Roboflow labeling
10_원천이미지_raw/01_직접제공_승인후보/lg_official_support_crawled/106_WEHEVPwdJqziY97cxi1g.jpg,downloaded,https://www.lg.com/us/support/help-library/lg-air-conditioner-cleaning-im-curious-about-how-to-maintain-the-air-purification-filter--20154710743587,https://gscs.lge.com/gscs/support/fileupload/downloadFile.do?fileId=WEHEVPwdJqziY97cxi1g&portalId=P1,Remove the ultra-fine dust filter by holding the handle on the filter case holder and pulling it in the direction of the arrow.,6a65287779ba5eaa629cbeb6eb0fb12b3a9e4c614bd387bf6d8f0fb3af5b9986,152448,lg_official_support_public_page,official_public_support_candidate_not_explicit_training_license,filter,LG official support image candidate; verify visual relevance before Roboflow labeling
10_원천이미지_raw/01_직접제공_승인후보/lg_official_support_crawled/107_qYott5U0AsP31U5tDiemw.jpg,downloaded,https://www.lg.com/us/support/help-library/lg-air-conditioner-cleaning-im-curious-about-how-to-maintain-the-air-purification-filter--20154710743587,https://gscs.lge.com/gscs/support/fileupload/downloadFile.do?fileId=qYott5U0AsP31U5tDiemw&portalId=P1,Remove the photocatalyst deodorization filter by pulling the handle.,2ff3ed55b935c33f3c7ad4af6ca19fecc2a52893d22301906bac3af935d1f718,128274,lg_official_support_public_page,official_public_support_candidate_not_explicit_training_license,filter,LG official support image candidate; verify visual relevance before Roboflow labeling
10_원천이미지_raw/01_직접제공_승인후보/lg_official_support_crawled/088_Ie8oV4TSTBNawkdjjTgtQ.jpg,duplicate_sha,https://www.lg.com/us/support/help-library/lg-air-conditioner-cleaning-im-curious-about-how-to-maintain-the-air-purification-filter--20154710743587,https://gscs.lge.com/gscs/support/fileupload/downloadFile.do?fileId=ocjZgJqWUEB1j86uPdqZQ&portalId=P1,Open the front grill by pressing the retaining hooks on both sides,38ab093ca026bbb3e48d476c0db9353d670a7d79e3de382c16e5f7900c6eab05,133102,lg_official_support_public_page,official_public_support_candidate_not_explicit_training_license,filter,LG official support image candidate; verify visual relevance before Roboflow labeling
10_원천이미지_raw/01_직접제공_승인후보/lg_official_support_crawled/089_R0CkCR10GfCE3bqOC2EEg.jpg,duplicate_sha,https://www.lg.com/us/support/help-library/lg-air-conditioner-cleaning-im-curious-about-how-to-maintain-the-air-purification-filter--20154710743587,https://gscs.lge.com/gscs/support/fileupload/downloadFile.do?fileId=UsVHZugnozL5tGc3fOhGlQ&portalId=P1,Remove the ultra-fine dust filter by pressing the fixing ring,bb3b0c78be6fab4151e4a6f7c3134817fad098946e49d231d984bfc511e1ff9e,145274,lg_official_support_public_page,official_public_support_candidate_not_explicit_training_license,filter,LG official support image candidate; verify visual relevance before Roboflow labeling
10_원천이미지_raw/01_직접제공_승인후보/lg_official_support_crawled/110_CQTgsZXYwp5usVJOB6B4Eg.jpg,downloaded,https://www.lg.com/us/support/help-library/lg-air-conditioner-cleaning-im-curious-about-how-to-maintain-the-air-purification-filter--20154710743587,https://gscs.lge.com/gscs/support/fileupload/downloadFile.do?fileId=CQTgsZXYwp5usVJOB6B4Eg&portalId=P1,Remove the photocatalyst deodorizing filter behind the separated ultrafine dust filter by pulling it upward.,f512c524dbd4819cbbe5c3dbd6576810890ea87e8efc517d7f1923755e92e0be,107683,lg_official_support_public_page,official_public_support_candidate_not_explicit_training_license,filter,LG official support image candidate; verify visual relevance before Roboflow labeling
10_원천이미지_raw/01_직접제공_승인후보/lg_official_support_crawled/091_1mSecCywWAJFKEIYhefAQ.jpg,duplicate_sha,https://www.lg.com/us/support/help-library/lg-air-conditioner-cleaning-im-curious-about-how-to-maintain-the-air-purification-filter--20154710743587,https://gscs.lge.com/gscs/support/fileupload/downloadFile.do?fileId=rfY4ZfUHgJWmNoRGDVTxxg&portalId=P1,Open the front grill by pressing the retaining hooks on both sides,46e243d4adaa5ee718c714303b6a7c3c480100c906097cece959608dcec403d1,97630,lg_official_support_public_page,official_public_support_candidate_not_explicit_training_license,filter,LG official support image candidate; verify visual relevance before Roboflow labeling
10_원천이미지_raw/01_직접제공_승인후보/lg_official_support_crawled/092_YzKo6PKTOs3PFiJuJBEwqg.jpg,duplicate_sha,https://www.lg.com/us/support/help-library/lg-air-conditioner-cleaning-im-curious-about-how-to-maintain-the-air-purification-filter--20154710743587,https://gscs.lge.com/gscs/support/fileupload/downloadFile.do?fileId=9WG1q9Z3TMoVzIhe4b0dAg&portalId=P1,Remove the ultra-fine dust filter by pressing the fixing ring,f7296821ce2a3160550f6879b0aaa4589279a8fb3a36175f20cc8d65a6d24bb4,127211,lg_official_support_public_page,official_public_support_candidate_not_explicit_training_license,filter,LG official support image candidate; verify visual relevance before Roboflow labeling
10_원천이미지_raw/01_직접제공_승인후보/lg_official_support_crawled/110_CQTgsZXYwp5usVJOB6B4Eg.jpg,duplicate_sha,https://www.lg.com/us/support/help-library/lg-air-conditioner-cleaning-im-curious-about-how-to-maintain-the-air-purification-filter--20154710743587,https://gscs.lge.com/gscs/support/fileupload/downloadFile.do?fileId=MpPEZpEmotQMl8XWx82TA&portalId=P1,Remove the photocatalyst deodorizing filter behind the separated ultrafine dust filter by pulling it upward.,f512c524dbd4819cbbe5c3dbd6576810890ea87e8efc517d7f1923755e92e0be,107683,lg_official_support_public_page,official_public_support_candidate_not_explicit_training_license,filter,LG official support image candidate; verify visual relevance before Roboflow labeling
