candidate_relative_path,candidate_index,source_page,url,alt,sha256,bytes,source_type,license_status,appliance_form,target_class,label_status,visual_review_status,notes
10_원천이미지_raw/20_학습후보/lg_wall_mounted_filter_video_frame_candidates/video_frame_candidate_001_O0uiIC3tIpE_0005s.jpg,1,https://www.youtube.com/watch?v=O0uiIC3tIpE,https://www.youtube.com/watch?v=O0uiIC3tIpE,LG WHISEN wall-mounted air-conditioner filter cleaning method,22a865e6fcb12f13ca1ee9eb241f4a00443fcad1bdefabf01dd0c3e46a911c95,11894,youtube_video_frame_wall_mounted_lg_candidate,unknown_verify_before_training,wall_mounted_candidate,filter,needs_human_filter_bbox_labeling,candidate_review_needed,Extracted frame at 5.0s; keep only if actual wall-mounted LG indoor unit and filter/filter slot is visible.
10_원천이미지_raw/20_학습후보/lg_wall_mounted_filter_video_frame_candidates/video_frame_candidate_002_O0uiIC3tIpE_0009s.jpg,2,https://www.youtube.com/watch?v=O0uiIC3tIpE,https://www.youtube.com/watch?v=O0uiIC3tIpE,LG WHISEN wall-mounted air-conditioner filter cleaning method,9cbd8bd370650b4d44f4779e43b5b40bbc751170281baf7edeb3e6a7b0cf7897,6792,youtube_video_frame_wall_mounted_lg_candidate,unknown_verify_before_training,wall_mounted_candidate,filter,needs_human_filter_bbox_labeling,candidate_review_needed,Extracted frame at 9.0s; keep only if actual wall-mounted LG indoor unit and filter/filter slot is visible.
10_원천이미지_raw/20_학습후보/lg_wall_mounted_filter_video_frame_candidates/video_frame_candidate_003_O0uiIC3tIpE_0013s.jpg,3,https://www.youtube.com/watch?v=O0uiIC3tIpE,https://www.youtube.com/watch?v=O0uiIC3tIpE,LG WHISEN wall-mounted air-conditioner filter cleaning method,44b3a6872ca3b9d8feab66e2b3cafd1e8f662ff365dbbf4f57a2e5b45f5d1938,39753,youtube_video_frame_wall_mounted_lg_candidate,unknown_verify_before_training,wall_mounted_candidate,filter,needs_human_filter_bbox_labeling,candidate_review_needed,Extracted frame at 13.0s; keep only if actual wall-mounted LG indoor unit and filter/filter slot is visible.
10_원천이미지_raw/20_학습후보/lg_wall_mounted_filter_video_frame_candidates/video_frame_candidate_004_O0uiIC3tIpE_0017s.jpg,4,https://www.youtube.com/watch?v=O0uiIC3tIpE,https://www.youtube.com/watch?v=O0uiIC3tIpE,LG WHISEN wall-mounted air-conditioner filter cleaning method,3a8d536d6b0061350785e8fa16e7a9b537e642785e49ba4c6c6987f7a9f2c80a,24304,youtube_video_frame_wall_mounted_lg_candidate,unknown_verify_before_training,wall_mounted_candidate,filter,needs_human_filter_bbox_labeling,candidate_review_needed,Extracted frame at 17.0s; keep only if actual wall-mounted LG indoor unit and filter/filter slot is visible.
10_원천이미지_raw/20_학습후보/lg_wall_mounted_filter_video_frame_candidates/video_frame_candidate_005_O0uiIC3tIpE_0021s.jpg,5,https://www.youtube.com/watch?v=O0uiIC3tIpE,https://www.youtube.com/watch?v=O0uiIC3tIpE,LG WHISEN wall-mounted air-conditioner filter cleaning method,0ffb91f17e2dcb5bd18cac3ef041b7b7c5094c4efb184d65c8c7bdf625cac62e,15455,youtube_video_frame_wall_mounted_lg_candidate,unknown_verify_before_training,wall_mounted_candidate,filter,needs_human_filter_bbox_labeling,candidate_review_needed,Extracted frame at 21.0s; keep only if actual wall-mounted LG indoor unit and filter/filter slot is visible.
10_원천이미지_raw/20_학습후보/lg_wall_mounted_filter_video_frame_candidates/video_frame_candidate_006_O0uiIC3tIpE_0025s.jpg,6,https://www.youtube.com/watch?v=O0uiIC3tIpE,https://www.youtube.com/watch?v=O0uiIC3tIpE,LG WHISEN wall-mounted air-conditioner filter cleaning method,62a2acc7e9ea46175748cf3816226a955f1f04002c814fa66612169ae5fa880e,14652,youtube_video_frame_wall_mounted_lg_candidate,unknown_verify_before_training,wall_mounted_candidate,filter,needs_human_filter_bbox_labeling,candidate_review_needed,Extracted frame at 25.0s; keep only if actual wall-mounted LG indoor unit and filter/filter slot is visible.
10_원천이미지_raw/20_학습후보/lg_wall_mounted_filter_video_frame_candidates/video_frame_candidate_007_O0uiIC3tIpE_0029s.jpg,7,https://www.youtube.com/watch?v=O0uiIC3tIpE,https://www.youtube.com/watch?v=O0uiIC3tIpE,LG WHISEN wall-mounted air-conditioner filter cleaning method,1f04b308ac530199ffa1cd60fe4654835702c88326427f3d00f0c1709b0a893c,29349,youtube_video_frame_wall_mounted_lg_candidate,unknown_verify_before_training,wall_mounted_candidate,filter,needs_human_filter_bbox_labeling,candidate_review_needed,Extracted frame at 29.0s; keep only if actual wall-mounted LG indoor unit and filter/filter slot is visible.
10_원천이미지_raw/20_학습후보/lg_wall_mounted_filter_video_frame_candidates/video_frame_candidate_008_O0uiIC3tIpE_0033s.jpg,8,https://www.youtube.com/watch?v=O0uiIC3tIpE,https://www.youtube.com/watch?v=O0uiIC3tIpE,LG WHISEN wall-mounted air-conditioner filter cleaning method,a4911a54f50866664b5bc22a8f36174073454e29421bba6bacf496d147998723,26832,youtube_video_frame_wall_mounted_lg_candidate,unknown_verify_before_training,wall_mounted_candidate,filter,needs_human_filter_bbox_labeling,candidate_review_needed,Extracted frame at 33.0s; keep only if actual wall-mounted LG indoor unit and filter/filter slot is visible.
10_원천이미지_raw/20_학습후보/lg_wall_mounted_filter_video_frame_candidates/video_frame_candidate_009_O0uiIC3tIpE_0037s.jpg,9,https://www.youtube.com/watch?v=O0uiIC3tIpE,https://www.youtube.com/watch?v=O0uiIC3tIpE,LG WHISEN wall-mounted air-conditioner filter cleaning method,0d15756dc379afcf8d86642f3d75e7d4fb5459422746226e4a87009400266f72,19181,youtube_video_frame_wall_mounted_lg_candidate,unknown_verify_before_training,wall_mounted_candidate,filter,needs_human_filter_bbox_labeling,candidate_review_needed,Extracted frame at 37.0s; keep only if actual wall-mounted LG indoor unit and filter/filter slot is visible.
10_원천이미지_raw/20_학습후보/lg_wall_mounted_filter_video_frame_candidates/video_frame_candidate_010_O0uiIC3tIpE_0041s.jpg,10,https://www.youtube.com/watch?v=O0uiIC3tIpE,https://www.youtube.com/watch?v=O0uiIC3tIpE,LG WHISEN wall-mounted air-conditioner filter cleaning method,7880c8eb4edfa246711b85e24ee06e69366f612bd195a1605140133d68397cda,22546,youtube_video_frame_wall_mounted_lg_candidate,unknown_verify_before_training,wall_mounted_candidate,filter,needs_human_filter_bbox_labeling,candidate_review_needed,Extracted frame at 41.0s; keep only if actual wall-mounted LG indoor unit and filter/filter slot is visible.
10_원천이미지_raw/20_학습후보/lg_wall_mounted_filter_video_frame_candidates/video_frame_candidate_011_O0uiIC3tIpE_0045s.jpg,11,https://www.youtube.com/watch?v=O0uiIC3tIpE,https://www.youtube.com/watch?v=O0uiIC3tIpE,LG WHISEN wall-mounted air-conditioner filter cleaning method,ea75f843de58261fea082282b1984b90dda14ef8db357e4bb2ff024f9205f565,26338,youtube_video_frame_wall_mounted_lg_candidate,unknown_verify_before_training,wall_mounted_candidate,filter,needs_human_filter_bbox_labeling,candidate_review_needed,Extracted frame at 45.0s; keep only if actual wall-mounted LG indoor unit and filter/filter slot is visible.
10_원천이미지_raw/20_학습후보/lg_wall_mounted_filter_video_frame_candidates/video_frame_candidate_012_O0uiIC3tIpE_0049s.jpg,12,https://www.youtube.com/watch?v=O0uiIC3tIpE,https://www.youtube.com/watch?v=O0uiIC3tIpE,LG WHISEN wall-mounted air-conditioner filter cleaning method,fc02318cd7ec933f015f989bb790bb023fd96b9217ec522e2ba3880094685637,31826,youtube_video_frame_wall_mounted_lg_candidate,unknown_verify_before_training,wall_mounted_candidate,filter,needs_human_filter_bbox_labeling,candidate_review_needed,Extracted frame at 49.0s; keep only if actual wall-mounted LG indoor unit and filter/filter slot is visible.
10_원천이미지_raw/20_학습후보/lg_wall_mounted_filter_video_frame_candidates/video_frame_candidate_013_tWeUd8F8ado_0005s.jpg,13,https://www.youtube.com/shorts/tWeUd8F8ado,https://www.youtube.com/shorts/tWeUd8F8ado,LG wall-mounted air-conditioner filter cleaning and replacement method,f390cf4742f3aca7c0f42ade48db295af5d9dc6f303e4e97ba3169e3e02d7462,30123,youtube_video_frame_wall_mounted_lg_candidate,unknown_verify_before_training,wall_mounted_candidate,filter,needs_human_filter_bbox_labeling,candidate_review_needed,Extracted frame at 5.0s; keep only if actual wall-mounted LG indoor unit and filter/filter slot is visible.
10_원천이미지_raw/20_학습후보/lg_wall_mounted_filter_video_frame_candidates/video_frame_candidate_014_tWeUd8F8ado_0009s.jpg,14,https://www.youtube.com/shorts/tWeUd8F8ado,https://www.youtube.com/shorts/tWeUd8F8ado,LG wall-mounted air-conditioner filter cleaning and replacement method,7d4c33f224a0cb413eef4174cc69a22451288e3198958ff2a7d1e204dde4f6d5,22955,youtube_video_frame_wall_mounted_lg_candidate,unknown_verify_before_training,wall_mounted_candidate,filter,needs_human_filter_bbox_labeling,candidate_review_needed,Extracted frame at 9.0s; keep only if actual wall-mounted LG indoor unit and filter/filter slot is visible.
10_원천이미지_raw/20_학습후보/lg_wall_mounted_filter_video_frame_candidates/video_frame_candidate_015_tWeUd8F8ado_0013s.jpg,15,https://www.youtube.com/shorts/tWeUd8F8ado,https://www.youtube.com/shorts/tWeUd8F8ado,LG wall-mounted air-conditioner filter cleaning and replacement method,d5bf58121304a124539faf5e9c429867d15865334604d6274e7efa3a4be47b67,20648,youtube_video_frame_wall_mounted_lg_candidate,unknown_verify_before_training,wall_mounted_candidate,filter,needs_human_filter_bbox_labeling,candidate_review_needed,Extracted frame at 13.0s; keep only if actual wall-mounted LG indoor unit and filter/filter slot is visible.
10_원천이미지_raw/20_학습후보/lg_wall_mounted_filter_video_frame_candidates/video_frame_candidate_016_tWeUd8F8ado_0017s.jpg,16,https://www.youtube.com/shorts/tWeUd8F8ado,https://www.youtube.com/shorts/tWeUd8F8ado,LG wall-mounted air-conditioner filter cleaning and replacement method,e7ebcffc580035edf9ae5079a85c9f4717f03c1fc3848f929a5a55ec4e463612,20848,youtube_video_frame_wall_mounted_lg_candidate,unknown_verify_before_training,wall_mounted_candidate,filter,needs_human_filter_bbox_labeling,candidate_review_needed,Extracted frame at 17.0s; keep only if actual wall-mounted LG indoor unit and filter/filter slot is visible.
10_원천이미지_raw/20_학습후보/lg_wall_mounted_filter_video_frame_candidates/video_frame_candidate_017_tWeUd8F8ado_0021s.jpg,17,https://www.youtube.com/shorts/tWeUd8F8ado,https://www.youtube.com/shorts/tWeUd8F8ado,LG wall-mounted air-conditioner filter cleaning and replacement method,8916e35d2ceae1e89bab0ee7373542ae5daf29e772386507a7e9912dc23a7d04,18893,youtube_video_frame_wall_mounted_lg_candidate,unknown_verify_before_training,wall_mounted_candidate,filter,needs_human_filter_bbox_labeling,candidate_review_needed,Extracted frame at 21.0s; keep only if actual wall-mounted LG indoor unit and filter/filter slot is visible.
10_원천이미지_raw/20_학습후보/lg_wall_mounted_filter_video_frame_candidates/video_frame_candidate_018_tWeUd8F8ado_0025s.jpg,18,https://www.youtube.com/shorts/tWeUd8F8ado,https://www.youtube.com/shorts/tWeUd8F8ado,LG wall-mounted air-conditioner filter cleaning and replacement method,ea316afdf2a51cd17abe27b4bffa588df48a08377e02bcf44c5962705f64dd52,19845,youtube_video_frame_wall_mounted_lg_candidate,unknown_verify_before_training,wall_mounted_candidate,filter,needs_human_filter_bbox_labeling,candidate_review_needed,Extracted frame at 25.0s; keep only if actual wall-mounted LG indoor unit and filter/filter slot is visible.
10_원천이미지_raw/20_학습후보/lg_wall_mounted_filter_video_frame_candidates/video_frame_candidate_019_tWeUd8F8ado_0029s.jpg,19,https://www.youtube.com/shorts/tWeUd8F8ado,https://www.youtube.com/shorts/tWeUd8F8ado,LG wall-mounted air-conditioner filter cleaning and replacement method,ff5c317a16a67138e23d3f1fd8c21c0d87dc958aabff6bd58ddfbae8f1cda267,28234,youtube_video_frame_wall_mounted_lg_candidate,unknown_verify_before_training,wall_mounted_candidate,filter,needs_human_filter_bbox_labeling,candidate_review_needed,Extracted frame at 29.0s; keep only if actual wall-mounted LG indoor unit and filter/filter slot is visible.
10_원천이미지_raw/20_학습후보/lg_wall_mounted_filter_video_frame_candidates/video_frame_candidate_020_tWeUd8F8ado_0033s.jpg,20,https://www.youtube.com/shorts/tWeUd8F8ado,https://www.youtube.com/shorts/tWeUd8F8ado,LG wall-mounted air-conditioner filter cleaning and replacement method,34c8e64c7362a27982f2d88ced5bbc687b5f6f9264f0b39f52d81f81ae3b68ed,22330,youtube_video_frame_wall_mounted_lg_candidate,unknown_verify_before_training,wall_mounted_candidate,filter,needs_human_filter_bbox_labeling,candidate_review_needed,Extracted frame at 33.0s; keep only if actual wall-mounted LG indoor unit and filter/filter slot is visible.
10_원천이미지_raw/20_학습후보/lg_wall_mounted_filter_video_frame_candidates/video_frame_candidate_021_tWeUd8F8ado_0037s.jpg,21,https://www.youtube.com/shorts/tWeUd8F8ado,https://www.youtube.com/shorts/tWeUd8F8ado,LG wall-mounted air-conditioner filter cleaning and replacement method,98806842b6054dfcb32f28fcb3dcf1e13e016fc6cec2ad42be2547e2484ddee9,26733,youtube_video_frame_wall_mounted_lg_candidate,unknown_verify_before_training,wall_mounted_candidate,filter,needs_human_filter_bbox_labeling,candidate_review_needed,Extracted frame at 37.0s; keep only if actual wall-mounted LG indoor unit and filter/filter slot is visible.
10_원천이미지_raw/20_학습후보/lg_wall_mounted_filter_video_frame_candidates/video_frame_candidate_022_tWeUd8F8ado_0041s.jpg,22,https://www.youtube.com/shorts/tWeUd8F8ado,https://www.youtube.com/shorts/tWeUd8F8ado,LG wall-mounted air-conditioner filter cleaning and replacement method,f054a93784ca452f28d789dea9b491a6c764fff56a29e0e15da89618da2fe5f9,27508,youtube_video_frame_wall_mounted_lg_candidate,unknown_verify_before_training,wall_mounted_candidate,filter,needs_human_filter_bbox_labeling,candidate_review_needed,Extracted frame at 41.0s; keep only if actual wall-mounted LG indoor unit and filter/filter slot is visible.
10_원천이미지_raw/20_학습후보/lg_wall_mounted_filter_video_frame_candidates/video_frame_candidate_023_tWeUd8F8ado_0045s.jpg,23,https://www.youtube.com/shorts/tWeUd8F8ado,https://www.youtube.com/shorts/tWeUd8F8ado,LG wall-mounted air-conditioner filter cleaning and replacement method,7d11ebe0272265bb653e14a1731dcee8d5f0d9b484d17a57b80b7d0f414e1edb,26738,youtube_video_frame_wall_mounted_lg_candidate,unknown_verify_before_training,wall_mounted_candidate,filter,needs_human_filter_bbox_labeling,candidate_review_needed,Extracted frame at 45.0s; keep only if actual wall-mounted LG indoor unit and filter/filter slot is visible.
10_원천이미지_raw/20_학습후보/lg_wall_mounted_filter_video_frame_candidates/video_frame_candidate_024_tWeUd8F8ado_0049s.jpg,24,https://www.youtube.com/shorts/tWeUd8F8ado,https://www.youtube.com/shorts/tWeUd8F8ado,LG wall-mounted air-conditioner filter cleaning and replacement method,aff70ff05784dfc62030b82c24fd38782b119585b0d5f174ebaf7f1e6fea05d0,25854,youtube_video_frame_wall_mounted_lg_candidate,unknown_verify_before_training,wall_mounted_candidate,filter,needs_human_filter_bbox_labeling,candidate_review_needed,Extracted frame at 49.0s; keep only if actual wall-mounted LG indoor unit and filter/filter slot is visible.
10_원천이미지_raw/20_학습후보/lg_wall_mounted_filter_video_frame_candidates/video_frame_candidate_025_6xXHrk14884_0005s.jpg,25,https://www.youtube.com/watch?v=6xXHrk14884,https://www.youtube.com/watch?v=6xXHrk14884,LG Whisen wall-mounted air-conditioner disassembly and cleaning,8ebe8fa29dde1daa7a38a46a2082c69267a4962d1679da3012fa26d6ea7e8e3c,29580,youtube_video_frame_wall_mounted_lg_candidate,unknown_verify_before_training,wall_mounted_candidate,filter,needs_human_filter_bbox_labeling,candidate_review_needed,Extracted frame at 5.0s; keep only if actual wall-mounted LG indoor unit and filter/filter slot is visible.
10_원천이미지_raw/20_학습후보/lg_wall_mounted_filter_video_frame_candidates/video_frame_candidate_026_6xXHrk14884_0009s.jpg,26,https://www.youtube.com/watch?v=6xXHrk14884,https://www.youtube.com/watch?v=6xXHrk14884,LG Whisen wall-mounted air-conditioner disassembly and cleaning,81e0f22c092e260be14091267d6ba6d8e8729249077d45eaaa688c936fd1076f,19443,youtube_video_frame_wall_mounted_lg_candidate,unknown_verify_before_training,wall_mounted_candidate,filter,needs_human_filter_bbox_labeling,candidate_review_needed,Extracted frame at 9.0s; keep only if actual wall-mounted LG indoor unit and filter/filter slot is visible.
10_원천이미지_raw/20_학습후보/lg_wall_mounted_filter_video_frame_candidates/video_frame_candidate_027_6xXHrk14884_0013s.jpg,27,https://www.youtube.com/watch?v=6xXHrk14884,https://www.youtube.com/watch?v=6xXHrk14884,LG Whisen wall-mounted air-conditioner disassembly and cleaning,fd71d787d1342fd33949123025987b674d381ca758bb38dacd0ff3fafad7f732,17492,youtube_video_frame_wall_mounted_lg_candidate,unknown_verify_before_training,wall_mounted_candidate,filter,needs_human_filter_bbox_labeling,candidate_review_needed,Extracted frame at 13.0s; keep only if actual wall-mounted LG indoor unit and filter/filter slot is visible.
10_원천이미지_raw/20_학습후보/lg_wall_mounted_filter_video_frame_candidates/video_frame_candidate_028_6xXHrk14884_0017s.jpg,28,https://www.youtube.com/watch?v=6xXHrk14884,https://www.youtube.com/watch?v=6xXHrk14884,LG Whisen wall-mounted air-conditioner disassembly and cleaning,b06e45592fad270d0a618bb5976795b0e3131e9e57036567628525256747834d,11970,youtube_video_frame_wall_mounted_lg_candidate,unknown_verify_before_training,wall_mounted_candidate,filter,needs_human_filter_bbox_labeling,candidate_review_needed,Extracted frame at 17.0s; keep only if actual wall-mounted LG indoor unit and filter/filter slot is visible.
10_원천이미지_raw/20_학습후보/lg_wall_mounted_filter_video_frame_candidates/video_frame_candidate_029_6xXHrk14884_0021s.jpg,29,https://www.youtube.com/watch?v=6xXHrk14884,https://www.youtube.com/watch?v=6xXHrk14884,LG Whisen wall-mounted air-conditioner disassembly and cleaning,b47bf37c9548a643c7219573645008c2914632978ea601c83002620bb86a073d,13300,youtube_video_frame_wall_mounted_lg_candidate,unknown_verify_before_training,wall_mounted_candidate,filter,needs_human_filter_bbox_labeling,candidate_review_needed,Extracted frame at 21.0s; keep only if actual wall-mounted LG indoor unit and filter/filter slot is visible.
10_원천이미지_raw/20_학습후보/lg_wall_mounted_filter_video_frame_candidates/video_frame_candidate_030_6xXHrk14884_0025s.jpg,30,https://www.youtube.com/watch?v=6xXHrk14884,https://www.youtube.com/watch?v=6xXHrk14884,LG Whisen wall-mounted air-conditioner disassembly and cleaning,8398a9726864831628c395031e3fecb28d7ab645be088d9d48ce3e7d68622da7,21255,youtube_video_frame_wall_mounted_lg_candidate,unknown_verify_before_training,wall_mounted_candidate,filter,needs_human_filter_bbox_labeling,candidate_review_needed,Extracted frame at 25.0s; keep only if actual wall-mounted LG indoor unit and filter/filter slot is visible.
10_원천이미지_raw/20_학습후보/lg_wall_mounted_filter_video_frame_candidates/video_frame_candidate_031_6xXHrk14884_0029s.jpg,31,https://www.youtube.com/watch?v=6xXHrk14884,https://www.youtube.com/watch?v=6xXHrk14884,LG Whisen wall-mounted air-conditioner disassembly and cleaning,28f931dc96a108add0135b382c83b7dc0b7d2a253385b6e062328e6c90795949,19806,youtube_video_frame_wall_mounted_lg_candidate,unknown_verify_before_training,wall_mounted_candidate,filter,needs_human_filter_bbox_labeling,candidate_review_needed,Extracted frame at 29.0s; keep only if actual wall-mounted LG indoor unit and filter/filter slot is visible.
10_원천이미지_raw/20_학습후보/lg_wall_mounted_filter_video_frame_candidates/video_frame_candidate_032_6xXHrk14884_0033s.jpg,32,https://www.youtube.com/watch?v=6xXHrk14884,https://www.youtube.com/watch?v=6xXHrk14884,LG Whisen wall-mounted air-conditioner disassembly and cleaning,9030fd359956ee60a42f55c5999cdf3c167640313f40f28d05492a7547b6e2b1,16308,youtube_video_frame_wall_mounted_lg_candidate,unknown_verify_before_training,wall_mounted_candidate,filter,needs_human_filter_bbox_labeling,candidate_review_needed,Extracted frame at 33.0s; keep only if actual wall-mounted LG indoor unit and filter/filter slot is visible.
10_원천이미지_raw/20_학습후보/lg_wall_mounted_filter_video_frame_candidates/video_frame_candidate_033_6xXHrk14884_0037s.jpg,33,https://www.youtube.com/watch?v=6xXHrk14884,https://www.youtube.com/watch?v=6xXHrk14884,LG Whisen wall-mounted air-conditioner disassembly and cleaning,68d6ca150cd1f5e966051f189f154f458f557d85548b8094ffe8896b2be460c4,20348,youtube_video_frame_wall_mounted_lg_candidate,unknown_verify_before_training,wall_mounted_candidate,filter,needs_human_filter_bbox_labeling,candidate_review_needed,Extracted frame at 37.0s; keep only if actual wall-mounted LG indoor unit and filter/filter slot is visible.
10_원천이미지_raw/20_학습후보/lg_wall_mounted_filter_video_frame_candidates/video_frame_candidate_034_6xXHrk14884_0041s.jpg,34,https://www.youtube.com/watch?v=6xXHrk14884,https://www.youtube.com/watch?v=6xXHrk14884,LG Whisen wall-mounted air-conditioner disassembly and cleaning,26c3afba2de72a0025d1ab98e5ed223be713714f270c54eba6c610b9235d1c0d,18810,youtube_video_frame_wall_mounted_lg_candidate,unknown_verify_before_training,wall_mounted_candidate,filter,needs_human_filter_bbox_labeling,candidate_review_needed,Extracted frame at 41.0s; keep only if actual wall-mounted LG indoor unit and filter/filter slot is visible.
10_원천이미지_raw/20_학습후보/lg_wall_mounted_filter_video_frame_candidates/video_frame_candidate_035_6xXHrk14884_0045s.jpg,35,https://www.youtube.com/watch?v=6xXHrk14884,https://www.youtube.com/watch?v=6xXHrk14884,LG Whisen wall-mounted air-conditioner disassembly and cleaning,c3d8f7f60bdd8c7351500be5d2d2b9f2806efe951d40cccbba81756dc4227cb8,15916,youtube_video_frame_wall_mounted_lg_candidate,unknown_verify_before_training,wall_mounted_candidate,filter,needs_human_filter_bbox_labeling,candidate_review_needed,Extracted frame at 45.0s; keep only if actual wall-mounted LG indoor unit and filter/filter slot is visible.
10_원천이미지_raw/20_학습후보/lg_wall_mounted_filter_video_frame_candidates/video_frame_candidate_036_6xXHrk14884_0049s.jpg,36,https://www.youtube.com/watch?v=6xXHrk14884,https://www.youtube.com/watch?v=6xXHrk14884,LG Whisen wall-mounted air-conditioner disassembly and cleaning,f380747be74cf3d1c5014c56fd94df493c8ce9cd62dac33c821337793f8f19a5,22974,youtube_video_frame_wall_mounted_lg_candidate,unknown_verify_before_training,wall_mounted_candidate,filter,needs_human_filter_bbox_labeling,candidate_review_needed,Extracted frame at 49.0s; keep only if actual wall-mounted LG indoor unit and filter/filter slot is visible.
10_원천이미지_raw/20_학습후보/lg_wall_mounted_filter_video_frame_candidates/video_frame_candidate_037_6xXHrk14884_0053s.jpg,37,https://www.youtube.com/watch?v=6xXHrk14884,https://www.youtube.com/watch?v=6xXHrk14884,LG Whisen wall-mounted air-conditioner disassembly and cleaning,f46c1f02969de21585a8e73a690468ba856a9b6a283979b8ebbc1903bb48fa03,21066,youtube_video_frame_wall_mounted_lg_candidate,unknown_verify_before_training,wall_mounted_candidate,filter,needs_human_filter_bbox_labeling,candidate_review_needed,Extracted frame at 53.0s; keep only if actual wall-mounted LG indoor unit and filter/filter slot is visible.
10_원천이미지_raw/20_학습후보/lg_wall_mounted_filter_video_frame_candidates/video_frame_candidate_038_6xXHrk14884_0057s.jpg,38,https://www.youtube.com/watch?v=6xXHrk14884,https://www.youtube.com/watch?v=6xXHrk14884,LG Whisen wall-mounted air-conditioner disassembly and cleaning,e1f59efd37cf0dbaeccac55fd0738fb70ec662d0c70436bc43851a98448c18df,23834,youtube_video_frame_wall_mounted_lg_candidate,unknown_verify_before_training,wall_mounted_candidate,filter,needs_human_filter_bbox_labeling,candidate_review_needed,Extracted frame at 57.0s; keep only if actual wall-mounted LG indoor unit and filter/filter slot is visible.
10_원천이미지_raw/20_학습후보/lg_wall_mounted_filter_video_frame_candidates/video_frame_candidate_039_6xXHrk14884_0061s.jpg,39,https://www.youtube.com/watch?v=6xXHrk14884,https://www.youtube.com/watch?v=6xXHrk14884,LG Whisen wall-mounted air-conditioner disassembly and cleaning,c862b656d3cefb8425c40b9356da673e69380ed529c02ef110a1a03f1334b495,26631,youtube_video_frame_wall_mounted_lg_candidate,unknown_verify_before_training,wall_mounted_candidate,filter,needs_human_filter_bbox_labeling,candidate_review_needed,Extracted frame at 61.0s; keep only if actual wall-mounted LG indoor unit and filter/filter slot is visible.
10_원천이미지_raw/20_학습후보/lg_wall_mounted_filter_video_frame_candidates/video_frame_candidate_040_6xXHrk14884_0065s.jpg,40,https://www.youtube.com/watch?v=6xXHrk14884,https://www.youtube.com/watch?v=6xXHrk14884,LG Whisen wall-mounted air-conditioner disassembly and cleaning,2644e286d25d13b43cafe08495882fd0cd48e5ba594633ca5576e86ab63ffb5b,22581,youtube_video_frame_wall_mounted_lg_candidate,unknown_verify_before_training,wall_mounted_candidate,filter,needs_human_filter_bbox_labeling,candidate_review_needed,Extracted frame at 65.0s; keep only if actual wall-mounted LG indoor unit and filter/filter slot is visible.
10_원천이미지_raw/20_학습후보/lg_wall_mounted_filter_video_frame_candidates/video_frame_candidate_041_6xXHrk14884_0069s.jpg,41,https://www.youtube.com/watch?v=6xXHrk14884,https://www.youtube.com/watch?v=6xXHrk14884,LG Whisen wall-mounted air-conditioner disassembly and cleaning,b3c04a15fa4dfe24d36f5c258f08042dbe7082b771128e9026c8f2bd17c575a4,21570,youtube_video_frame_wall_mounted_lg_candidate,unknown_verify_before_training,wall_mounted_candidate,filter,needs_human_filter_bbox_labeling,candidate_review_needed,Extracted frame at 69.0s; keep only if actual wall-mounted LG indoor unit and filter/filter slot is visible.
10_원천이미지_raw/20_학습후보/lg_wall_mounted_filter_video_frame_candidates/video_frame_candidate_042_6xXHrk14884_0073s.jpg,42,https://www.youtube.com/watch?v=6xXHrk14884,https://www.youtube.com/watch?v=6xXHrk14884,LG Whisen wall-mounted air-conditioner disassembly and cleaning,7d871f3ae9cecc324aa10de84765e44ac18d6ed8e55dda038e3c79a4f3ed7282,20603,youtube_video_frame_wall_mounted_lg_candidate,unknown_verify_before_training,wall_mounted_candidate,filter,needs_human_filter_bbox_labeling,candidate_review_needed,Extracted frame at 73.0s; keep only if actual wall-mounted LG indoor unit and filter/filter slot is visible.
10_원천이미지_raw/20_학습후보/lg_wall_mounted_filter_video_frame_candidates/video_frame_candidate_043_6xXHrk14884_0077s.jpg,43,https://www.youtube.com/watch?v=6xXHrk14884,https://www.youtube.com/watch?v=6xXHrk14884,LG Whisen wall-mounted air-conditioner disassembly and cleaning,204803fde9085e123f96b532b87b8501e6803177dd86a98dbfaa1869351aeab8,26663,youtube_video_frame_wall_mounted_lg_candidate,unknown_verify_before_training,wall_mounted_candidate,filter,needs_human_filter_bbox_labeling,candidate_review_needed,Extracted frame at 77.0s; keep only if actual wall-mounted LG indoor unit and filter/filter slot is visible.
10_원천이미지_raw/20_학습후보/lg_wall_mounted_filter_video_frame_candidates/video_frame_candidate_044_6xXHrk14884_0081s.jpg,44,https://www.youtube.com/watch?v=6xXHrk14884,https://www.youtube.com/watch?v=6xXHrk14884,LG Whisen wall-mounted air-conditioner disassembly and cleaning,4cf045bbb457783051a3943ad46849edf290a1bfdaf0bf9027c69e99369384c2,21199,youtube_video_frame_wall_mounted_lg_candidate,unknown_verify_before_training,wall_mounted_candidate,filter,needs_human_filter_bbox_labeling,candidate_review_needed,Extracted frame at 81.0s; keep only if actual wall-mounted LG indoor unit and filter/filter slot is visible.
10_원천이미지_raw/20_학습후보/lg_wall_mounted_filter_video_frame_candidates/video_frame_candidate_045_6xXHrk14884_0085s.jpg,45,https://www.youtube.com/watch?v=6xXHrk14884,https://www.youtube.com/watch?v=6xXHrk14884,LG Whisen wall-mounted air-conditioner disassembly and cleaning,e1cf6f34e04e9cb6a7519ce04197b8324174b9c76f47e2669737de69c09f1006,21445,youtube_video_frame_wall_mounted_lg_candidate,unknown_verify_before_training,wall_mounted_candidate,filter,needs_human_filter_bbox_labeling,candidate_review_needed,Extracted frame at 85.0s; keep only if actual wall-mounted LG indoor unit and filter/filter slot is visible.
10_원천이미지_raw/20_학습후보/lg_wall_mounted_filter_video_frame_candidates/video_frame_candidate_046_6xXHrk14884_0089s.jpg,46,https://www.youtube.com/watch?v=6xXHrk14884,https://www.youtube.com/watch?v=6xXHrk14884,LG Whisen wall-mounted air-conditioner disassembly and cleaning,c847fbd933e7d120fba4f441f62f69c07f652305511b05c3ea6f6a8793c32184,13610,youtube_video_frame_wall_mounted_lg_candidate,unknown_verify_before_training,wall_mounted_candidate,filter,needs_human_filter_bbox_labeling,candidate_review_needed,Extracted frame at 89.0s; keep only if actual wall-mounted LG indoor unit and filter/filter slot is visible.
10_원천이미지_raw/20_학습후보/lg_wall_mounted_filter_video_frame_candidates/video_frame_candidate_047_6xXHrk14884_0093s.jpg,47,https://www.youtube.com/watch?v=6xXHrk14884,https://www.youtube.com/watch?v=6xXHrk14884,LG Whisen wall-mounted air-conditioner disassembly and cleaning,30cf5763048b21c48d23d58d2230776a351913d14fc9fd7193527387f5c096c6,15471,youtube_video_frame_wall_mounted_lg_candidate,unknown_verify_before_training,wall_mounted_candidate,filter,needs_human_filter_bbox_labeling,candidate_review_needed,Extracted frame at 93.0s; keep only if actual wall-mounted LG indoor unit and filter/filter slot is visible.
10_원천이미지_raw/20_학습후보/lg_wall_mounted_filter_video_frame_candidates/video_frame_candidate_048_6xXHrk14884_0097s.jpg,48,https://www.youtube.com/watch?v=6xXHrk14884,https://www.youtube.com/watch?v=6xXHrk14884,LG Whisen wall-mounted air-conditioner disassembly and cleaning,a0252c08d60784a6e02e94bf0383ef90167626613fd68f9a3bc112a16a22504d,16798,youtube_video_frame_wall_mounted_lg_candidate,unknown_verify_before_training,wall_mounted_candidate,filter,needs_human_filter_bbox_labeling,candidate_review_needed,Extracted frame at 97.0s; keep only if actual wall-mounted LG indoor unit and filter/filter slot is visible.
10_원천이미지_raw/20_학습후보/lg_wall_mounted_filter_video_frame_candidates/video_frame_candidate_049_6xXHrk14884_0101s.jpg,49,https://www.youtube.com/watch?v=6xXHrk14884,https://www.youtube.com/watch?v=6xXHrk14884,LG Whisen wall-mounted air-conditioner disassembly and cleaning,8db2e57a0473d1324553114c8b31eba61a15d56ddb74c142428feb5266cd9900,20443,youtube_video_frame_wall_mounted_lg_candidate,unknown_verify_before_training,wall_mounted_candidate,filter,needs_human_filter_bbox_labeling,candidate_review_needed,Extracted frame at 101.0s; keep only if actual wall-mounted LG indoor unit and filter/filter slot is visible.
10_원천이미지_raw/20_학습후보/lg_wall_mounted_filter_video_frame_candidates/video_frame_candidate_050_6xXHrk14884_0105s.jpg,50,https://www.youtube.com/watch?v=6xXHrk14884,https://www.youtube.com/watch?v=6xXHrk14884,LG Whisen wall-mounted air-conditioner disassembly and cleaning,a11dc466dcdc021823b7985861fd6f1ef913a3a01ed4e8c571d1bedb292c4d52,25066,youtube_video_frame_wall_mounted_lg_candidate,unknown_verify_before_training,wall_mounted_candidate,filter,needs_human_filter_bbox_labeling,candidate_review_needed,Extracted frame at 105.0s; keep only if actual wall-mounted LG indoor unit and filter/filter slot is visible.
10_원천이미지_raw/20_학습후보/lg_wall_mounted_filter_video_frame_candidates/video_frame_candidate_051_6xXHrk14884_0109s.jpg,51,https://www.youtube.com/watch?v=6xXHrk14884,https://www.youtube.com/watch?v=6xXHrk14884,LG Whisen wall-mounted air-conditioner disassembly and cleaning,2c5474f700e0fdfa8120f51509d6efe095faf57da35ff8fa3456f45218421bad,21630,youtube_video_frame_wall_mounted_lg_candidate,unknown_verify_before_training,wall_mounted_candidate,filter,needs_human_filter_bbox_labeling,candidate_review_needed,Extracted frame at 109.0s; keep only if actual wall-mounted LG indoor unit and filter/filter slot is visible.
10_원천이미지_raw/20_학습후보/lg_wall_mounted_filter_video_frame_candidates/video_frame_candidate_052_6xXHrk14884_0113s.jpg,52,https://www.youtube.com/watch?v=6xXHrk14884,https://www.youtube.com/watch?v=6xXHrk14884,LG Whisen wall-mounted air-conditioner disassembly and cleaning,884ba0664ab666c0a66a94120f15a5d1094b8f3336798e9e640bb3482d5f5b8b,15542,youtube_video_frame_wall_mounted_lg_candidate,unknown_verify_before_training,wall_mounted_candidate,filter,needs_human_filter_bbox_labeling,candidate_review_needed,Extracted frame at 113.0s; keep only if actual wall-mounted LG indoor unit and filter/filter slot is visible.
10_원천이미지_raw/20_학습후보/lg_wall_mounted_filter_video_frame_candidates/video_frame_candidate_053_6xXHrk14884_0117s.jpg,53,https://www.youtube.com/watch?v=6xXHrk14884,https://www.youtube.com/watch?v=6xXHrk14884,LG Whisen wall-mounted air-conditioner disassembly and cleaning,c66daf48d54465d61b4be67a1064f44cb4fce6f53316c163dcaf544cd0cf1fe8,23242,youtube_video_frame_wall_mounted_lg_candidate,unknown_verify_before_training,wall_mounted_candidate,filter,needs_human_filter_bbox_labeling,candidate_review_needed,Extracted frame at 117.0s; keep only if actual wall-mounted LG indoor unit and filter/filter slot is visible.
10_원천이미지_raw/20_학습후보/lg_wall_mounted_filter_video_frame_candidates/video_frame_candidate_054_6xXHrk14884_0121s.jpg,54,https://www.youtube.com/watch?v=6xXHrk14884,https://www.youtube.com/watch?v=6xXHrk14884,LG Whisen wall-mounted air-conditioner disassembly and cleaning,9b59f49aff66bc51975356536712538bfbfa43d69446184663ced48b5cecdc4a,23735,youtube_video_frame_wall_mounted_lg_candidate,unknown_verify_before_training,wall_mounted_candidate,filter,needs_human_filter_bbox_labeling,candidate_review_needed,Extracted frame at 121.0s; keep only if actual wall-mounted LG indoor unit and filter/filter slot is visible.
10_원천이미지_raw/20_학습후보/lg_wall_mounted_filter_video_frame_candidates/video_frame_candidate_055_CUmOa18MvX0_0005s.jpg,55,https://www.youtube.com/watch?v=CUmOa18MvX0,https://www.youtube.com/watch?v=CUmOa18MvX0,LG Whisen dual inverter wall-mounted air-conditioner disassembly,7c946dc0e5848f1ca7978e64921b2c44c4e3a208e37fba1a72858632d550ed5b,69717,youtube_video_frame_wall_mounted_lg_candidate,unknown_verify_before_training,wall_mounted_candidate,filter,needs_human_filter_bbox_labeling,candidate_review_needed,Extracted frame at 5.0s; keep only if actual wall-mounted LG indoor unit and filter/filter slot is visible.
10_원천이미지_raw/20_학습후보/lg_wall_mounted_filter_video_frame_candidates/video_frame_candidate_056_CUmOa18MvX0_0009s.jpg,56,https://www.youtube.com/watch?v=CUmOa18MvX0,https://www.youtube.com/watch?v=CUmOa18MvX0,LG Whisen dual inverter wall-mounted air-conditioner disassembly,cde16c23e3d123043ee9c60e19da1f27e7ee9f25083ffa1521d536abf33b3047,67544,youtube_video_frame_wall_mounted_lg_candidate,unknown_verify_before_training,wall_mounted_candidate,filter,needs_human_filter_bbox_labeling,candidate_review_needed,Extracted frame at 9.0s; keep only if actual wall-mounted LG indoor unit and filter/filter slot is visible.
10_원천이미지_raw/20_학습후보/lg_wall_mounted_filter_video_frame_candidates/video_frame_candidate_057_CUmOa18MvX0_0013s.jpg,57,https://www.youtube.com/watch?v=CUmOa18MvX0,https://www.youtube.com/watch?v=CUmOa18MvX0,LG Whisen dual inverter wall-mounted air-conditioner disassembly,d4d45df6281a00540bbe4bd115f872785a874049f462949656666208742941d4,67584,youtube_video_frame_wall_mounted_lg_candidate,unknown_verify_before_training,wall_mounted_candidate,filter,needs_human_filter_bbox_labeling,candidate_review_needed,Extracted frame at 13.0s; keep only if actual wall-mounted LG indoor unit and filter/filter slot is visible.
10_원천이미지_raw/20_학습후보/lg_wall_mounted_filter_video_frame_candidates/video_frame_candidate_058_CUmOa18MvX0_0017s.jpg,58,https://www.youtube.com/watch?v=CUmOa18MvX0,https://www.youtube.com/watch?v=CUmOa18MvX0,LG Whisen dual inverter wall-mounted air-conditioner disassembly,3940f791b7dd1fa71ef5f5a7ce6c83f14bcb207408e2518805166b3496e15086,39202,youtube_video_frame_wall_mounted_lg_candidate,unknown_verify_before_training,wall_mounted_candidate,filter,needs_human_filter_bbox_labeling,candidate_review_needed,Extracted frame at 17.0s; keep only if actual wall-mounted LG indoor unit and filter/filter slot is visible.
10_원천이미지_raw/20_학습후보/lg_wall_mounted_filter_video_frame_candidates/video_frame_candidate_059_CUmOa18MvX0_0021s.jpg,59,https://www.youtube.com/watch?v=CUmOa18MvX0,https://www.youtube.com/watch?v=CUmOa18MvX0,LG Whisen dual inverter wall-mounted air-conditioner disassembly,ca2d2d0288ae65677e48a8c4cb51dc78dcccdd1fd263549c3ee2149438ca10e5,40980,youtube_video_frame_wall_mounted_lg_candidate,unknown_verify_before_training,wall_mounted_candidate,filter,needs_human_filter_bbox_labeling,candidate_review_needed,Extracted frame at 21.0s; keep only if actual wall-mounted LG indoor unit and filter/filter slot is visible.
10_원천이미지_raw/20_학습후보/lg_wall_mounted_filter_video_frame_candidates/video_frame_candidate_060_CUmOa18MvX0_0025s.jpg,60,https://www.youtube.com/watch?v=CUmOa18MvX0,https://www.youtube.com/watch?v=CUmOa18MvX0,LG Whisen dual inverter wall-mounted air-conditioner disassembly,a7e4b79885831902ca0643ce976b3ba1764075c3d4e18efa37a7d03230848114,36282,youtube_video_frame_wall_mounted_lg_candidate,unknown_verify_before_training,wall_mounted_candidate,filter,needs_human_filter_bbox_labeling,candidate_review_needed,Extracted frame at 25.0s; keep only if actual wall-mounted LG indoor unit and filter/filter slot is visible.
10_원천이미지_raw/20_학습후보/lg_wall_mounted_filter_video_frame_candidates/video_frame_candidate_061_CUmOa18MvX0_0029s.jpg,61,https://www.youtube.com/watch?v=CUmOa18MvX0,https://www.youtube.com/watch?v=CUmOa18MvX0,LG Whisen dual inverter wall-mounted air-conditioner disassembly,72cb0327caf409f6a06e9b6be4306a9845dad652f6360e6c000b9c7bcd567219,41140,youtube_video_frame_wall_mounted_lg_candidate,unknown_verify_before_training,wall_mounted_candidate,filter,needs_human_filter_bbox_labeling,candidate_review_needed,Extracted frame at 29.0s; keep only if actual wall-mounted LG indoor unit and filter/filter slot is visible.
10_원천이미지_raw/20_학습후보/lg_wall_mounted_filter_video_frame_candidates/video_frame_candidate_062_CUmOa18MvX0_0033s.jpg,62,https://www.youtube.com/watch?v=CUmOa18MvX0,https://www.youtube.com/watch?v=CUmOa18MvX0,LG Whisen dual inverter wall-mounted air-conditioner disassembly,8d7195d5be77c44353ab531d1f55796f1b192ab0db546e7dc54526968e572bd0,41821,youtube_video_frame_wall_mounted_lg_candidate,unknown_verify_before_training,wall_mounted_candidate,filter,needs_human_filter_bbox_labeling,candidate_review_needed,Extracted frame at 33.0s; keep only if actual wall-mounted LG indoor unit and filter/filter slot is visible.
10_원천이미지_raw/20_학습후보/lg_wall_mounted_filter_video_frame_candidates/video_frame_candidate_063_CUmOa18MvX0_0037s.jpg,63,https://www.youtube.com/watch?v=CUmOa18MvX0,https://www.youtube.com/watch?v=CUmOa18MvX0,LG Whisen dual inverter wall-mounted air-conditioner disassembly,086bc0e8fc731ccf04ddc74c14a72cd84a78a1cc16d15bd18ac10f7f380379ac,41142,youtube_video_frame_wall_mounted_lg_candidate,unknown_verify_before_training,wall_mounted_candidate,filter,needs_human_filter_bbox_labeling,candidate_review_needed,Extracted frame at 37.0s; keep only if actual wall-mounted LG indoor unit and filter/filter slot is visible.
10_원천이미지_raw/20_학습후보/lg_wall_mounted_filter_video_frame_candidates/video_frame_candidate_064_CUmOa18MvX0_0041s.jpg,64,https://www.youtube.com/watch?v=CUmOa18MvX0,https://www.youtube.com/watch?v=CUmOa18MvX0,LG Whisen dual inverter wall-mounted air-conditioner disassembly,d10ea165edb56f78a60e26651a7d0258777d9f556647537408b4f7a41a1cecb4,41444,youtube_video_frame_wall_mounted_lg_candidate,unknown_verify_before_training,wall_mounted_candidate,filter,needs_human_filter_bbox_labeling,candidate_review_needed,Extracted frame at 41.0s; keep only if actual wall-mounted LG indoor unit and filter/filter slot is visible.
10_원천이미지_raw/20_학습후보/lg_wall_mounted_filter_video_frame_candidates/video_frame_candidate_065_CUmOa18MvX0_0045s.jpg,65,https://www.youtube.com/watch?v=CUmOa18MvX0,https://www.youtube.com/watch?v=CUmOa18MvX0,LG Whisen dual inverter wall-mounted air-conditioner disassembly,f8d33a128316482823c03e0fc59f9929e438c1d8ccb2f4e00df77add29cbba10,33808,youtube_video_frame_wall_mounted_lg_candidate,unknown_verify_before_training,wall_mounted_candidate,filter,needs_human_filter_bbox_labeling,candidate_review_needed,Extracted frame at 45.0s; keep only if actual wall-mounted LG indoor unit and filter/filter slot is visible.
10_원천이미지_raw/20_학습후보/lg_wall_mounted_filter_video_frame_candidates/video_frame_candidate_066_CUmOa18MvX0_0049s.jpg,66,https://www.youtube.com/watch?v=CUmOa18MvX0,https://www.youtube.com/watch?v=CUmOa18MvX0,LG Whisen dual inverter wall-mounted air-conditioner disassembly,6d32c0ea34f21cd8981ae5005d21b0e911cff33e74cb671b94b7b6c2a6360a80,49985,youtube_video_frame_wall_mounted_lg_candidate,unknown_verify_before_training,wall_mounted_candidate,filter,needs_human_filter_bbox_labeling,candidate_review_needed,Extracted frame at 49.0s; keep only if actual wall-mounted LG indoor unit and filter/filter slot is visible.
10_원천이미지_raw/20_학습후보/lg_wall_mounted_filter_video_frame_candidates/video_frame_candidate_067_CUmOa18MvX0_0053s.jpg,67,https://www.youtube.com/watch?v=CUmOa18MvX0,https://www.youtube.com/watch?v=CUmOa18MvX0,LG Whisen dual inverter wall-mounted air-conditioner disassembly,8e88db9572abc15b1b4bc16e4c36b30218d13ac39896b4365ff8c8b09f46a7d4,48100,youtube_video_frame_wall_mounted_lg_candidate,unknown_verify_before_training,wall_mounted_candidate,filter,needs_human_filter_bbox_labeling,candidate_review_needed,Extracted frame at 53.0s; keep only if actual wall-mounted LG indoor unit and filter/filter slot is visible.
10_원천이미지_raw/20_학습후보/lg_wall_mounted_filter_video_frame_candidates/video_frame_candidate_068_CUmOa18MvX0_0057s.jpg,68,https://www.youtube.com/watch?v=CUmOa18MvX0,https://www.youtube.com/watch?v=CUmOa18MvX0,LG Whisen dual inverter wall-mounted air-conditioner disassembly,8a251af883cf697dfe297bcc8a5b285e529ecdac5dd26a7195ee16f43149be7b,20006,youtube_video_frame_wall_mounted_lg_candidate,unknown_verify_before_training,wall_mounted_candidate,filter,needs_human_filter_bbox_labeling,candidate_review_needed,Extracted frame at 57.0s; keep only if actual wall-mounted LG indoor unit and filter/filter slot is visible.
10_원천이미지_raw/20_학습후보/lg_wall_mounted_filter_video_frame_candidates/video_frame_candidate_069_CUmOa18MvX0_0061s.jpg,69,https://www.youtube.com/watch?v=CUmOa18MvX0,https://www.youtube.com/watch?v=CUmOa18MvX0,LG Whisen dual inverter wall-mounted air-conditioner disassembly,42c4953a15bc36afb4878bc8fe38c681e7c28f49b4a6989cf4abf4200f0656d8,34203,youtube_video_frame_wall_mounted_lg_candidate,unknown_verify_before_training,wall_mounted_candidate,filter,needs_human_filter_bbox_labeling,candidate_review_needed,Extracted frame at 61.0s; keep only if actual wall-mounted LG indoor unit and filter/filter slot is visible.
10_원천이미지_raw/20_학습후보/lg_wall_mounted_filter_video_frame_candidates/video_frame_candidate_070_CUmOa18MvX0_0065s.jpg,70,https://www.youtube.com/watch?v=CUmOa18MvX0,https://www.youtube.com/watch?v=CUmOa18MvX0,LG Whisen dual inverter wall-mounted air-conditioner disassembly,68602594eaf4a6b6d2f0a3fe76b29361a96fe11114b93a0984072578e0655a63,34456,youtube_video_frame_wall_mounted_lg_candidate,unknown_verify_before_training,wall_mounted_candidate,filter,needs_human_filter_bbox_labeling,candidate_review_needed,Extracted frame at 65.0s; keep only if actual wall-mounted LG indoor unit and filter/filter slot is visible.
10_원천이미지_raw/20_학습후보/lg_wall_mounted_filter_video_frame_candidates/video_frame_candidate_071_CUmOa18MvX0_0069s.jpg,71,https://www.youtube.com/watch?v=CUmOa18MvX0,https://www.youtube.com/watch?v=CUmOa18MvX0,LG Whisen dual inverter wall-mounted air-conditioner disassembly,28646b9e207335e2918f5f1b616f9e6c11f5fd694558f0830281783a33e24f60,34016,youtube_video_frame_wall_mounted_lg_candidate,unknown_verify_before_training,wall_mounted_candidate,filter,needs_human_filter_bbox_labeling,candidate_review_needed,Extracted frame at 69.0s; keep only if actual wall-mounted LG indoor unit and filter/filter slot is visible.
10_원천이미지_raw/20_학습후보/lg_wall_mounted_filter_video_frame_candidates/video_frame_candidate_072_CUmOa18MvX0_0073s.jpg,72,https://www.youtube.com/watch?v=CUmOa18MvX0,https://www.youtube.com/watch?v=CUmOa18MvX0,LG Whisen dual inverter wall-mounted air-conditioner disassembly,720da4782c95b43f9c064a8dab2839fbcf6b49e35f7b402c217d4721358ab83f,36299,youtube_video_frame_wall_mounted_lg_candidate,unknown_verify_before_training,wall_mounted_candidate,filter,needs_human_filter_bbox_labeling,candidate_review_needed,Extracted frame at 73.0s; keep only if actual wall-mounted LG indoor unit and filter/filter slot is visible.
10_원천이미지_raw/20_학습후보/lg_wall_mounted_filter_video_frame_candidates/video_frame_candidate_073_CUmOa18MvX0_0077s.jpg,73,https://www.youtube.com/watch?v=CUmOa18MvX0,https://www.youtube.com/watch?v=CUmOa18MvX0,LG Whisen dual inverter wall-mounted air-conditioner disassembly,93fe5da9dcf93a1da6b285883a41ca962a34c08ec025c6f2dd819b4e1e25a951,35394,youtube_video_frame_wall_mounted_lg_candidate,unknown_verify_before_training,wall_mounted_candidate,filter,needs_human_filter_bbox_labeling,candidate_review_needed,Extracted frame at 77.0s; keep only if actual wall-mounted LG indoor unit and filter/filter slot is visible.
10_원천이미지_raw/20_학습후보/lg_wall_mounted_filter_video_frame_candidates/video_frame_candidate_074_CUmOa18MvX0_0081s.jpg,74,https://www.youtube.com/watch?v=CUmOa18MvX0,https://www.youtube.com/watch?v=CUmOa18MvX0,LG Whisen dual inverter wall-mounted air-conditioner disassembly,d365f59a16a19828dd4454c99f97f5878a51208d82fb70dcac3c0dec63644e55,39592,youtube_video_frame_wall_mounted_lg_candidate,unknown_verify_before_training,wall_mounted_candidate,filter,needs_human_filter_bbox_labeling,candidate_review_needed,Extracted frame at 81.0s; keep only if actual wall-mounted LG indoor unit and filter/filter slot is visible.
10_원천이미지_raw/20_학습후보/lg_wall_mounted_filter_video_frame_candidates/video_frame_candidate_075_CUmOa18MvX0_0085s.jpg,75,https://www.youtube.com/watch?v=CUmOa18MvX0,https://www.youtube.com/watch?v=CUmOa18MvX0,LG Whisen dual inverter wall-mounted air-conditioner disassembly,e0711779af280e86aa0f6226c84716e8071270c8133c78b37000b765b6d10de0,33124,youtube_video_frame_wall_mounted_lg_candidate,unknown_verify_before_training,wall_mounted_candidate,filter,needs_human_filter_bbox_labeling,candidate_review_needed,Extracted frame at 85.0s; keep only if actual wall-mounted LG indoor unit and filter/filter slot is visible.
10_원천이미지_raw/20_학습후보/lg_wall_mounted_filter_video_frame_candidates/video_frame_candidate_076_CUmOa18MvX0_0089s.jpg,76,https://www.youtube.com/watch?v=CUmOa18MvX0,https://www.youtube.com/watch?v=CUmOa18MvX0,LG Whisen dual inverter wall-mounted air-conditioner disassembly,e5050bb94e55760a5594a5d909f071dc57d76f455b00972133da903e2f99b656,39981,youtube_video_frame_wall_mounted_lg_candidate,unknown_verify_before_training,wall_mounted_candidate,filter,needs_human_filter_bbox_labeling,candidate_review_needed,Extracted frame at 89.0s; keep only if actual wall-mounted LG indoor unit and filter/filter slot is visible.
10_원천이미지_raw/20_학습후보/lg_wall_mounted_filter_video_frame_candidates/video_frame_candidate_077_CUmOa18MvX0_0093s.jpg,77,https://www.youtube.com/watch?v=CUmOa18MvX0,https://www.youtube.com/watch?v=CUmOa18MvX0,LG Whisen dual inverter wall-mounted air-conditioner disassembly,568cb985913a37578426b1f07594b81d484977168e7aea918ea3ac797cccff88,36165,youtube_video_frame_wall_mounted_lg_candidate,unknown_verify_before_training,wall_mounted_candidate,filter,needs_human_filter_bbox_labeling,candidate_review_needed,Extracted frame at 93.0s; keep only if actual wall-mounted LG indoor unit and filter/filter slot is visible.
10_원천이미지_raw/20_학습후보/lg_wall_mounted_filter_video_frame_candidates/video_frame_candidate_078_CUmOa18MvX0_0097s.jpg,78,https://www.youtube.com/watch?v=CUmOa18MvX0,https://www.youtube.com/watch?v=CUmOa18MvX0,LG Whisen dual inverter wall-mounted air-conditioner disassembly,ad04fbe8095176554851f77dd128a8ab7c71f4e179f8a7ef90fde04a797114a8,35292,youtube_video_frame_wall_mounted_lg_candidate,unknown_verify_before_training,wall_mounted_candidate,filter,needs_human_filter_bbox_labeling,candidate_review_needed,Extracted frame at 97.0s; keep only if actual wall-mounted LG indoor unit and filter/filter slot is visible.
10_원천이미지_raw/20_학습후보/lg_wall_mounted_filter_video_frame_candidates/video_frame_candidate_079_CUmOa18MvX0_0101s.jpg,79,https://www.youtube.com/watch?v=CUmOa18MvX0,https://www.youtube.com/watch?v=CUmOa18MvX0,LG Whisen dual inverter wall-mounted air-conditioner disassembly,eb7d03f477e2f52bcbda020aaf8673a99afa837a23b1fe96399f8db4a5276ba0,33427,youtube_video_frame_wall_mounted_lg_candidate,unknown_verify_before_training,wall_mounted_candidate,filter,needs_human_filter_bbox_labeling,candidate_review_needed,Extracted frame at 101.0s; keep only if actual wall-mounted LG indoor unit and filter/filter slot is visible.
10_원천이미지_raw/20_학습후보/lg_wall_mounted_filter_video_frame_candidates/video_frame_candidate_080_CUmOa18MvX0_0105s.jpg,80,https://www.youtube.com/watch?v=CUmOa18MvX0,https://www.youtube.com/watch?v=CUmOa18MvX0,LG Whisen dual inverter wall-mounted air-conditioner disassembly,90e26fb7e70c446958b9fa7b67465d8c4f4d48d76c30d7e905be2e0a542faa93,39544,youtube_video_frame_wall_mounted_lg_candidate,unknown_verify_before_training,wall_mounted_candidate,filter,needs_human_filter_bbox_labeling,candidate_review_needed,Extracted frame at 105.0s; keep only if actual wall-mounted LG indoor unit and filter/filter slot is visible.
10_원천이미지_raw/20_학습후보/lg_wall_mounted_filter_video_frame_candidates/video_frame_candidate_081_CUmOa18MvX0_0109s.jpg,81,https://www.youtube.com/watch?v=CUmOa18MvX0,https://www.youtube.com/watch?v=CUmOa18MvX0,LG Whisen dual inverter wall-mounted air-conditioner disassembly,a395c544ae233abc71616ef86d1fdd4fcb890ea74a6a7f069321b47d3ef72a6d,39098,youtube_video_frame_wall_mounted_lg_candidate,unknown_verify_before_training,wall_mounted_candidate,filter,needs_human_filter_bbox_labeling,candidate_review_needed,Extracted frame at 109.0s; keep only if actual wall-mounted LG indoor unit and filter/filter slot is visible.
10_원천이미지_raw/20_학습후보/lg_wall_mounted_filter_video_frame_candidates/video_frame_candidate_082_CUmOa18MvX0_0113s.jpg,82,https://www.youtube.com/watch?v=CUmOa18MvX0,https://www.youtube.com/watch?v=CUmOa18MvX0,LG Whisen dual inverter wall-mounted air-conditioner disassembly,25e1bad554dcc4bfeabac74be41089061b8f2929b450006cff598a0ab283da60,32204,youtube_video_frame_wall_mounted_lg_candidate,unknown_verify_before_training,wall_mounted_candidate,filter,needs_human_filter_bbox_labeling,candidate_review_needed,Extracted frame at 113.0s; keep only if actual wall-mounted LG indoor unit and filter/filter slot is visible.
10_원천이미지_raw/20_학습후보/lg_wall_mounted_filter_video_frame_candidates/video_frame_candidate_083_CUmOa18MvX0_0117s.jpg,83,https://www.youtube.com/watch?v=CUmOa18MvX0,https://www.youtube.com/watch?v=CUmOa18MvX0,LG Whisen dual inverter wall-mounted air-conditioner disassembly,598dbb52a4f7644723aec9ec8a60fa372ba45598143c13e56f9b3ceaed142849,40579,youtube_video_frame_wall_mounted_lg_candidate,unknown_verify_before_training,wall_mounted_candidate,filter,needs_human_filter_bbox_labeling,candidate_review_needed,Extracted frame at 117.0s; keep only if actual wall-mounted LG indoor unit and filter/filter slot is visible.
10_원천이미지_raw/20_학습후보/lg_wall_mounted_filter_video_frame_candidates/video_frame_candidate_084_CUmOa18MvX0_0121s.jpg,84,https://www.youtube.com/watch?v=CUmOa18MvX0,https://www.youtube.com/watch?v=CUmOa18MvX0,LG Whisen dual inverter wall-mounted air-conditioner disassembly,7562b06f9ec6cded4da318dc1b273cdbf6d0f9c725fb1cc21ced094f1a95ac79,29146,youtube_video_frame_wall_mounted_lg_candidate,unknown_verify_before_training,wall_mounted_candidate,filter,needs_human_filter_bbox_labeling,candidate_review_needed,Extracted frame at 121.0s; keep only if actual wall-mounted LG indoor unit and filter/filter slot is visible.
10_원천이미지_raw/20_학습후보/lg_wall_mounted_filter_video_frame_candidates/video_frame_candidate_085_gp8CqK-uP5M_0005s.jpg,85,https://www.youtube.com/watch?v=gp8CqK-uP5M,https://www.youtube.com/watch?v=gp8CqK-uP5M,LG air conditioner air filter cleaning,2cfd53bbae71f7634f165d6a68149fb86277dc9846ea057cd48f07307c2bcac4,20319,youtube_video_frame_wall_mounted_lg_candidate,unknown_verify_before_training,wall_mounted_candidate,filter,needs_human_filter_bbox_labeling,candidate_review_needed,Extracted frame at 5.0s; keep only if actual wall-mounted LG indoor unit and filter/filter slot is visible.
10_원천이미지_raw/20_학습후보/lg_wall_mounted_filter_video_frame_candidates/video_frame_candidate_086_gp8CqK-uP5M_0009s.jpg,86,https://www.youtube.com/watch?v=gp8CqK-uP5M,https://www.youtube.com/watch?v=gp8CqK-uP5M,LG air conditioner air filter cleaning,b6e9ce3b371eab421eeddbb8daa7da07eea6de53637739ec1cab2ecdc9282293,38043,youtube_video_frame_wall_mounted_lg_candidate,unknown_verify_before_training,wall_mounted_candidate,filter,needs_human_filter_bbox_labeling,candidate_review_needed,Extracted frame at 9.0s; keep only if actual wall-mounted LG indoor unit and filter/filter slot is visible.
10_원천이미지_raw/20_학습후보/lg_wall_mounted_filter_video_frame_candidates/video_frame_candidate_087_gp8CqK-uP5M_0013s.jpg,87,https://www.youtube.com/watch?v=gp8CqK-uP5M,https://www.youtube.com/watch?v=gp8CqK-uP5M,LG air conditioner air filter cleaning,a653ae4f68e48ab4a47f0058ea21933010d1dcac386ed7ac2113d27980afe050,38385,youtube_video_frame_wall_mounted_lg_candidate,unknown_verify_before_training,wall_mounted_candidate,filter,needs_human_filter_bbox_labeling,candidate_review_needed,Extracted frame at 13.0s; keep only if actual wall-mounted LG indoor unit and filter/filter slot is visible.
10_원천이미지_raw/20_학습후보/lg_wall_mounted_filter_video_frame_candidates/video_frame_candidate_088_gp8CqK-uP5M_0017s.jpg,88,https://www.youtube.com/watch?v=gp8CqK-uP5M,https://www.youtube.com/watch?v=gp8CqK-uP5M,LG air conditioner air filter cleaning,7dde32a2047af5f28bfa2ee31d663c88940a839ecda6ff28ee69fd0953074b40,22162,youtube_video_frame_wall_mounted_lg_candidate,unknown_verify_before_training,wall_mounted_candidate,filter,needs_human_filter_bbox_labeling,candidate_review_needed,Extracted frame at 17.0s; keep only if actual wall-mounted LG indoor unit and filter/filter slot is visible.
10_원천이미지_raw/20_학습후보/lg_wall_mounted_filter_video_frame_candidates/video_frame_candidate_089_gp8CqK-uP5M_0021s.jpg,89,https://www.youtube.com/watch?v=gp8CqK-uP5M,https://www.youtube.com/watch?v=gp8CqK-uP5M,LG air conditioner air filter cleaning,de4f44f11766463344760f408b7be6bb5f48efee004c0a3ec72c8b6b507f9317,26399,youtube_video_frame_wall_mounted_lg_candidate,unknown_verify_before_training,wall_mounted_candidate,filter,needs_human_filter_bbox_labeling,candidate_review_needed,Extracted frame at 21.0s; keep only if actual wall-mounted LG indoor unit and filter/filter slot is visible.
10_원천이미지_raw/20_학습후보/lg_wall_mounted_filter_video_frame_candidates/video_frame_candidate_090_gp8CqK-uP5M_0025s.jpg,90,https://www.youtube.com/watch?v=gp8CqK-uP5M,https://www.youtube.com/watch?v=gp8CqK-uP5M,LG air conditioner air filter cleaning,104e8411bb1ee36bc1cfdf1c20946dafe19b3cdb4e46f47d09dab97aea050327,21212,youtube_video_frame_wall_mounted_lg_candidate,unknown_verify_before_training,wall_mounted_candidate,filter,needs_human_filter_bbox_labeling,candidate_review_needed,Extracted frame at 25.0s; keep only if actual wall-mounted LG indoor unit and filter/filter slot is visible.
10_원천이미지_raw/20_학습후보/lg_wall_mounted_filter_video_frame_candidates/video_frame_candidate_091_gp8CqK-uP5M_0029s.jpg,91,https://www.youtube.com/watch?v=gp8CqK-uP5M,https://www.youtube.com/watch?v=gp8CqK-uP5M,LG air conditioner air filter cleaning,0b53be49b1422c7c89da370755af5a5fd3d8c77627cdc9dfb7e155089bc29b03,24283,youtube_video_frame_wall_mounted_lg_candidate,unknown_verify_before_training,wall_mounted_candidate,filter,needs_human_filter_bbox_labeling,candidate_review_needed,Extracted frame at 29.0s; keep only if actual wall-mounted LG indoor unit and filter/filter slot is visible.
10_원천이미지_raw/20_학습후보/lg_wall_mounted_filter_video_frame_candidates/video_frame_candidate_092_gp8CqK-uP5M_0033s.jpg,92,https://www.youtube.com/watch?v=gp8CqK-uP5M,https://www.youtube.com/watch?v=gp8CqK-uP5M,LG air conditioner air filter cleaning,26675276c1dea35be3777071added29dc379b82da69d748a7ad13f6a50399fa1,25118,youtube_video_frame_wall_mounted_lg_candidate,unknown_verify_before_training,wall_mounted_candidate,filter,needs_human_filter_bbox_labeling,candidate_review_needed,Extracted frame at 33.0s; keep only if actual wall-mounted LG indoor unit and filter/filter slot is visible.
10_원천이미지_raw/20_학습후보/lg_wall_mounted_filter_video_frame_candidates/video_frame_candidate_093_gp8CqK-uP5M_0037s.jpg,93,https://www.youtube.com/watch?v=gp8CqK-uP5M,https://www.youtube.com/watch?v=gp8CqK-uP5M,LG air conditioner air filter cleaning,b1dc995d7606d4e85b3999cbf8b59fd331b84284fc4cb019b244e81d795347b2,22820,youtube_video_frame_wall_mounted_lg_candidate,unknown_verify_before_training,wall_mounted_candidate,filter,needs_human_filter_bbox_labeling,candidate_review_needed,Extracted frame at 37.0s; keep only if actual wall-mounted LG indoor unit and filter/filter slot is visible.
10_원천이미지_raw/20_학습후보/lg_wall_mounted_filter_video_frame_candidates/video_frame_candidate_094_gp8CqK-uP5M_0041s.jpg,94,https://www.youtube.com/watch?v=gp8CqK-uP5M,https://www.youtube.com/watch?v=gp8CqK-uP5M,LG air conditioner air filter cleaning,6de3df78430e79e02b71c1681ac824b59ab7daba56316c96764366cc585fe2bf,33535,youtube_video_frame_wall_mounted_lg_candidate,unknown_verify_before_training,wall_mounted_candidate,filter,needs_human_filter_bbox_labeling,candidate_review_needed,Extracted frame at 41.0s; keep only if actual wall-mounted LG indoor unit and filter/filter slot is visible.
10_원천이미지_raw/20_학습후보/lg_wall_mounted_filter_video_frame_candidates/video_frame_candidate_095_gp8CqK-uP5M_0045s.jpg,95,https://www.youtube.com/watch?v=gp8CqK-uP5M,https://www.youtube.com/watch?v=gp8CqK-uP5M,LG air conditioner air filter cleaning,c91d37124e1362b1d682984d04193f69094a76cde0390c3b2715fb6705b67579,34696,youtube_video_frame_wall_mounted_lg_candidate,unknown_verify_before_training,wall_mounted_candidate,filter,needs_human_filter_bbox_labeling,candidate_review_needed,Extracted frame at 45.0s; keep only if actual wall-mounted LG indoor unit and filter/filter slot is visible.
10_원천이미지_raw/20_학습후보/lg_wall_mounted_filter_video_frame_candidates/video_frame_candidate_096_gp8CqK-uP5M_0049s.jpg,96,https://www.youtube.com/watch?v=gp8CqK-uP5M,https://www.youtube.com/watch?v=gp8CqK-uP5M,LG air conditioner air filter cleaning,fa259a939eda6e83f7d8f4e46e7b5e381fa4e750068a5ce7eb060b649e442765,32537,youtube_video_frame_wall_mounted_lg_candidate,unknown_verify_before_training,wall_mounted_candidate,filter,needs_human_filter_bbox_labeling,candidate_review_needed,Extracted frame at 49.0s; keep only if actual wall-mounted LG indoor unit and filter/filter slot is visible.
10_원천이미지_raw/20_학습후보/lg_wall_mounted_filter_video_frame_candidates/video_frame_candidate_097_gp8CqK-uP5M_0053s.jpg,97,https://www.youtube.com/watch?v=gp8CqK-uP5M,https://www.youtube.com/watch?v=gp8CqK-uP5M,LG air conditioner air filter cleaning,5addd01214be38d8baa4b18e90d3f399bf02324921a94266974c4c1118687884,32108,youtube_video_frame_wall_mounted_lg_candidate,unknown_verify_before_training,wall_mounted_candidate,filter,needs_human_filter_bbox_labeling,candidate_review_needed,Extracted frame at 53.0s; keep only if actual wall-mounted LG indoor unit and filter/filter slot is visible.
10_원천이미지_raw/20_학습후보/lg_wall_mounted_filter_video_frame_candidates/video_frame_candidate_098_gp8CqK-uP5M_0057s.jpg,98,https://www.youtube.com/watch?v=gp8CqK-uP5M,https://www.youtube.com/watch?v=gp8CqK-uP5M,LG air conditioner air filter cleaning,bf5e908d031ab05ea037a81a5bcbfd9a4a3b2f7b7fe7221c46d99779724ed163,27835,youtube_video_frame_wall_mounted_lg_candidate,unknown_verify_before_training,wall_mounted_candidate,filter,needs_human_filter_bbox_labeling,candidate_review_needed,Extracted frame at 57.0s; keep only if actual wall-mounted LG indoor unit and filter/filter slot is visible.
10_원천이미지_raw/20_학습후보/lg_wall_mounted_filter_video_frame_candidates/video_frame_candidate_099_gp8CqK-uP5M_0061s.jpg,99,https://www.youtube.com/watch?v=gp8CqK-uP5M,https://www.youtube.com/watch?v=gp8CqK-uP5M,LG air conditioner air filter cleaning,af6c688450b835b792bbd73de43b7e0940c2c9649de52706b99cfabac675098f,39357,youtube_video_frame_wall_mounted_lg_candidate,unknown_verify_before_training,wall_mounted_candidate,filter,needs_human_filter_bbox_labeling,candidate_review_needed,Extracted frame at 61.0s; keep only if actual wall-mounted LG indoor unit and filter/filter slot is visible.
10_원천이미지_raw/20_학습후보/lg_wall_mounted_filter_video_frame_candidates/video_frame_candidate_100_gp8CqK-uP5M_0065s.jpg,100,https://www.youtube.com/watch?v=gp8CqK-uP5M,https://www.youtube.com/watch?v=gp8CqK-uP5M,LG air conditioner air filter cleaning,27fa50bee22f5bbbb167638c306beeeea22d19354467d9408476a27ecc12c2ab,18731,youtube_video_frame_wall_mounted_lg_candidate,unknown_verify_before_training,wall_mounted_candidate,filter,needs_human_filter_bbox_labeling,candidate_review_needed,Extracted frame at 65.0s; keep only if actual wall-mounted LG indoor unit and filter/filter slot is visible.
10_원천이미지_raw/20_학습후보/lg_wall_mounted_filter_video_frame_candidates/video_frame_candidate_101_gp8CqK-uP5M_0069s.jpg,101,https://www.youtube.com/watch?v=gp8CqK-uP5M,https://www.youtube.com/watch?v=gp8CqK-uP5M,LG air conditioner air filter cleaning,2ff5461b15b9dcc4e20d701a09864ad62bc86d25b2f26970f0ab9b87a4e6be6e,24284,youtube_video_frame_wall_mounted_lg_candidate,unknown_verify_before_training,wall_mounted_candidate,filter,needs_human_filter_bbox_labeling,candidate_review_needed,Extracted frame at 69.0s; keep only if actual wall-mounted LG indoor unit and filter/filter slot is visible.
10_원천이미지_raw/20_학습후보/lg_wall_mounted_filter_video_frame_candidates/video_frame_candidate_102_gp8CqK-uP5M_0073s.jpg,102,https://www.youtube.com/watch?v=gp8CqK-uP5M,https://www.youtube.com/watch?v=gp8CqK-uP5M,LG air conditioner air filter cleaning,46089accb7cdcf086d22c9751d7e561e02d44c35b03907205270dc2f710fb310,27329,youtube_video_frame_wall_mounted_lg_candidate,unknown_verify_before_training,wall_mounted_candidate,filter,needs_human_filter_bbox_labeling,candidate_review_needed,Extracted frame at 73.0s; keep only if actual wall-mounted LG indoor unit and filter/filter slot is visible.
10_원천이미지_raw/20_학습후보/lg_wall_mounted_filter_video_frame_candidates/video_frame_candidate_103_gp8CqK-uP5M_0077s.jpg,103,https://www.youtube.com/watch?v=gp8CqK-uP5M,https://www.youtube.com/watch?v=gp8CqK-uP5M,LG air conditioner air filter cleaning,66e0ba4c2399c370912d6ec63f1086e9ef32bb4322fe103f1b720a60b1498008,25147,youtube_video_frame_wall_mounted_lg_candidate,unknown_verify_before_training,wall_mounted_candidate,filter,needs_human_filter_bbox_labeling,candidate_review_needed,Extracted frame at 77.0s; keep only if actual wall-mounted LG indoor unit and filter/filter slot is visible.
10_원천이미지_raw/20_학습후보/lg_wall_mounted_filter_video_frame_candidates/video_frame_candidate_104_gp8CqK-uP5M_0081s.jpg,104,https://www.youtube.com/watch?v=gp8CqK-uP5M,https://www.youtube.com/watch?v=gp8CqK-uP5M,LG air conditioner air filter cleaning,b6cc4009e80e82f7ada49e4611b45274d3313074a875f48e0e4e5e5522221657,24366,youtube_video_frame_wall_mounted_lg_candidate,unknown_verify_before_training,wall_mounted_candidate,filter,needs_human_filter_bbox_labeling,candidate_review_needed,Extracted frame at 81.0s; keep only if actual wall-mounted LG indoor unit and filter/filter slot is visible.
10_원천이미지_raw/20_학습후보/lg_wall_mounted_filter_video_frame_candidates/video_frame_candidate_105_gp8CqK-uP5M_0085s.jpg,105,https://www.youtube.com/watch?v=gp8CqK-uP5M,https://www.youtube.com/watch?v=gp8CqK-uP5M,LG air conditioner air filter cleaning,06b4d67184d999a820911720328abf51be71d44d16ad023994a738b1956f3b80,7573,youtube_video_frame_wall_mounted_lg_candidate,unknown_verify_before_training,wall_mounted_candidate,filter,needs_human_filter_bbox_labeling,candidate_review_needed,Extracted frame at 85.0s; keep only if actual wall-mounted LG indoor unit and filter/filter slot is visible.
