reviewed_relative_path,reviewed_index,source_candidate_manifest,source_candidate_index,candidate_relative_path,candidate_index,source_page,url,alt,sha256,bytes,source_type,license_status,appliance_form,target_class,label_status,visual_review_status,notes
10_원천이미지_raw/20_학습후보/lg_wall_mounted_filter_real_photo_reviewed_086/wall_filter_reviewed_001.jpg,1,lg_wall_mounted_filter_real_photo_candidates_manifest.csv,1,10_원천이미지_raw/20_학습후보/lg_wall_mounted_filter_real_photo_candidates/wall_filter_candidate_001.jpg,1,https://es.ifixit.com/Gu%C3%ADa/Desmontaje%2Bde%2BCarcasa%2BAire%2Bacondicionado%2BLG%2Bmodelo%2Bantiguo%2B2006/176396,https://guide-images.cdn.ifixit.com/igi/HMs1hONw1nCsV1wR.medium,"Desmontaje de Carcasa Aire acondicionado LG modelo antiguo 2006, Guía 1: Desmontaje de tapa, filtros y Carcasa.: paso 1, imagen 1 de 3",7bb26b089b7dc072aa61dd6e2ce0cb111726ff1d23104aeef2533cff30c336a1,40949,existing_round3_wall_mounted_actual_photo_candidate,ifixit_public_guide_verify_license_before_training,wall_mounted,filter,ready_for_roboflow_filter_bbox,accepted_wall_mounted_filter_or_filter_access_visible,Copied from prior round3 contact-sheet wall-mounted actual-photo range; remove if filter is not visible. Reviewed for wall-mounted demo; exclude later if exact filter mesh is not visible enough for bbox.
10_원천이미지_raw/20_학습후보/lg_wall_mounted_filter_real_photo_reviewed_086/wall_filter_reviewed_002.jpg,2,lg_wall_mounted_filter_real_photo_candidates_manifest.csv,2,10_원천이미지_raw/20_학습후보/lg_wall_mounted_filter_real_photo_candidates/wall_filter_candidate_002.jpg,2,https://es.ifixit.com/Gu%C3%ADa/Desmontaje%2Bde%2BCarcasa%2BAire%2Bacondicionado%2BLG%2Bmodelo%2Bantiguo%2B2006/176396,https://guide-images.cdn.ifixit.com/igi/HMs1hONw1nCsV1wR.large,"Desmontaje de Carcasa Aire acondicionado LG modelo antiguo 2006, Guía 1: Desmontaje de tapa, filtros y Carcasa.: paso 1, imagen 1 de 3",f5d747ca64248ac628c90b554306cbe9eef038e359f4eedd70c9ff7915f995c4,69450,existing_round3_wall_mounted_actual_photo_candidate,ifixit_public_guide_verify_license_before_training,wall_mounted,filter,ready_for_roboflow_filter_bbox,accepted_wall_mounted_filter_or_filter_access_visible,Copied from prior round3 contact-sheet wall-mounted actual-photo range; remove if filter is not visible. Reviewed for wall-mounted demo; exclude later if exact filter mesh is not visible enough for bbox.
10_원천이미지_raw/20_학습후보/lg_wall_mounted_filter_real_photo_reviewed_086/wall_filter_reviewed_003.jpg,3,lg_wall_mounted_filter_real_photo_candidates_manifest.csv,3,10_원천이미지_raw/20_학습후보/lg_wall_mounted_filter_real_photo_candidates/wall_filter_candidate_003.jpg,3,https://es.ifixit.com/Gu%C3%ADa/Desmontaje%2Bde%2BCarcasa%2BAire%2Bacondicionado%2BLG%2Bmodelo%2Bantiguo%2B2006/176396,https://guide-images.cdn.ifixit.com/igi/LBG2ThdwP4mQ2ZBU.medium,"Desmontaje de Carcasa Aire acondicionado LG modelo antiguo 2006, Guía 1: Desmontaje de tapa, filtros y Carcasa.: paso 1, imagen 2 de 3",c36a6cf8397a75f428b5d959251387108337c617380b7016023040b334e50f16,38499,existing_round3_wall_mounted_actual_photo_candidate,ifixit_public_guide_verify_license_before_training,wall_mounted,filter,ready_for_roboflow_filter_bbox,accepted_wall_mounted_filter_or_filter_access_visible,Copied from prior round3 contact-sheet wall-mounted actual-photo range; remove if filter is not visible. Reviewed for wall-mounted demo; exclude later if exact filter mesh is not visible enough for bbox.
10_원천이미지_raw/20_학습후보/lg_wall_mounted_filter_real_photo_reviewed_086/wall_filter_reviewed_004.jpg,4,lg_wall_mounted_filter_real_photo_candidates_manifest.csv,4,10_원천이미지_raw/20_학습후보/lg_wall_mounted_filter_real_photo_candidates/wall_filter_candidate_004.jpg,4,https://es.ifixit.com/Gu%C3%ADa/Desmontaje%2Bde%2BCarcasa%2BAire%2Bacondicionado%2BLG%2Bmodelo%2Bantiguo%2B2006/176396,https://guide-images.cdn.ifixit.com/igi/LBG2ThdwP4mQ2ZBU.large,"Desmontaje de Carcasa Aire acondicionado LG modelo antiguo 2006, Guía 1: Desmontaje de tapa, filtros y Carcasa.: paso 1, imagen 2 de 3",0595841523c3286b147c5837c2889bad6293682fb7e081e432359d6ce67961f0,62178,existing_round3_wall_mounted_actual_photo_candidate,ifixit_public_guide_verify_license_before_training,wall_mounted,filter,ready_for_roboflow_filter_bbox,accepted_wall_mounted_filter_or_filter_access_visible,Copied from prior round3 contact-sheet wall-mounted actual-photo range; remove if filter is not visible. Reviewed for wall-mounted demo; exclude later if exact filter mesh is not visible enough for bbox.
10_원천이미지_raw/20_학습후보/lg_wall_mounted_filter_real_photo_reviewed_086/wall_filter_reviewed_005.jpg,5,lg_wall_mounted_filter_real_photo_candidates_manifest.csv,5,10_원천이미지_raw/20_학습후보/lg_wall_mounted_filter_real_photo_candidates/wall_filter_candidate_005.jpg,5,https://es.ifixit.com/Gu%C3%ADa/Desmontaje%2Bde%2BCarcasa%2BAire%2Bacondicionado%2BLG%2Bmodelo%2Bantiguo%2B2006/176396,https://guide-images.cdn.ifixit.com/igi/TFEoXhNBqLJ22YLc.medium,"Desmontaje de Carcasa Aire acondicionado LG modelo antiguo 2006, Guía 1: Desmontaje de tapa, filtros y Carcasa.: paso 1, imagen 3 de 3",ecb34c0056df9f57abd9bc4bdc6e7c34f26766b5d1bb2a268c381bc3d0c2142c,40400,existing_round3_wall_mounted_actual_photo_candidate,ifixit_public_guide_verify_license_before_training,wall_mounted,filter,ready_for_roboflow_filter_bbox,accepted_wall_mounted_filter_or_filter_access_visible,Copied from prior round3 contact-sheet wall-mounted actual-photo range; remove if filter is not visible. Reviewed for wall-mounted demo; exclude later if exact filter mesh is not visible enough for bbox.
10_원천이미지_raw/20_학습후보/lg_wall_mounted_filter_real_photo_reviewed_086/wall_filter_reviewed_006.jpg,6,lg_wall_mounted_filter_real_photo_candidates_manifest.csv,6,10_원천이미지_raw/20_학습후보/lg_wall_mounted_filter_real_photo_candidates/wall_filter_candidate_006.jpg,6,https://es.ifixit.com/Gu%C3%ADa/Desmontaje%2Bde%2BCarcasa%2BAire%2Bacondicionado%2BLG%2Bmodelo%2Bantiguo%2B2006/176396,https://guide-images.cdn.ifixit.com/igi/TFEoXhNBqLJ22YLc.large,"Desmontaje de Carcasa Aire acondicionado LG modelo antiguo 2006, Guía 1: Desmontaje de tapa, filtros y Carcasa.: paso 1, imagen 3 de 3",18d65b10d418a957c86e724648f9ae8ae56ac0205cacdc1fed8c0f1bf6fa54cb,65263,existing_round3_wall_mounted_actual_photo_candidate,ifixit_public_guide_verify_license_before_training,wall_mounted,filter,ready_for_roboflow_filter_bbox,accepted_wall_mounted_filter_or_filter_access_visible,Copied from prior round3 contact-sheet wall-mounted actual-photo range; remove if filter is not visible. Reviewed for wall-mounted demo; exclude later if exact filter mesh is not visible enough for bbox.
10_원천이미지_raw/20_학습후보/lg_wall_mounted_filter_real_photo_reviewed_086/wall_filter_reviewed_007.jpg,7,lg_wall_mounted_filter_real_photo_candidates_manifest.csv,7,10_원천이미지_raw/20_학습후보/lg_wall_mounted_filter_real_photo_candidates/wall_filter_candidate_007.jpg,7,https://es.ifixit.com/Gu%C3%ADa/Desmontaje%2Bde%2BCarcasa%2BAire%2Bacondicionado%2BLG%2Bmodelo%2Bantiguo%2B2006/176396,https://guide-images.cdn.ifixit.com/igi/HMs1hONw1nCsV1wR.200x150,,31d3574c948a40c88b8f03e43c9dbfcc6e95bfcb4485da545bcf6e9536799f63,6739,existing_round3_wall_mounted_actual_photo_candidate,ifixit_public_guide_verify_license_before_training,wall_mounted,filter,ready_for_roboflow_filter_bbox,accepted_wall_mounted_filter_or_filter_access_visible,Copied from prior round3 contact-sheet wall-mounted actual-photo range; remove if filter is not visible. Reviewed for wall-mounted demo; exclude later if exact filter mesh is not visible enough for bbox.
10_원천이미지_raw/20_학습후보/lg_wall_mounted_filter_real_photo_reviewed_086/wall_filter_reviewed_008.jpg,8,lg_wall_mounted_filter_real_photo_candidates_manifest.csv,8,10_원천이미지_raw/20_학습후보/lg_wall_mounted_filter_real_photo_candidates/wall_filter_candidate_008.jpg,8,https://es.ifixit.com/Gu%C3%ADa/Desmontaje%2Bde%2BCarcasa%2BAire%2Bacondicionado%2BLG%2Bmodelo%2Bantiguo%2B2006/176396,https://guide-images.cdn.ifixit.com/igi/LBG2ThdwP4mQ2ZBU.200x150,,ad798fb58abf91650a14d91975236221a3361cd6593e08308c3aca0f9ad43498,7045,existing_round3_wall_mounted_actual_photo_candidate,ifixit_public_guide_verify_license_before_training,wall_mounted,filter,ready_for_roboflow_filter_bbox,accepted_wall_mounted_filter_or_filter_access_visible,Copied from prior round3 contact-sheet wall-mounted actual-photo range; remove if filter is not visible. Reviewed for wall-mounted demo; exclude later if exact filter mesh is not visible enough for bbox.
10_원천이미지_raw/20_학습후보/lg_wall_mounted_filter_real_photo_reviewed_086/wall_filter_reviewed_009.jpg,9,lg_wall_mounted_filter_real_photo_candidates_manifest.csv,9,10_원천이미지_raw/20_학습후보/lg_wall_mounted_filter_real_photo_candidates/wall_filter_candidate_009.jpg,9,https://es.ifixit.com/Gu%C3%ADa/Desmontaje%2Bde%2BCarcasa%2BAire%2Bacondicionado%2BLG%2Bmodelo%2Bantiguo%2B2006/176396,https://guide-images.cdn.ifixit.com/igi/TFEoXhNBqLJ22YLc.200x150,,544b3cd886bbc4b0be0ed887849c1d8a28d3706b9205395d4d47115b5661bfaf,7095,existing_round3_wall_mounted_actual_photo_candidate,ifixit_public_guide_verify_license_before_training,wall_mounted,filter,ready_for_roboflow_filter_bbox,accepted_wall_mounted_filter_or_filter_access_visible,Copied from prior round3 contact-sheet wall-mounted actual-photo range; remove if filter is not visible. Reviewed for wall-mounted demo; exclude later if exact filter mesh is not visible enough for bbox.
10_원천이미지_raw/20_학습후보/lg_wall_mounted_filter_real_photo_reviewed_086/wall_filter_reviewed_010.jpg,10,lg_wall_mounted_filter_real_photo_candidates_manifest.csv,10,10_원천이미지_raw/20_학습후보/lg_wall_mounted_filter_real_photo_candidates/wall_filter_candidate_010.jpg,10,https://es.ifixit.com/Gu%C3%ADa/Desmontaje%2Bde%2BCarcasa%2BAire%2Bacondicionado%2BLG%2Bmodelo%2Bantiguo%2B2006/176396,https://guide-images.cdn.ifixit.com/igi/qmqpQBcHJlAZ6A2J.medium,"Desmontaje de Carcasa Aire acondicionado LG modelo antiguo 2006: paso 2, imagen 1 de 2",c35b4fe0d7e18822a07398f879da2885e338954425fd7dc89fca9e659841789e,46783,existing_round3_wall_mounted_actual_photo_candidate,ifixit_public_guide_verify_license_before_training,wall_mounted,filter,ready_for_roboflow_filter_bbox,accepted_wall_mounted_filter_or_filter_access_visible,Copied from prior round3 contact-sheet wall-mounted actual-photo range; remove if filter is not visible. Reviewed for wall-mounted demo; exclude later if exact filter mesh is not visible enough for bbox.
10_원천이미지_raw/20_학습후보/lg_wall_mounted_filter_real_photo_reviewed_086/wall_filter_reviewed_011.jpg,11,lg_wall_mounted_filter_real_photo_candidates_manifest.csv,11,10_원천이미지_raw/20_학습후보/lg_wall_mounted_filter_real_photo_candidates/wall_filter_candidate_011.jpg,11,https://es.ifixit.com/Gu%C3%ADa/Desmontaje%2Bde%2BCarcasa%2BAire%2Bacondicionado%2BLG%2Bmodelo%2Bantiguo%2B2006/176396,https://guide-images.cdn.ifixit.com/igi/qmqpQBcHJlAZ6A2J.large,"Desmontaje de Carcasa Aire acondicionado LG modelo antiguo 2006: paso 2, imagen 1 de 2",3b49fedc5b1d9a6be4bdddae4ebe0ed7a74091959a9736c60057e558bd9a6091,78231,existing_round3_wall_mounted_actual_photo_candidate,ifixit_public_guide_verify_license_before_training,wall_mounted,filter,ready_for_roboflow_filter_bbox,accepted_wall_mounted_filter_or_filter_access_visible,Copied from prior round3 contact-sheet wall-mounted actual-photo range; remove if filter is not visible. Reviewed for wall-mounted demo; exclude later if exact filter mesh is not visible enough for bbox.
10_원천이미지_raw/20_학습후보/lg_wall_mounted_filter_real_photo_reviewed_086/wall_filter_reviewed_012.jpg,12,lg_wall_mounted_filter_real_photo_candidates_manifest.csv,12,10_원천이미지_raw/20_학습후보/lg_wall_mounted_filter_real_photo_candidates/wall_filter_candidate_012.jpg,12,https://es.ifixit.com/Gu%C3%ADa/Desmontaje%2Bde%2BCarcasa%2BAire%2Bacondicionado%2BLG%2Bmodelo%2Bantiguo%2B2006/176396,https://guide-images.cdn.ifixit.com/igi/w3aiCXKAtoAkqnmr.medium,"Desmontaje de Carcasa Aire acondicionado LG modelo antiguo 2006: paso 2, imagen 2 de 2",5b728b8f3b1fa5294aad40c8b9392193f11b786b5223e59621577de127643ca9,45892,existing_round3_wall_mounted_actual_photo_candidate,ifixit_public_guide_verify_license_before_training,wall_mounted,filter,ready_for_roboflow_filter_bbox,accepted_wall_mounted_filter_or_filter_access_visible,Copied from prior round3 contact-sheet wall-mounted actual-photo range; remove if filter is not visible. Reviewed for wall-mounted demo; exclude later if exact filter mesh is not visible enough for bbox.
10_원천이미지_raw/20_학습후보/lg_wall_mounted_filter_real_photo_reviewed_086/wall_filter_reviewed_013.jpg,13,lg_wall_mounted_filter_real_photo_candidates_manifest.csv,13,10_원천이미지_raw/20_학습후보/lg_wall_mounted_filter_real_photo_candidates/wall_filter_candidate_013.jpg,13,https://es.ifixit.com/Gu%C3%ADa/Desmontaje%2Bde%2BCarcasa%2BAire%2Bacondicionado%2BLG%2Bmodelo%2Bantiguo%2B2006/176396,https://guide-images.cdn.ifixit.com/igi/w3aiCXKAtoAkqnmr.large,"Desmontaje de Carcasa Aire acondicionado LG modelo antiguo 2006: paso 2, imagen 2 de 2",52af3b9659d9922e9fd2ca7722f34017b9f247368c9d4d6dc1fb6156c68efa92,72825,existing_round3_wall_mounted_actual_photo_candidate,ifixit_public_guide_verify_license_before_training,wall_mounted,filter,ready_for_roboflow_filter_bbox,accepted_wall_mounted_filter_or_filter_access_visible,Copied from prior round3 contact-sheet wall-mounted actual-photo range; remove if filter is not visible. Reviewed for wall-mounted demo; exclude later if exact filter mesh is not visible enough for bbox.
10_원천이미지_raw/20_학습후보/lg_wall_mounted_filter_real_photo_reviewed_086/wall_filter_reviewed_014.jpg,14,lg_wall_mounted_filter_real_photo_candidates_manifest.csv,14,10_원천이미지_raw/20_학습후보/lg_wall_mounted_filter_real_photo_candidates/wall_filter_candidate_014.jpg,14,https://es.ifixit.com/Gu%C3%ADa/Desmontaje%2Bde%2BCarcasa%2BAire%2Bacondicionado%2BLG%2Bmodelo%2Bantiguo%2B2006/176396,https://guide-images.cdn.ifixit.com/igi/qmqpQBcHJlAZ6A2J.200x150,,940d7007c8d2d8abbeb4132b764d9a9adba0056e74e8e5043e126988c4cb6a6b,7933,existing_round3_wall_mounted_actual_photo_candidate,ifixit_public_guide_verify_license_before_training,wall_mounted,filter,ready_for_roboflow_filter_bbox,accepted_wall_mounted_filter_or_filter_access_visible,Copied from prior round3 contact-sheet wall-mounted actual-photo range; remove if filter is not visible. Reviewed for wall-mounted demo; exclude later if exact filter mesh is not visible enough for bbox.
10_원천이미지_raw/20_학습후보/lg_wall_mounted_filter_real_photo_reviewed_086/wall_filter_reviewed_015.jpg,15,lg_wall_mounted_filter_real_photo_candidates_manifest.csv,15,10_원천이미지_raw/20_학습후보/lg_wall_mounted_filter_real_photo_candidates/wall_filter_candidate_015.jpg,15,https://es.ifixit.com/Gu%C3%ADa/Desmontaje%2Bde%2BCarcasa%2BAire%2Bacondicionado%2BLG%2Bmodelo%2Bantiguo%2B2006/176396,https://guide-images.cdn.ifixit.com/igi/w3aiCXKAtoAkqnmr.200x150,,e8f7e0f1025a0bae63c18d0d7d8f73c761dbb42cedaec8c07c60686db5d19ccf,8709,existing_round3_wall_mounted_actual_photo_candidate,ifixit_public_guide_verify_license_before_training,wall_mounted,filter,ready_for_roboflow_filter_bbox,accepted_wall_mounted_filter_or_filter_access_visible,Copied from prior round3 contact-sheet wall-mounted actual-photo range; remove if filter is not visible. Reviewed for wall-mounted demo; exclude later if exact filter mesh is not visible enough for bbox.
10_원천이미지_raw/20_학습후보/lg_wall_mounted_filter_real_photo_reviewed_086/wall_filter_reviewed_016.jpg,16,lg_wall_mounted_filter_real_photo_candidates_manifest.csv,16,10_원천이미지_raw/20_학습후보/lg_wall_mounted_filter_real_photo_candidates/wall_filter_candidate_016.jpg,16,https://es.ifixit.com/Gu%C3%ADa/Desmontaje%2Bde%2BCarcasa%2BAire%2Bacondicionado%2BLG%2Bmodelo%2Bantiguo%2B2006/176396,https://guide-images.cdn.ifixit.com/igi/NT4dyrZHgJY4NjC2.medium,"Desmontaje de Carcasa Aire acondicionado LG modelo antiguo 2006: paso 3, imagen 1 de 2",ac105c1d0997f4eea6f0fcd1f68c0291956273516d9edca0cfb47fc838216010,51506,existing_round3_wall_mounted_actual_photo_candidate,ifixit_public_guide_verify_license_before_training,wall_mounted,filter,ready_for_roboflow_filter_bbox,accepted_wall_mounted_filter_or_filter_access_visible,Copied from prior round3 contact-sheet wall-mounted actual-photo range; remove if filter is not visible. Reviewed for wall-mounted demo; exclude later if exact filter mesh is not visible enough for bbox.
10_원천이미지_raw/20_학습후보/lg_wall_mounted_filter_real_photo_reviewed_086/wall_filter_reviewed_017.jpg,17,lg_wall_mounted_filter_real_photo_candidates_manifest.csv,17,10_원천이미지_raw/20_학습후보/lg_wall_mounted_filter_real_photo_candidates/wall_filter_candidate_017.jpg,17,https://es.ifixit.com/Gu%C3%ADa/Desmontaje%2Bde%2BCarcasa%2BAire%2Bacondicionado%2BLG%2Bmodelo%2Bantiguo%2B2006/176396,https://guide-images.cdn.ifixit.com/igi/NT4dyrZHgJY4NjC2.large,"Desmontaje de Carcasa Aire acondicionado LG modelo antiguo 2006: paso 3, imagen 1 de 2",2cb78b21b68991a12a4d2a32109a2136438c47dcee4f8fdecea19cf99c760ab5,84562,existing_round3_wall_mounted_actual_photo_candidate,ifixit_public_guide_verify_license_before_training,wall_mounted,filter,ready_for_roboflow_filter_bbox,accepted_wall_mounted_filter_or_filter_access_visible,Copied from prior round3 contact-sheet wall-mounted actual-photo range; remove if filter is not visible. Reviewed for wall-mounted demo; exclude later if exact filter mesh is not visible enough for bbox.
10_원천이미지_raw/20_학습후보/lg_wall_mounted_filter_real_photo_reviewed_086/wall_filter_reviewed_018.jpg,18,lg_wall_mounted_filter_real_photo_candidates_manifest.csv,18,10_원천이미지_raw/20_학습후보/lg_wall_mounted_filter_real_photo_candidates/wall_filter_candidate_018.jpg,18,https://es.ifixit.com/Gu%C3%ADa/Desmontaje%2Bde%2BCarcasa%2BAire%2Bacondicionado%2BLG%2Bmodelo%2Bantiguo%2B2006/176396,https://guide-images.cdn.ifixit.com/igi/rPZSpupll4eML2Yl.medium,"Desmontaje de Carcasa Aire acondicionado LG modelo antiguo 2006: paso 3, imagen 2 de 2",d79e062347dc527bd56817b308b8e3114c307a85d49903dc9b348b1a4ed99b43,47137,existing_round3_wall_mounted_actual_photo_candidate,ifixit_public_guide_verify_license_before_training,wall_mounted,filter,ready_for_roboflow_filter_bbox,accepted_wall_mounted_filter_or_filter_access_visible,Copied from prior round3 contact-sheet wall-mounted actual-photo range; remove if filter is not visible. Reviewed for wall-mounted demo; exclude later if exact filter mesh is not visible enough for bbox.
10_원천이미지_raw/20_학습후보/lg_wall_mounted_filter_real_photo_reviewed_086/wall_filter_reviewed_019.jpg,19,lg_wall_mounted_filter_real_photo_candidates_manifest.csv,19,10_원천이미지_raw/20_학습후보/lg_wall_mounted_filter_real_photo_candidates/wall_filter_candidate_019.jpg,19,https://es.ifixit.com/Gu%C3%ADa/Desmontaje%2Bde%2BCarcasa%2BAire%2Bacondicionado%2BLG%2Bmodelo%2Bantiguo%2B2006/176396,https://guide-images.cdn.ifixit.com/igi/rPZSpupll4eML2Yl.large,"Desmontaje de Carcasa Aire acondicionado LG modelo antiguo 2006: paso 3, imagen 2 de 2",fcb3b6a569c2b9ba37c833a0a1b267cb423265efde59b513debdeed9ab754861,83244,existing_round3_wall_mounted_actual_photo_candidate,ifixit_public_guide_verify_license_before_training,wall_mounted,filter,ready_for_roboflow_filter_bbox,accepted_wall_mounted_filter_or_filter_access_visible,Copied from prior round3 contact-sheet wall-mounted actual-photo range; remove if filter is not visible. Reviewed for wall-mounted demo; exclude later if exact filter mesh is not visible enough for bbox.
10_원천이미지_raw/20_학습후보/lg_wall_mounted_filter_real_photo_reviewed_086/wall_filter_reviewed_020.jpg,20,lg_wall_mounted_filter_real_photo_candidates_manifest.csv,20,10_원천이미지_raw/20_학습후보/lg_wall_mounted_filter_real_photo_candidates/wall_filter_candidate_020.jpg,20,https://es.ifixit.com/Gu%C3%ADa/Desmontaje%2Bde%2BCarcasa%2BAire%2Bacondicionado%2BLG%2Bmodelo%2Bantiguo%2B2006/176396,https://guide-images.cdn.ifixit.com/igi/NT4dyrZHgJY4NjC2.200x150,,2151ea59f7e1c805096cd3d939498ce72f0fec9b7dfc23742aecefd32ee1fbcb,7925,existing_round3_wall_mounted_actual_photo_candidate,ifixit_public_guide_verify_license_before_training,wall_mounted,filter,ready_for_roboflow_filter_bbox,accepted_wall_mounted_filter_or_filter_access_visible,Copied from prior round3 contact-sheet wall-mounted actual-photo range; remove if filter is not visible. Reviewed for wall-mounted demo; exclude later if exact filter mesh is not visible enough for bbox.
10_원천이미지_raw/20_학습후보/lg_wall_mounted_filter_real_photo_reviewed_086/wall_filter_reviewed_021.jpg,21,lg_wall_mounted_filter_real_photo_candidates_manifest.csv,21,10_원천이미지_raw/20_학습후보/lg_wall_mounted_filter_real_photo_candidates/wall_filter_candidate_021.jpg,21,https://es.ifixit.com/Gu%C3%ADa/Desmontaje%2Bde%2BCarcasa%2BAire%2Bacondicionado%2BLG%2Bmodelo%2Bantiguo%2B2006/176396,https://guide-images.cdn.ifixit.com/igi/rPZSpupll4eML2Yl.200x150,,5d72b064647dfc9b0051fd7d60d06f282d3a760f3d777463b8f12c3eb1d10207,7384,existing_round3_wall_mounted_actual_photo_candidate,ifixit_public_guide_verify_license_before_training,wall_mounted,filter,ready_for_roboflow_filter_bbox,accepted_wall_mounted_filter_or_filter_access_visible,Copied from prior round3 contact-sheet wall-mounted actual-photo range; remove if filter is not visible. Reviewed for wall-mounted demo; exclude later if exact filter mesh is not visible enough for bbox.
10_원천이미지_raw/20_학습후보/lg_wall_mounted_filter_real_photo_reviewed_086/wall_filter_reviewed_022.jpg,22,lg_wall_mounted_filter_real_photo_candidates_manifest.csv,36,10_원천이미지_raw/20_학습후보/lg_wall_mounted_filter_real_photo_candidates/wall_filter_candidate_036.jpg,36,https://es.ifixit.com/Gu%C3%ADa/Desmontaje%2Bde%2BCarcasa%2BAire%2Bacondicionado%2BLG%2Bmodelo%2Bantiguo%2B2006/176396,https://guide-images.cdn.ifixit.com/igi/QNmXa3JVGBe5kmiT.medium,"Desmontaje de Carcasa Aire acondicionado LG modelo antiguo 2006: paso 7, imagen 1 de 3",ef7a4aec4e23d279725765307cfd83b672dacb4cfe8af8a3523ff6e43f9b435f,44738,existing_round3_wall_mounted_actual_photo_candidate,ifixit_public_guide_verify_license_before_training,wall_mounted,filter,ready_for_roboflow_filter_bbox,accepted_wall_mounted_filter_or_filter_access_visible,Copied from prior round3 contact-sheet wall-mounted actual-photo range; remove if filter is not visible. Reviewed for wall-mounted demo; exclude later if exact filter mesh is not visible enough for bbox.
10_원천이미지_raw/20_학습후보/lg_wall_mounted_filter_real_photo_reviewed_086/wall_filter_reviewed_023.jpg,23,lg_wall_mounted_filter_real_photo_candidates_manifest.csv,37,10_원천이미지_raw/20_학습후보/lg_wall_mounted_filter_real_photo_candidates/wall_filter_candidate_037.jpg,37,https://es.ifixit.com/Gu%C3%ADa/Desmontaje%2Bde%2BCarcasa%2BAire%2Bacondicionado%2BLG%2Bmodelo%2Bantiguo%2B2006/176396,https://guide-images.cdn.ifixit.com/igi/QNmXa3JVGBe5kmiT.large,"Desmontaje de Carcasa Aire acondicionado LG modelo antiguo 2006: paso 7, imagen 1 de 3",6fd8dffe045699259fa6bbef3b3586887ff040b7a4149d992b16db901eeff8a2,73685,existing_round3_wall_mounted_actual_photo_candidate,ifixit_public_guide_verify_license_before_training,wall_mounted,filter,ready_for_roboflow_filter_bbox,accepted_wall_mounted_filter_or_filter_access_visible,Copied from prior round3 contact-sheet wall-mounted actual-photo range; remove if filter is not visible. Reviewed for wall-mounted demo; exclude later if exact filter mesh is not visible enough for bbox.
10_원천이미지_raw/20_학습후보/lg_wall_mounted_filter_real_photo_reviewed_086/wall_filter_reviewed_024.jpg,24,lg_wall_mounted_filter_real_photo_candidates_manifest.csv,38,10_원천이미지_raw/20_학습후보/lg_wall_mounted_filter_real_photo_candidates/wall_filter_candidate_038.jpg,38,https://es.ifixit.com/Gu%C3%ADa/Desmontaje%2Bde%2BCarcasa%2BAire%2Bacondicionado%2BLG%2Bmodelo%2Bantiguo%2B2006/176396,https://guide-images.cdn.ifixit.com/igi/FEKQnlCnxXNMgqAf.medium,"Desmontaje de Carcasa Aire acondicionado LG modelo antiguo 2006: paso 7, imagen 2 de 3",19281c57617083e73988d723de3e57abf47032e603c27785f44d122216482073,38902,existing_round3_wall_mounted_actual_photo_candidate,ifixit_public_guide_verify_license_before_training,wall_mounted,filter,ready_for_roboflow_filter_bbox,accepted_wall_mounted_filter_or_filter_access_visible,Copied from prior round3 contact-sheet wall-mounted actual-photo range; remove if filter is not visible. Reviewed for wall-mounted demo; exclude later if exact filter mesh is not visible enough for bbox.
10_원천이미지_raw/20_학습후보/lg_wall_mounted_filter_real_photo_reviewed_086/wall_filter_reviewed_025.jpg,25,lg_wall_mounted_filter_real_photo_candidates_manifest.csv,39,10_원천이미지_raw/20_학습후보/lg_wall_mounted_filter_real_photo_candidates/wall_filter_candidate_039.jpg,39,https://es.ifixit.com/Gu%C3%ADa/Desmontaje%2Bde%2BCarcasa%2BAire%2Bacondicionado%2BLG%2Bmodelo%2Bantiguo%2B2006/176396,https://guide-images.cdn.ifixit.com/igi/FEKQnlCnxXNMgqAf.large,"Desmontaje de Carcasa Aire acondicionado LG modelo antiguo 2006: paso 7, imagen 2 de 3",775774d05656e32eaef4b197bc11a214d7f46cee8184f5f02aaeaffe87961322,63467,existing_round3_wall_mounted_actual_photo_candidate,ifixit_public_guide_verify_license_before_training,wall_mounted,filter,ready_for_roboflow_filter_bbox,accepted_wall_mounted_filter_or_filter_access_visible,Copied from prior round3 contact-sheet wall-mounted actual-photo range; remove if filter is not visible. Reviewed for wall-mounted demo; exclude later if exact filter mesh is not visible enough for bbox.
10_원천이미지_raw/20_학습후보/lg_wall_mounted_filter_real_photo_reviewed_086/wall_filter_reviewed_026.jpg,26,lg_wall_mounted_filter_real_photo_candidates_manifest.csv,40,10_원천이미지_raw/20_학습후보/lg_wall_mounted_filter_real_photo_candidates/wall_filter_candidate_040.jpg,40,https://es.ifixit.com/Gu%C3%ADa/Desmontaje%2Bde%2BCarcasa%2BAire%2Bacondicionado%2BLG%2Bmodelo%2Bantiguo%2B2006/176396,https://guide-images.cdn.ifixit.com/igi/yaUjJWWmFGpDCETQ.medium,"Desmontaje de Carcasa Aire acondicionado LG modelo antiguo 2006: paso 7, imagen 3 de 3",7bfb1d348c5187e9b24a013bf19a4cddbc5d989dd96ad7adcfae11589c70a519,48880,existing_round3_wall_mounted_actual_photo_candidate,ifixit_public_guide_verify_license_before_training,wall_mounted,filter,ready_for_roboflow_filter_bbox,accepted_wall_mounted_filter_or_filter_access_visible,Copied from prior round3 contact-sheet wall-mounted actual-photo range; remove if filter is not visible. Reviewed for wall-mounted demo; exclude later if exact filter mesh is not visible enough for bbox.
10_원천이미지_raw/20_학습후보/lg_wall_mounted_filter_real_photo_reviewed_086/wall_filter_reviewed_027.jpg,27,lg_wall_mounted_filter_real_photo_candidates_manifest.csv,41,10_원천이미지_raw/20_학습후보/lg_wall_mounted_filter_real_photo_candidates/wall_filter_candidate_041.jpg,41,https://es.ifixit.com/Gu%C3%ADa/Desmontaje%2Bde%2BCarcasa%2BAire%2Bacondicionado%2BLG%2Bmodelo%2Bantiguo%2B2006/176396,https://guide-images.cdn.ifixit.com/igi/yaUjJWWmFGpDCETQ.large,"Desmontaje de Carcasa Aire acondicionado LG modelo antiguo 2006: paso 7, imagen 3 de 3",725609d299493bf281b6262efd3435929fa7bcf3c9afe4400e3645f9ff7499f5,81124,existing_round3_wall_mounted_actual_photo_candidate,ifixit_public_guide_verify_license_before_training,wall_mounted,filter,ready_for_roboflow_filter_bbox,accepted_wall_mounted_filter_or_filter_access_visible,Copied from prior round3 contact-sheet wall-mounted actual-photo range; remove if filter is not visible. Reviewed for wall-mounted demo; exclude later if exact filter mesh is not visible enough for bbox.
10_원천이미지_raw/20_학습후보/lg_wall_mounted_filter_real_photo_reviewed_086/wall_filter_reviewed_028.jpg,28,lg_wall_mounted_filter_real_photo_candidates_manifest.csv,42,10_원천이미지_raw/20_학습후보/lg_wall_mounted_filter_real_photo_candidates/wall_filter_candidate_042.jpg,42,https://es.ifixit.com/Gu%C3%ADa/Desmontaje%2Bde%2BCarcasa%2BAire%2Bacondicionado%2BLG%2Bmodelo%2Bantiguo%2B2006/176396,https://guide-images.cdn.ifixit.com/igi/QNmXa3JVGBe5kmiT.200x150,,b74a730e193ad79ba2a00d46e1255c48a2586f31657dd5006e9c5cff0c66de4b,7141,existing_round3_wall_mounted_actual_photo_candidate,ifixit_public_guide_verify_license_before_training,wall_mounted,filter,ready_for_roboflow_filter_bbox,accepted_wall_mounted_filter_or_filter_access_visible,Copied from prior round3 contact-sheet wall-mounted actual-photo range; remove if filter is not visible. Reviewed for wall-mounted demo; exclude later if exact filter mesh is not visible enough for bbox.
10_원천이미지_raw/20_학습후보/lg_wall_mounted_filter_real_photo_reviewed_086/wall_filter_reviewed_029.jpg,29,lg_wall_mounted_filter_real_photo_candidates_manifest.csv,43,10_원천이미지_raw/20_학습후보/lg_wall_mounted_filter_real_photo_candidates/wall_filter_candidate_043.jpg,43,https://es.ifixit.com/Gu%C3%ADa/Desmontaje%2Bde%2BCarcasa%2BAire%2Bacondicionado%2BLG%2Bmodelo%2Bantiguo%2B2006/176396,https://guide-images.cdn.ifixit.com/igi/FEKQnlCnxXNMgqAf.200x150,,572a45e0d4e207d042f65ccc8a28d656372c14d0053ce87bc2eb5025273f7615,6111,existing_round3_wall_mounted_actual_photo_candidate,ifixit_public_guide_verify_license_before_training,wall_mounted,filter,ready_for_roboflow_filter_bbox,accepted_wall_mounted_filter_or_filter_access_visible,Copied from prior round3 contact-sheet wall-mounted actual-photo range; remove if filter is not visible. Reviewed for wall-mounted demo; exclude later if exact filter mesh is not visible enough for bbox.
10_원천이미지_raw/20_학습후보/lg_wall_mounted_filter_real_photo_reviewed_086/wall_filter_reviewed_030.jpg,30,lg_wall_mounted_filter_real_photo_candidates_manifest.csv,44,10_원천이미지_raw/20_학습후보/lg_wall_mounted_filter_real_photo_candidates/wall_filter_candidate_044.jpg,44,https://es.ifixit.com/Gu%C3%ADa/Desmontaje%2Bde%2BCarcasa%2BAire%2Bacondicionado%2BLG%2Bmodelo%2Bantiguo%2B2006/176396,https://guide-images.cdn.ifixit.com/igi/yaUjJWWmFGpDCETQ.200x150,,dec358f0cadf5a930f11a3b3ea717ee86a6fe4f313dd665a46359d446101c3f1,7812,existing_round3_wall_mounted_actual_photo_candidate,ifixit_public_guide_verify_license_before_training,wall_mounted,filter,ready_for_roboflow_filter_bbox,accepted_wall_mounted_filter_or_filter_access_visible,Copied from prior round3 contact-sheet wall-mounted actual-photo range; remove if filter is not visible. Reviewed for wall-mounted demo; exclude later if exact filter mesh is not visible enough for bbox.
10_원천이미지_raw/20_학습후보/lg_wall_mounted_filter_real_photo_reviewed_086/wall_filter_reviewed_031.jpg,31,lg_wall_mounted_filter_real_photo_candidates_manifest.csv,59,10_원천이미지_raw/20_학습후보/lg_wall_mounted_filter_real_photo_candidates/wall_filter_candidate_059.jpg,59,https://fooland.tistory.com/entry/LG-%EB%B2%BD%EA%B1%B8%EC%9D%B4%EC%97%90%EC%96%B4%EC%BB%A8-%EC%B2%AD%EC%86%8C,https://blog.kakaocdn.net/dna/c233Ex/btsH5K9qsAL/AAAAAAAAAAAAAAAAAAAAAInv1sxRnzqv8zE8Awg0F0x-Ddzu77G8hF1AEXIAE6JL/img.jpg?credential=yqXZFxpELC7KVnFOS48ylbz2pIh7yKj8&expires=1782831599&allow_ip=&allow_referer=&signature=R7wKX4wH2xEiPdO1oysof8ufhz4%3D,LG 휘센 듀얼인버터 벽걸이 에어컨,a14b861e6289b36a54395862587b08c365d6358999b56e64e564610b5d39271c,53543,public_blog_wall_mounted_lg_photo_candidate,unknown_verify_before_training,wall_mounted,filter,ready_for_roboflow_filter_bbox,accepted_wall_mounted_filter_or_filter_access_visible,Crawled candidate; keep only if actual wall-mounted LG indoor unit and filter/filter slot is visible. Reviewed for wall-mounted demo; exclude later if exact filter mesh is not visible enough for bbox.
10_원천이미지_raw/20_학습후보/lg_wall_mounted_filter_real_photo_reviewed_086/wall_filter_reviewed_032.jpg,32,lg_wall_mounted_filter_real_photo_candidates_manifest.csv,60,10_원천이미지_raw/20_학습후보/lg_wall_mounted_filter_real_photo_candidates/wall_filter_candidate_060.jpg,60,https://fooland.tistory.com/entry/LG-%EB%B2%BD%EA%B1%B8%EC%9D%B4%EC%97%90%EC%96%B4%EC%BB%A8-%EC%B2%AD%EC%86%8C,https://img1.daumcdn.net/thumb/R1280x0/?scode=mtistory2&fname=https%3A%2F%2Fblog.kakaocdn.net%2Fdna%2Fc233Ex%2FbtsH5K9qsAL%2FAAAAAAAAAAAAAAAAAAAAAInv1sxRnzqv8zE8Awg0F0x-Ddzu77G8hF1AEXIAE6JL%2Fimg.jpg%3Fcredential%3DyqXZFxpELC7KVnFOS48ylbz2pIh7yKj8%26expires%3D1782831599%26allow_ip%3D%26allow_referer%3D%26signature%3DR7wKX4wH2xEiPdO1oysof8ufhz4%253D,LG 휘센 듀얼인버터 벽걸이 에어컨,2065b7e7895872d8455f47866a4a5f544afd5a51459bcf084ea9c18b654018bd,77932,public_blog_wall_mounted_lg_photo_candidate,unknown_verify_before_training,wall_mounted,filter,ready_for_roboflow_filter_bbox,accepted_wall_mounted_filter_or_filter_access_visible,Crawled candidate; keep only if actual wall-mounted LG indoor unit and filter/filter slot is visible. Reviewed for wall-mounted demo; exclude later if exact filter mesh is not visible enough for bbox.
10_원천이미지_raw/20_학습후보/lg_wall_mounted_filter_real_photo_reviewed_086/wall_filter_reviewed_033.jpg,33,lg_wall_mounted_filter_real_photo_candidates_manifest.csv,61,10_원천이미지_raw/20_학습후보/lg_wall_mounted_filter_real_photo_candidates/wall_filter_candidate_061.jpg,61,https://fooland.tistory.com/entry/LG-%EB%B2%BD%EA%B1%B8%EC%9D%B4%EC%97%90%EC%96%B4%EC%BB%A8-%EC%B2%AD%EC%86%8C,https://blog.kakaocdn.net/dna/0IYPA/btsH5ZSP8CG/AAAAAAAAAAAAAAAAAAAAAFLPthnkamBZ5va9zMLOx06DEbAoHaZmSu_VQDfZLlhN/img.jpg?credential=yqXZFxpELC7KVnFOS48ylbz2pIh7yKj8&expires=1782831599&allow_ip=&allow_referer=&signature=iP2rYdphY7orNbMJXunHu%2BC3c8k%3D,LG 휘센 듀얼인버터 벽걸이 에어컨,653553a96369a37721be3ff007548e5a1fa495a0481f705134be8b55d93e6ab7,54669,public_blog_wall_mounted_lg_photo_candidate,unknown_verify_before_training,wall_mounted,filter,ready_for_roboflow_filter_bbox,accepted_wall_mounted_filter_or_filter_access_visible,Crawled candidate; keep only if actual wall-mounted LG indoor unit and filter/filter slot is visible. Reviewed for wall-mounted demo; exclude later if exact filter mesh is not visible enough for bbox.
10_원천이미지_raw/20_학습후보/lg_wall_mounted_filter_real_photo_reviewed_086/wall_filter_reviewed_034.jpg,34,lg_wall_mounted_filter_real_photo_candidates_manifest.csv,62,10_원천이미지_raw/20_학습후보/lg_wall_mounted_filter_real_photo_candidates/wall_filter_candidate_062.jpg,62,https://fooland.tistory.com/entry/LG-%EB%B2%BD%EA%B1%B8%EC%9D%B4%EC%97%90%EC%96%B4%EC%BB%A8-%EC%B2%AD%EC%86%8C,https://img1.daumcdn.net/thumb/R1280x0/?scode=mtistory2&fname=https%3A%2F%2Fblog.kakaocdn.net%2Fdna%2F0IYPA%2FbtsH5ZSP8CG%2FAAAAAAAAAAAAAAAAAAAAAFLPthnkamBZ5va9zMLOx06DEbAoHaZmSu_VQDfZLlhN%2Fimg.jpg%3Fcredential%3DyqXZFxpELC7KVnFOS48ylbz2pIh7yKj8%26expires%3D1782831599%26allow_ip%3D%26allow_referer%3D%26signature%3DiP2rYdphY7orNbMJXunHu%252BC3c8k%253D,LG 휘센 듀얼인버터 벽걸이 에어컨,c5c6fb6f0f557274710404e8ef03ad14d92248e61e1936ef470b6422c3ba13b5,80912,public_blog_wall_mounted_lg_photo_candidate,unknown_verify_before_training,wall_mounted,filter,ready_for_roboflow_filter_bbox,accepted_wall_mounted_filter_or_filter_access_visible,Crawled candidate; keep only if actual wall-mounted LG indoor unit and filter/filter slot is visible. Reviewed for wall-mounted demo; exclude later if exact filter mesh is not visible enough for bbox.
10_원천이미지_raw/20_학습후보/lg_wall_mounted_filter_real_photo_reviewed_086/wall_filter_reviewed_035.jpg,35,lg_wall_mounted_filter_real_photo_candidates_manifest.csv,73,10_원천이미지_raw/20_학습후보/lg_wall_mounted_filter_real_photo_candidates/wall_filter_candidate_073.jpg,73,https://fooland.tistory.com/entry/LG-%EB%B2%BD%EA%B1%B8%EC%9D%B4%EC%97%90%EC%96%B4%EC%BB%A8-%EC%B2%AD%EC%86%8C,https://blog.kakaocdn.net/dna/bMX5ig/btsH8SrZ61K/AAAAAAAAAAAAAAAAAAAAACwGKiUlkwmI7zgv0D-m6iqUmH3Hye6KZSJd6KQmM6Zk/img.jpg?credential=yqXZFxpELC7KVnFOS48ylbz2pIh7yKj8&expires=1782831599&allow_ip=&allow_referer=&signature=XBJQjY79l9quyovsAML5sYIGyPU%3D,LG 휘센 듀얼인버터 벽걸이 에어컨,401f70606c208c38860a39ec523dcd9e014bde823bc9ead40f1ecf8057811a93,78664,public_blog_wall_mounted_lg_photo_candidate,unknown_verify_before_training,wall_mounted,filter,ready_for_roboflow_filter_bbox,accepted_wall_mounted_filter_or_filter_access_visible,Crawled candidate; keep only if actual wall-mounted LG indoor unit and filter/filter slot is visible. Reviewed for wall-mounted demo; exclude later if exact filter mesh is not visible enough for bbox.
10_원천이미지_raw/20_학습후보/lg_wall_mounted_filter_real_photo_reviewed_086/wall_filter_reviewed_036.jpg,36,lg_wall_mounted_filter_real_photo_candidates_manifest.csv,74,10_원천이미지_raw/20_학습후보/lg_wall_mounted_filter_real_photo_candidates/wall_filter_candidate_074.jpg,74,https://fooland.tistory.com/entry/LG-%EB%B2%BD%EA%B1%B8%EC%9D%B4%EC%97%90%EC%96%B4%EC%BB%A8-%EC%B2%AD%EC%86%8C,https://img1.daumcdn.net/thumb/R1280x0/?scode=mtistory2&fname=https%3A%2F%2Fblog.kakaocdn.net%2Fdna%2FbMX5ig%2FbtsH8SrZ61K%2FAAAAAAAAAAAAAAAAAAAAACwGKiUlkwmI7zgv0D-m6iqUmH3Hye6KZSJd6KQmM6Zk%2Fimg.jpg%3Fcredential%3DyqXZFxpELC7KVnFOS48ylbz2pIh7yKj8%26expires%3D1782831599%26allow_ip%3D%26allow_referer%3D%26signature%3DXBJQjY79l9quyovsAML5sYIGyPU%253D,LG 휘센 듀얼인버터 벽걸이 에어컨,9af492187d65dc78904f11c82f54471b06c413956bbbf9a369592101877aa3b1,104037,public_blog_wall_mounted_lg_photo_candidate,unknown_verify_before_training,wall_mounted,filter,ready_for_roboflow_filter_bbox,accepted_wall_mounted_filter_or_filter_access_visible,Crawled candidate; keep only if actual wall-mounted LG indoor unit and filter/filter slot is visible. Reviewed for wall-mounted demo; exclude later if exact filter mesh is not visible enough for bbox.
10_원천이미지_raw/20_학습후보/lg_wall_mounted_filter_real_photo_reviewed_086/wall_filter_reviewed_037.jpg,37,lg_wall_mounted_filter_real_photo_candidates_manifest.csv,75,10_원천이미지_raw/20_학습후보/lg_wall_mounted_filter_real_photo_candidates/wall_filter_candidate_075.jpg,75,https://fooland.tistory.com/entry/LG-%EB%B2%BD%EA%B1%B8%EC%9D%B4%EC%97%90%EC%96%B4%EC%BB%A8-%EC%B2%AD%EC%86%8C,https://blog.kakaocdn.net/dna/8B2kB/btsIahxnRGJ/AAAAAAAAAAAAAAAAAAAAAF3HX05tzpY5uH-Iihdti8q_5pOC7LHPmDRlTtxKaTyz/img.jpg?credential=yqXZFxpELC7KVnFOS48ylbz2pIh7yKj8&expires=1782831599&allow_ip=&allow_referer=&signature=X9V7E3tYrZLw74M5X2jhUAYNyYk%3D,LG 휘센 듀얼인버터 벽걸이 에어컨,46565632981768d127dd6144d55ca3693155e86d0d8245d1719dbbcc4353e328,133068,public_blog_wall_mounted_lg_photo_candidate,unknown_verify_before_training,wall_mounted,filter,ready_for_roboflow_filter_bbox,accepted_wall_mounted_filter_or_filter_access_visible,Crawled candidate; keep only if actual wall-mounted LG indoor unit and filter/filter slot is visible. Reviewed for wall-mounted demo; exclude later if exact filter mesh is not visible enough for bbox.
10_원천이미지_raw/20_학습후보/lg_wall_mounted_filter_real_photo_reviewed_086/wall_filter_reviewed_038.jpg,38,lg_wall_mounted_filter_real_photo_candidates_manifest.csv,76,10_원천이미지_raw/20_학습후보/lg_wall_mounted_filter_real_photo_candidates/wall_filter_candidate_076.jpg,76,https://fooland.tistory.com/entry/LG-%EB%B2%BD%EA%B1%B8%EC%9D%B4%EC%97%90%EC%96%B4%EC%BB%A8-%EC%B2%AD%EC%86%8C,https://img1.daumcdn.net/thumb/R1280x0/?scode=mtistory2&fname=https%3A%2F%2Fblog.kakaocdn.net%2Fdna%2F8B2kB%2FbtsIahxnRGJ%2FAAAAAAAAAAAAAAAAAAAAAF3HX05tzpY5uH-Iihdti8q_5pOC7LHPmDRlTtxKaTyz%2Fimg.jpg%3Fcredential%3DyqXZFxpELC7KVnFOS48ylbz2pIh7yKj8%26expires%3D1782831599%26allow_ip%3D%26allow_referer%3D%26signature%3DX9V7E3tYrZLw74M5X2jhUAYNyYk%253D,LG 휘센 듀얼인버터 벽걸이 에어컨,b7ae0c4fdc510fc3b3792223ee136c8d39a0f5c0e9e8df85924fb8c02261dd8b,164373,public_blog_wall_mounted_lg_photo_candidate,unknown_verify_before_training,wall_mounted,filter,ready_for_roboflow_filter_bbox,accepted_wall_mounted_filter_or_filter_access_visible,Crawled candidate; keep only if actual wall-mounted LG indoor unit and filter/filter slot is visible. Reviewed for wall-mounted demo; exclude later if exact filter mesh is not visible enough for bbox.
10_원천이미지_raw/20_학습후보/lg_wall_mounted_filter_real_photo_reviewed_086/wall_filter_reviewed_039.jpg,39,lg_wall_mounted_filter_real_photo_candidates_manifest.csv,77,10_원천이미지_raw/20_학습후보/lg_wall_mounted_filter_real_photo_candidates/wall_filter_candidate_077.jpg,77,https://fooland.tistory.com/entry/LG-%EB%B2%BD%EA%B1%B8%EC%9D%B4%EC%97%90%EC%96%B4%EC%BB%A8-%EC%B2%AD%EC%86%8C,https://blog.kakaocdn.net/dna/roQvQ/btsH8U4o7LW/AAAAAAAAAAAAAAAAAAAAAKE2yIOBQ515duTbo0ayctwQAEwVnKw7KNkeTeK1hSP0/img.jpg?credential=yqXZFxpELC7KVnFOS48ylbz2pIh7yKj8&expires=1782831599&allow_ip=&allow_referer=&signature=UaDuaOlXnxOjlyVZvH0TDojJEnU%3D,LG 휘센 듀얼인버터 벽걸이 에어컨,2db528a287db268892ecb378159433fd9f27a82edfd03bf74318c224576da081,52030,public_blog_wall_mounted_lg_photo_candidate,unknown_verify_before_training,wall_mounted,filter,ready_for_roboflow_filter_bbox,accepted_wall_mounted_filter_or_filter_access_visible,Crawled candidate; keep only if actual wall-mounted LG indoor unit and filter/filter slot is visible. Reviewed for wall-mounted demo; exclude later if exact filter mesh is not visible enough for bbox.
10_원천이미지_raw/20_학습후보/lg_wall_mounted_filter_real_photo_reviewed_086/wall_filter_reviewed_040.jpg,40,lg_wall_mounted_filter_real_photo_candidates_manifest.csv,78,10_원천이미지_raw/20_학습후보/lg_wall_mounted_filter_real_photo_candidates/wall_filter_candidate_078.jpg,78,https://fooland.tistory.com/entry/LG-%EB%B2%BD%EA%B1%B8%EC%9D%B4%EC%97%90%EC%96%B4%EC%BB%A8-%EC%B2%AD%EC%86%8C,https://img1.daumcdn.net/thumb/R1280x0/?scode=mtistory2&fname=https%3A%2F%2Fblog.kakaocdn.net%2Fdna%2FroQvQ%2FbtsH8U4o7LW%2FAAAAAAAAAAAAAAAAAAAAAKE2yIOBQ515duTbo0ayctwQAEwVnKw7KNkeTeK1hSP0%2Fimg.jpg%3Fcredential%3DyqXZFxpELC7KVnFOS48ylbz2pIh7yKj8%26expires%3D1782831599%26allow_ip%3D%26allow_referer%3D%26signature%3DUaDuaOlXnxOjlyVZvH0TDojJEnU%253D,LG 휘센 듀얼인버터 벽걸이 에어컨,15a28a833b528d716a0dd56836ad9e2b3f285ae20ea65c2e2afccfe850b34337,73653,public_blog_wall_mounted_lg_photo_candidate,unknown_verify_before_training,wall_mounted,filter,ready_for_roboflow_filter_bbox,accepted_wall_mounted_filter_or_filter_access_visible,Crawled candidate; keep only if actual wall-mounted LG indoor unit and filter/filter slot is visible. Reviewed for wall-mounted demo; exclude later if exact filter mesh is not visible enough for bbox.
10_원천이미지_raw/20_학습후보/lg_wall_mounted_filter_real_photo_reviewed_086/wall_filter_reviewed_041.jpg,41,lg_wall_mounted_filter_real_photo_candidates_manifest.csv,79,10_원천이미지_raw/20_학습후보/lg_wall_mounted_filter_real_photo_candidates/wall_filter_candidate_079.jpg,79,https://fooland.tistory.com/entry/LG-%EB%B2%BD%EA%B1%B8%EC%9D%B4%EC%97%90%EC%96%B4%EC%BB%A8-%EC%B2%AD%EC%86%8C,https://blog.kakaocdn.net/dna/ts9xv/btsH84lAhCi/AAAAAAAAAAAAAAAAAAAAAJCHjinY0LuBF4gdU2Oy-jFaTgcfoWFtbT431rxe1kzf/img.jpg?credential=yqXZFxpELC7KVnFOS48ylbz2pIh7yKj8&expires=1782831599&allow_ip=&allow_referer=&signature=%2FbCoIKT6Z4L%2FOcZLZ9ilFGiy0e0%3D,LG 휘센 듀얼인버터 벽걸이 에어컨,fc252998be074dbc125c2b2b85e7c686b0c498da3e0947e9afd836d382c71d8f,105071,public_blog_wall_mounted_lg_photo_candidate,unknown_verify_before_training,wall_mounted,filter,ready_for_roboflow_filter_bbox,accepted_wall_mounted_filter_or_filter_access_visible,Crawled candidate; keep only if actual wall-mounted LG indoor unit and filter/filter slot is visible. Reviewed for wall-mounted demo; exclude later if exact filter mesh is not visible enough for bbox.
10_원천이미지_raw/20_학습후보/lg_wall_mounted_filter_real_photo_reviewed_086/wall_filter_reviewed_042.jpg,42,lg_wall_mounted_filter_real_photo_candidates_manifest.csv,80,10_원천이미지_raw/20_학습후보/lg_wall_mounted_filter_real_photo_candidates/wall_filter_candidate_080.jpg,80,https://fooland.tistory.com/entry/LG-%EB%B2%BD%EA%B1%B8%EC%9D%B4%EC%97%90%EC%96%B4%EC%BB%A8-%EC%B2%AD%EC%86%8C,https://img1.daumcdn.net/thumb/R1280x0/?scode=mtistory2&fname=https%3A%2F%2Fblog.kakaocdn.net%2Fdna%2Fts9xv%2FbtsH84lAhCi%2FAAAAAAAAAAAAAAAAAAAAAJCHjinY0LuBF4gdU2Oy-jFaTgcfoWFtbT431rxe1kzf%2Fimg.jpg%3Fcredential%3DyqXZFxpELC7KVnFOS48ylbz2pIh7yKj8%26expires%3D1782831599%26allow_ip%3D%26allow_referer%3D%26signature%3D%252FbCoIKT6Z4L%252FOcZLZ9ilFGiy0e0%253D,LG 휘센 듀얼인버터 벽걸이 에어컨,d14ad7e88a853d26d1f0a57abeacbe0ed49d8b4f08cc2543725b9e4890bcfe1e,141687,public_blog_wall_mounted_lg_photo_candidate,unknown_verify_before_training,wall_mounted,filter,ready_for_roboflow_filter_bbox,accepted_wall_mounted_filter_or_filter_access_visible,Crawled candidate; keep only if actual wall-mounted LG indoor unit and filter/filter slot is visible. Reviewed for wall-mounted demo; exclude later if exact filter mesh is not visible enough for bbox.
10_원천이미지_raw/20_학습후보/lg_wall_mounted_filter_real_photo_reviewed_086/wall_filter_reviewed_043.jpg,43,lg_wall_mounted_filter_real_photo_candidates_manifest.csv,126,10_원천이미지_raw/20_학습후보/lg_wall_mounted_filter_real_photo_candidates/wall_filter_candidate_126.jpg,126,https://fooland.tistory.com/entry/%EC%97%98%EC%A7%80-%EC%97%90%EC%96%B4%EC%BB%A8-%EC%B2%AD%EC%86%8C,https://blog.kakaocdn.net/dna/dPxhaz/btsIUxs7PDJ/AAAAAAAAAAAAAAAAAAAAAGrgOtnfVj0Fx_yPoxgAbOga0WsVpvtnONsZnFgc399y/img.jpg?credential=yqXZFxpELC7KVnFOS48ylbz2pIh7yKj8&expires=1782831599&allow_ip=&allow_referer=&signature=UsszSrJjytDkx96SiQarYRB2rJU%3D,LG 휘센 벽걸이 에어컨 2013년형,d34e794abcdc4208ff0aed4e60595fa33a84a3c378791ce6129bd43c11f8b011,95516,public_blog_wall_mounted_lg_photo_candidate,unknown_verify_before_training,wall_mounted,filter,ready_for_roboflow_filter_bbox,accepted_wall_mounted_filter_or_filter_access_visible,Crawled candidate; keep only if actual wall-mounted LG indoor unit and filter/filter slot is visible. Reviewed for wall-mounted demo; exclude later if exact filter mesh is not visible enough for bbox.
10_원천이미지_raw/20_학습후보/lg_wall_mounted_filter_real_photo_reviewed_086/wall_filter_reviewed_044.jpg,44,lg_wall_mounted_filter_real_photo_candidates_manifest.csv,127,10_원천이미지_raw/20_학습후보/lg_wall_mounted_filter_real_photo_candidates/wall_filter_candidate_127.jpg,127,https://fooland.tistory.com/entry/%EC%97%98%EC%A7%80-%EC%97%90%EC%96%B4%EC%BB%A8-%EC%B2%AD%EC%86%8C,https://img1.daumcdn.net/thumb/R1280x0/?scode=mtistory2&fname=https%3A%2F%2Fblog.kakaocdn.net%2Fdna%2FdPxhaz%2FbtsIUxs7PDJ%2FAAAAAAAAAAAAAAAAAAAAAGrgOtnfVj0Fx_yPoxgAbOga0WsVpvtnONsZnFgc399y%2Fimg.jpg%3Fcredential%3DyqXZFxpELC7KVnFOS48ylbz2pIh7yKj8%26expires%3D1782831599%26allow_ip%3D%26allow_referer%3D%26signature%3DUsszSrJjytDkx96SiQarYRB2rJU%253D,LG 휘센 벽걸이 에어컨 2013년형,6f18cca33ef4da09f0136ba447c6875adf206b4da9fa4236b8a3b479458fb260,129979,public_blog_wall_mounted_lg_photo_candidate,unknown_verify_before_training,wall_mounted,filter,ready_for_roboflow_filter_bbox,accepted_wall_mounted_filter_or_filter_access_visible,Crawled candidate; keep only if actual wall-mounted LG indoor unit and filter/filter slot is visible. Reviewed for wall-mounted demo; exclude later if exact filter mesh is not visible enough for bbox.
10_원천이미지_raw/20_학습후보/lg_wall_mounted_filter_real_photo_reviewed_086/wall_filter_reviewed_045.jpg,45,lg_wall_mounted_filter_real_photo_candidates_manifest.csv,134,10_원천이미지_raw/20_학습후보/lg_wall_mounted_filter_real_photo_candidates/wall_filter_candidate_134.jpg,134,https://fooland.tistory.com/entry/%EC%97%98%EC%A7%80-%EC%97%90%EC%96%B4%EC%BB%A8-%EC%B2%AD%EC%86%8C,https://blog.kakaocdn.net/dna/Xspis/btsIUMcxN24/AAAAAAAAAAAAAAAAAAAAAJR1HP5uOPVCLbrOrI9LV_pCi-_f3pZL_yQOrImMFk6g/img.jpg?credential=yqXZFxpELC7KVnFOS48ylbz2pIh7yKj8&expires=1782831599&allow_ip=&allow_referer=&signature=05mG%2BIqKIXutCDuAR8SXOUKN9gk%3D,LG 휘센 벽걸이 에어컨 2013년형,e221cb7e8a0afb0299e504f202fde30173a2230c3e64cc562b42c591c56f705c,83279,public_blog_wall_mounted_lg_photo_candidate,unknown_verify_before_training,wall_mounted,filter,ready_for_roboflow_filter_bbox,accepted_wall_mounted_filter_or_filter_access_visible,Crawled candidate; keep only if actual wall-mounted LG indoor unit and filter/filter slot is visible. Reviewed for wall-mounted demo; exclude later if exact filter mesh is not visible enough for bbox.
10_원천이미지_raw/20_학습후보/lg_wall_mounted_filter_real_photo_reviewed_086/wall_filter_reviewed_046.jpg,46,lg_wall_mounted_filter_real_photo_candidates_manifest.csv,135,10_원천이미지_raw/20_학습후보/lg_wall_mounted_filter_real_photo_candidates/wall_filter_candidate_135.jpg,135,https://fooland.tistory.com/entry/%EC%97%98%EC%A7%80-%EC%97%90%EC%96%B4%EC%BB%A8-%EC%B2%AD%EC%86%8C,https://img1.daumcdn.net/thumb/R1280x0/?scode=mtistory2&fname=https%3A%2F%2Fblog.kakaocdn.net%2Fdna%2FXspis%2FbtsIUMcxN24%2FAAAAAAAAAAAAAAAAAAAAAJR1HP5uOPVCLbrOrI9LV_pCi-_f3pZL_yQOrImMFk6g%2Fimg.jpg%3Fcredential%3DyqXZFxpELC7KVnFOS48ylbz2pIh7yKj8%26expires%3D1782831599%26allow_ip%3D%26allow_referer%3D%26signature%3D05mG%252BIqKIXutCDuAR8SXOUKN9gk%253D,LG 휘센 벽걸이 에어컨 2013년형,65f54432791c3d57bc4c756c8f729c2fa7aefb26cb65c27debae3bcc77ba78d9,114873,public_blog_wall_mounted_lg_photo_candidate,unknown_verify_before_training,wall_mounted,filter,ready_for_roboflow_filter_bbox,accepted_wall_mounted_filter_or_filter_access_visible,Crawled candidate; keep only if actual wall-mounted LG indoor unit and filter/filter slot is visible. Reviewed for wall-mounted demo; exclude later if exact filter mesh is not visible enough for bbox.
10_원천이미지_raw/20_학습후보/lg_wall_mounted_filter_real_photo_reviewed_086/wall_filter_reviewed_047.jpg,47,lg_wall_mounted_filter_video_frame_candidates_manifest.csv,29,10_원천이미지_raw/20_학습후보/lg_wall_mounted_filter_video_frame_candidates/video_frame_candidate_029_6xXHrk14884_0021s.jpg,29,https://www.youtube.com/watch?v=6xXHrk14884,https://www.youtube.com/watch?v=6xXHrk14884,LG Whisen wall-mounted air-conditioner disassembly and cleaning,b47bf37c9548a643c7219573645008c2914632978ea601c83002620bb86a073d,13300,youtube_video_frame_wall_mounted_lg_candidate,unknown_verify_before_training,wall_mounted,filter,ready_for_roboflow_filter_bbox,accepted_wall_mounted_filter_or_filter_access_visible,Extracted frame at 21.0s; keep only if actual wall-mounted LG indoor unit and filter/filter slot is visible. Reviewed for wall-mounted demo; exclude later if exact filter mesh is not visible enough for bbox.
10_원천이미지_raw/20_학습후보/lg_wall_mounted_filter_real_photo_reviewed_086/wall_filter_reviewed_048.jpg,48,lg_wall_mounted_filter_video_frame_candidates_manifest.csv,30,10_원천이미지_raw/20_학습후보/lg_wall_mounted_filter_video_frame_candidates/video_frame_candidate_030_6xXHrk14884_0025s.jpg,30,https://www.youtube.com/watch?v=6xXHrk14884,https://www.youtube.com/watch?v=6xXHrk14884,LG Whisen wall-mounted air-conditioner disassembly and cleaning,8398a9726864831628c395031e3fecb28d7ab645be088d9d48ce3e7d68622da7,21255,youtube_video_frame_wall_mounted_lg_candidate,unknown_verify_before_training,wall_mounted,filter,ready_for_roboflow_filter_bbox,accepted_wall_mounted_filter_or_filter_access_visible,Extracted frame at 25.0s; keep only if actual wall-mounted LG indoor unit and filter/filter slot is visible. Reviewed for wall-mounted demo; exclude later if exact filter mesh is not visible enough for bbox.
10_원천이미지_raw/20_학습후보/lg_wall_mounted_filter_real_photo_reviewed_086/wall_filter_reviewed_049.jpg,49,lg_wall_mounted_filter_video_frame_candidates_manifest.csv,31,10_원천이미지_raw/20_학습후보/lg_wall_mounted_filter_video_frame_candidates/video_frame_candidate_031_6xXHrk14884_0029s.jpg,31,https://www.youtube.com/watch?v=6xXHrk14884,https://www.youtube.com/watch?v=6xXHrk14884,LG Whisen wall-mounted air-conditioner disassembly and cleaning,28f931dc96a108add0135b382c83b7dc0b7d2a253385b6e062328e6c90795949,19806,youtube_video_frame_wall_mounted_lg_candidate,unknown_verify_before_training,wall_mounted,filter,ready_for_roboflow_filter_bbox,accepted_wall_mounted_filter_or_filter_access_visible,Extracted frame at 29.0s; keep only if actual wall-mounted LG indoor unit and filter/filter slot is visible. Reviewed for wall-mounted demo; exclude later if exact filter mesh is not visible enough for bbox.
10_원천이미지_raw/20_학습후보/lg_wall_mounted_filter_real_photo_reviewed_086/wall_filter_reviewed_050.jpg,50,lg_wall_mounted_filter_video_frame_candidates_manifest.csv,32,10_원천이미지_raw/20_학습후보/lg_wall_mounted_filter_video_frame_candidates/video_frame_candidate_032_6xXHrk14884_0033s.jpg,32,https://www.youtube.com/watch?v=6xXHrk14884,https://www.youtube.com/watch?v=6xXHrk14884,LG Whisen wall-mounted air-conditioner disassembly and cleaning,9030fd359956ee60a42f55c5999cdf3c167640313f40f28d05492a7547b6e2b1,16308,youtube_video_frame_wall_mounted_lg_candidate,unknown_verify_before_training,wall_mounted,filter,ready_for_roboflow_filter_bbox,accepted_wall_mounted_filter_or_filter_access_visible,Extracted frame at 33.0s; keep only if actual wall-mounted LG indoor unit and filter/filter slot is visible. Reviewed for wall-mounted demo; exclude later if exact filter mesh is not visible enough for bbox.
10_원천이미지_raw/20_학습후보/lg_wall_mounted_filter_real_photo_reviewed_086/wall_filter_reviewed_051.jpg,51,lg_wall_mounted_filter_video_frame_candidates_manifest.csv,33,10_원천이미지_raw/20_학습후보/lg_wall_mounted_filter_video_frame_candidates/video_frame_candidate_033_6xXHrk14884_0037s.jpg,33,https://www.youtube.com/watch?v=6xXHrk14884,https://www.youtube.com/watch?v=6xXHrk14884,LG Whisen wall-mounted air-conditioner disassembly and cleaning,68d6ca150cd1f5e966051f189f154f458f557d85548b8094ffe8896b2be460c4,20348,youtube_video_frame_wall_mounted_lg_candidate,unknown_verify_before_training,wall_mounted,filter,ready_for_roboflow_filter_bbox,accepted_wall_mounted_filter_or_filter_access_visible,Extracted frame at 37.0s; keep only if actual wall-mounted LG indoor unit and filter/filter slot is visible. Reviewed for wall-mounted demo; exclude later if exact filter mesh is not visible enough for bbox.
10_원천이미지_raw/20_학습후보/lg_wall_mounted_filter_real_photo_reviewed_086/wall_filter_reviewed_052.jpg,52,lg_wall_mounted_filter_video_frame_candidates_manifest.csv,34,10_원천이미지_raw/20_학습후보/lg_wall_mounted_filter_video_frame_candidates/video_frame_candidate_034_6xXHrk14884_0041s.jpg,34,https://www.youtube.com/watch?v=6xXHrk14884,https://www.youtube.com/watch?v=6xXHrk14884,LG Whisen wall-mounted air-conditioner disassembly and cleaning,26c3afba2de72a0025d1ab98e5ed223be713714f270c54eba6c610b9235d1c0d,18810,youtube_video_frame_wall_mounted_lg_candidate,unknown_verify_before_training,wall_mounted,filter,ready_for_roboflow_filter_bbox,accepted_wall_mounted_filter_or_filter_access_visible,Extracted frame at 41.0s; keep only if actual wall-mounted LG indoor unit and filter/filter slot is visible. Reviewed for wall-mounted demo; exclude later if exact filter mesh is not visible enough for bbox.
10_원천이미지_raw/20_학습후보/lg_wall_mounted_filter_real_photo_reviewed_086/wall_filter_reviewed_053.jpg,53,lg_wall_mounted_filter_video_frame_candidates_manifest.csv,35,10_원천이미지_raw/20_학습후보/lg_wall_mounted_filter_video_frame_candidates/video_frame_candidate_035_6xXHrk14884_0045s.jpg,35,https://www.youtube.com/watch?v=6xXHrk14884,https://www.youtube.com/watch?v=6xXHrk14884,LG Whisen wall-mounted air-conditioner disassembly and cleaning,c3d8f7f60bdd8c7351500be5d2d2b9f2806efe951d40cccbba81756dc4227cb8,15916,youtube_video_frame_wall_mounted_lg_candidate,unknown_verify_before_training,wall_mounted,filter,ready_for_roboflow_filter_bbox,accepted_wall_mounted_filter_or_filter_access_visible,Extracted frame at 45.0s; keep only if actual wall-mounted LG indoor unit and filter/filter slot is visible. Reviewed for wall-mounted demo; exclude later if exact filter mesh is not visible enough for bbox.
10_원천이미지_raw/20_학습후보/lg_wall_mounted_filter_real_photo_reviewed_086/wall_filter_reviewed_054.jpg,54,lg_wall_mounted_filter_video_frame_candidates_manifest.csv,36,10_원천이미지_raw/20_학습후보/lg_wall_mounted_filter_video_frame_candidates/video_frame_candidate_036_6xXHrk14884_0049s.jpg,36,https://www.youtube.com/watch?v=6xXHrk14884,https://www.youtube.com/watch?v=6xXHrk14884,LG Whisen wall-mounted air-conditioner disassembly and cleaning,f380747be74cf3d1c5014c56fd94df493c8ce9cd62dac33c821337793f8f19a5,22974,youtube_video_frame_wall_mounted_lg_candidate,unknown_verify_before_training,wall_mounted,filter,ready_for_roboflow_filter_bbox,accepted_wall_mounted_filter_or_filter_access_visible,Extracted frame at 49.0s; keep only if actual wall-mounted LG indoor unit and filter/filter slot is visible. Reviewed for wall-mounted demo; exclude later if exact filter mesh is not visible enough for bbox.
10_원천이미지_raw/20_학습후보/lg_wall_mounted_filter_real_photo_reviewed_086/wall_filter_reviewed_055.jpg,55,lg_wall_mounted_filter_video_frame_candidates_manifest.csv,37,10_원천이미지_raw/20_학습후보/lg_wall_mounted_filter_video_frame_candidates/video_frame_candidate_037_6xXHrk14884_0053s.jpg,37,https://www.youtube.com/watch?v=6xXHrk14884,https://www.youtube.com/watch?v=6xXHrk14884,LG Whisen wall-mounted air-conditioner disassembly and cleaning,f46c1f02969de21585a8e73a690468ba856a9b6a283979b8ebbc1903bb48fa03,21066,youtube_video_frame_wall_mounted_lg_candidate,unknown_verify_before_training,wall_mounted,filter,ready_for_roboflow_filter_bbox,accepted_wall_mounted_filter_or_filter_access_visible,Extracted frame at 53.0s; keep only if actual wall-mounted LG indoor unit and filter/filter slot is visible. Reviewed for wall-mounted demo; exclude later if exact filter mesh is not visible enough for bbox.
10_원천이미지_raw/20_학습후보/lg_wall_mounted_filter_real_photo_reviewed_086/wall_filter_reviewed_056.jpg,56,lg_wall_mounted_filter_video_frame_candidates_manifest.csv,38,10_원천이미지_raw/20_학습후보/lg_wall_mounted_filter_video_frame_candidates/video_frame_candidate_038_6xXHrk14884_0057s.jpg,38,https://www.youtube.com/watch?v=6xXHrk14884,https://www.youtube.com/watch?v=6xXHrk14884,LG Whisen wall-mounted air-conditioner disassembly and cleaning,e1f59efd37cf0dbaeccac55fd0738fb70ec662d0c70436bc43851a98448c18df,23834,youtube_video_frame_wall_mounted_lg_candidate,unknown_verify_before_training,wall_mounted,filter,ready_for_roboflow_filter_bbox,accepted_wall_mounted_filter_or_filter_access_visible,Extracted frame at 57.0s; keep only if actual wall-mounted LG indoor unit and filter/filter slot is visible. Reviewed for wall-mounted demo; exclude later if exact filter mesh is not visible enough for bbox.
10_원천이미지_raw/20_학습후보/lg_wall_mounted_filter_real_photo_reviewed_086/wall_filter_reviewed_057.jpg,57,lg_wall_mounted_filter_video_frame_candidates_manifest.csv,39,10_원천이미지_raw/20_학습후보/lg_wall_mounted_filter_video_frame_candidates/video_frame_candidate_039_6xXHrk14884_0061s.jpg,39,https://www.youtube.com/watch?v=6xXHrk14884,https://www.youtube.com/watch?v=6xXHrk14884,LG Whisen wall-mounted air-conditioner disassembly and cleaning,c862b656d3cefb8425c40b9356da673e69380ed529c02ef110a1a03f1334b495,26631,youtube_video_frame_wall_mounted_lg_candidate,unknown_verify_before_training,wall_mounted,filter,ready_for_roboflow_filter_bbox,accepted_wall_mounted_filter_or_filter_access_visible,Extracted frame at 61.0s; keep only if actual wall-mounted LG indoor unit and filter/filter slot is visible. Reviewed for wall-mounted demo; exclude later if exact filter mesh is not visible enough for bbox.
10_원천이미지_raw/20_학습후보/lg_wall_mounted_filter_real_photo_reviewed_086/wall_filter_reviewed_058.jpg,58,lg_wall_mounted_filter_video_frame_candidates_manifest.csv,40,10_원천이미지_raw/20_학습후보/lg_wall_mounted_filter_video_frame_candidates/video_frame_candidate_040_6xXHrk14884_0065s.jpg,40,https://www.youtube.com/watch?v=6xXHrk14884,https://www.youtube.com/watch?v=6xXHrk14884,LG Whisen wall-mounted air-conditioner disassembly and cleaning,2644e286d25d13b43cafe08495882fd0cd48e5ba594633ca5576e86ab63ffb5b,22581,youtube_video_frame_wall_mounted_lg_candidate,unknown_verify_before_training,wall_mounted,filter,ready_for_roboflow_filter_bbox,accepted_wall_mounted_filter_or_filter_access_visible,Extracted frame at 65.0s; keep only if actual wall-mounted LG indoor unit and filter/filter slot is visible. Reviewed for wall-mounted demo; exclude later if exact filter mesh is not visible enough for bbox.
10_원천이미지_raw/20_학습후보/lg_wall_mounted_filter_real_photo_reviewed_086/wall_filter_reviewed_059.jpg,59,lg_wall_mounted_filter_video_frame_candidates_manifest.csv,41,10_원천이미지_raw/20_학습후보/lg_wall_mounted_filter_video_frame_candidates/video_frame_candidate_041_6xXHrk14884_0069s.jpg,41,https://www.youtube.com/watch?v=6xXHrk14884,https://www.youtube.com/watch?v=6xXHrk14884,LG Whisen wall-mounted air-conditioner disassembly and cleaning,b3c04a15fa4dfe24d36f5c258f08042dbe7082b771128e9026c8f2bd17c575a4,21570,youtube_video_frame_wall_mounted_lg_candidate,unknown_verify_before_training,wall_mounted,filter,ready_for_roboflow_filter_bbox,accepted_wall_mounted_filter_or_filter_access_visible,Extracted frame at 69.0s; keep only if actual wall-mounted LG indoor unit and filter/filter slot is visible. Reviewed for wall-mounted demo; exclude later if exact filter mesh is not visible enough for bbox.
10_원천이미지_raw/20_학습후보/lg_wall_mounted_filter_real_photo_reviewed_086/wall_filter_reviewed_060.jpg,60,lg_wall_mounted_filter_video_frame_candidates_manifest.csv,42,10_원천이미지_raw/20_학습후보/lg_wall_mounted_filter_video_frame_candidates/video_frame_candidate_042_6xXHrk14884_0073s.jpg,42,https://www.youtube.com/watch?v=6xXHrk14884,https://www.youtube.com/watch?v=6xXHrk14884,LG Whisen wall-mounted air-conditioner disassembly and cleaning,7d871f3ae9cecc324aa10de84765e44ac18d6ed8e55dda038e3c79a4f3ed7282,20603,youtube_video_frame_wall_mounted_lg_candidate,unknown_verify_before_training,wall_mounted,filter,ready_for_roboflow_filter_bbox,accepted_wall_mounted_filter_or_filter_access_visible,Extracted frame at 73.0s; keep only if actual wall-mounted LG indoor unit and filter/filter slot is visible. Reviewed for wall-mounted demo; exclude later if exact filter mesh is not visible enough for bbox.
10_원천이미지_raw/20_학습후보/lg_wall_mounted_filter_real_photo_reviewed_086/wall_filter_reviewed_061.jpg,61,lg_wall_mounted_filter_video_frame_candidates_manifest.csv,43,10_원천이미지_raw/20_학습후보/lg_wall_mounted_filter_video_frame_candidates/video_frame_candidate_043_6xXHrk14884_0077s.jpg,43,https://www.youtube.com/watch?v=6xXHrk14884,https://www.youtube.com/watch?v=6xXHrk14884,LG Whisen wall-mounted air-conditioner disassembly and cleaning,204803fde9085e123f96b532b87b8501e6803177dd86a98dbfaa1869351aeab8,26663,youtube_video_frame_wall_mounted_lg_candidate,unknown_verify_before_training,wall_mounted,filter,ready_for_roboflow_filter_bbox,accepted_wall_mounted_filter_or_filter_access_visible,Extracted frame at 77.0s; keep only if actual wall-mounted LG indoor unit and filter/filter slot is visible. Reviewed for wall-mounted demo; exclude later if exact filter mesh is not visible enough for bbox.
10_원천이미지_raw/20_학습후보/lg_wall_mounted_filter_real_photo_reviewed_086/wall_filter_reviewed_062.jpg,62,lg_wall_mounted_filter_video_frame_candidates_manifest.csv,44,10_원천이미지_raw/20_학습후보/lg_wall_mounted_filter_video_frame_candidates/video_frame_candidate_044_6xXHrk14884_0081s.jpg,44,https://www.youtube.com/watch?v=6xXHrk14884,https://www.youtube.com/watch?v=6xXHrk14884,LG Whisen wall-mounted air-conditioner disassembly and cleaning,4cf045bbb457783051a3943ad46849edf290a1bfdaf0bf9027c69e99369384c2,21199,youtube_video_frame_wall_mounted_lg_candidate,unknown_verify_before_training,wall_mounted,filter,ready_for_roboflow_filter_bbox,accepted_wall_mounted_filter_or_filter_access_visible,Extracted frame at 81.0s; keep only if actual wall-mounted LG indoor unit and filter/filter slot is visible. Reviewed for wall-mounted demo; exclude later if exact filter mesh is not visible enough for bbox.
10_원천이미지_raw/20_학습후보/lg_wall_mounted_filter_real_photo_reviewed_086/wall_filter_reviewed_063.jpg,63,lg_wall_mounted_filter_video_frame_candidates_manifest.csv,45,10_원천이미지_raw/20_학습후보/lg_wall_mounted_filter_video_frame_candidates/video_frame_candidate_045_6xXHrk14884_0085s.jpg,45,https://www.youtube.com/watch?v=6xXHrk14884,https://www.youtube.com/watch?v=6xXHrk14884,LG Whisen wall-mounted air-conditioner disassembly and cleaning,e1cf6f34e04e9cb6a7519ce04197b8324174b9c76f47e2669737de69c09f1006,21445,youtube_video_frame_wall_mounted_lg_candidate,unknown_verify_before_training,wall_mounted,filter,ready_for_roboflow_filter_bbox,accepted_wall_mounted_filter_or_filter_access_visible,Extracted frame at 85.0s; keep only if actual wall-mounted LG indoor unit and filter/filter slot is visible. Reviewed for wall-mounted demo; exclude later if exact filter mesh is not visible enough for bbox.
10_원천이미지_raw/20_학습후보/lg_wall_mounted_filter_real_photo_reviewed_086/wall_filter_reviewed_064.jpg,64,lg_wall_mounted_filter_video_frame_candidates_manifest.csv,46,10_원천이미지_raw/20_학습후보/lg_wall_mounted_filter_video_frame_candidates/video_frame_candidate_046_6xXHrk14884_0089s.jpg,46,https://www.youtube.com/watch?v=6xXHrk14884,https://www.youtube.com/watch?v=6xXHrk14884,LG Whisen wall-mounted air-conditioner disassembly and cleaning,c847fbd933e7d120fba4f441f62f69c07f652305511b05c3ea6f6a8793c32184,13610,youtube_video_frame_wall_mounted_lg_candidate,unknown_verify_before_training,wall_mounted,filter,ready_for_roboflow_filter_bbox,accepted_wall_mounted_filter_or_filter_access_visible,Extracted frame at 89.0s; keep only if actual wall-mounted LG indoor unit and filter/filter slot is visible. Reviewed for wall-mounted demo; exclude later if exact filter mesh is not visible enough for bbox.
10_원천이미지_raw/20_학습후보/lg_wall_mounted_filter_real_photo_reviewed_086/wall_filter_reviewed_065.jpg,65,lg_wall_mounted_filter_video_frame_candidates_manifest.csv,47,10_원천이미지_raw/20_학습후보/lg_wall_mounted_filter_video_frame_candidates/video_frame_candidate_047_6xXHrk14884_0093s.jpg,47,https://www.youtube.com/watch?v=6xXHrk14884,https://www.youtube.com/watch?v=6xXHrk14884,LG Whisen wall-mounted air-conditioner disassembly and cleaning,30cf5763048b21c48d23d58d2230776a351913d14fc9fd7193527387f5c096c6,15471,youtube_video_frame_wall_mounted_lg_candidate,unknown_verify_before_training,wall_mounted,filter,ready_for_roboflow_filter_bbox,accepted_wall_mounted_filter_or_filter_access_visible,Extracted frame at 93.0s; keep only if actual wall-mounted LG indoor unit and filter/filter slot is visible. Reviewed for wall-mounted demo; exclude later if exact filter mesh is not visible enough for bbox.
10_원천이미지_raw/20_학습후보/lg_wall_mounted_filter_real_photo_reviewed_086/wall_filter_reviewed_066.jpg,66,lg_wall_mounted_filter_video_frame_candidates_manifest.csv,48,10_원천이미지_raw/20_학습후보/lg_wall_mounted_filter_video_frame_candidates/video_frame_candidate_048_6xXHrk14884_0097s.jpg,48,https://www.youtube.com/watch?v=6xXHrk14884,https://www.youtube.com/watch?v=6xXHrk14884,LG Whisen wall-mounted air-conditioner disassembly and cleaning,a0252c08d60784a6e02e94bf0383ef90167626613fd68f9a3bc112a16a22504d,16798,youtube_video_frame_wall_mounted_lg_candidate,unknown_verify_before_training,wall_mounted,filter,ready_for_roboflow_filter_bbox,accepted_wall_mounted_filter_or_filter_access_visible,Extracted frame at 97.0s; keep only if actual wall-mounted LG indoor unit and filter/filter slot is visible. Reviewed for wall-mounted demo; exclude later if exact filter mesh is not visible enough for bbox.
10_원천이미지_raw/20_학습후보/lg_wall_mounted_filter_real_photo_reviewed_086/wall_filter_reviewed_067.jpg,67,lg_wall_mounted_filter_video_frame_candidates_manifest.csv,49,10_원천이미지_raw/20_학습후보/lg_wall_mounted_filter_video_frame_candidates/video_frame_candidate_049_6xXHrk14884_0101s.jpg,49,https://www.youtube.com/watch?v=6xXHrk14884,https://www.youtube.com/watch?v=6xXHrk14884,LG Whisen wall-mounted air-conditioner disassembly and cleaning,8db2e57a0473d1324553114c8b31eba61a15d56ddb74c142428feb5266cd9900,20443,youtube_video_frame_wall_mounted_lg_candidate,unknown_verify_before_training,wall_mounted,filter,ready_for_roboflow_filter_bbox,accepted_wall_mounted_filter_or_filter_access_visible,Extracted frame at 101.0s; keep only if actual wall-mounted LG indoor unit and filter/filter slot is visible. Reviewed for wall-mounted demo; exclude later if exact filter mesh is not visible enough for bbox.
10_원천이미지_raw/20_학습후보/lg_wall_mounted_filter_real_photo_reviewed_086/wall_filter_reviewed_068.jpg,68,lg_wall_mounted_filter_video_frame_candidates_manifest.csv,50,10_원천이미지_raw/20_학습후보/lg_wall_mounted_filter_video_frame_candidates/video_frame_candidate_050_6xXHrk14884_0105s.jpg,50,https://www.youtube.com/watch?v=6xXHrk14884,https://www.youtube.com/watch?v=6xXHrk14884,LG Whisen wall-mounted air-conditioner disassembly and cleaning,a11dc466dcdc021823b7985861fd6f1ef913a3a01ed4e8c571d1bedb292c4d52,25066,youtube_video_frame_wall_mounted_lg_candidate,unknown_verify_before_training,wall_mounted,filter,ready_for_roboflow_filter_bbox,accepted_wall_mounted_filter_or_filter_access_visible,Extracted frame at 105.0s; keep only if actual wall-mounted LG indoor unit and filter/filter slot is visible. Reviewed for wall-mounted demo; exclude later if exact filter mesh is not visible enough for bbox.
10_원천이미지_raw/20_학습후보/lg_wall_mounted_filter_real_photo_reviewed_086/wall_filter_reviewed_069.jpg,69,lg_wall_mounted_filter_video_frame_candidates_manifest.csv,51,10_원천이미지_raw/20_학습후보/lg_wall_mounted_filter_video_frame_candidates/video_frame_candidate_051_6xXHrk14884_0109s.jpg,51,https://www.youtube.com/watch?v=6xXHrk14884,https://www.youtube.com/watch?v=6xXHrk14884,LG Whisen wall-mounted air-conditioner disassembly and cleaning,2c5474f700e0fdfa8120f51509d6efe095faf57da35ff8fa3456f45218421bad,21630,youtube_video_frame_wall_mounted_lg_candidate,unknown_verify_before_training,wall_mounted,filter,ready_for_roboflow_filter_bbox,accepted_wall_mounted_filter_or_filter_access_visible,Extracted frame at 109.0s; keep only if actual wall-mounted LG indoor unit and filter/filter slot is visible. Reviewed for wall-mounted demo; exclude later if exact filter mesh is not visible enough for bbox.
10_원천이미지_raw/20_학습후보/lg_wall_mounted_filter_real_photo_reviewed_086/wall_filter_reviewed_070.jpg,70,lg_wall_mounted_filter_video_frame_candidates_manifest.csv,52,10_원천이미지_raw/20_학습후보/lg_wall_mounted_filter_video_frame_candidates/video_frame_candidate_052_6xXHrk14884_0113s.jpg,52,https://www.youtube.com/watch?v=6xXHrk14884,https://www.youtube.com/watch?v=6xXHrk14884,LG Whisen wall-mounted air-conditioner disassembly and cleaning,884ba0664ab666c0a66a94120f15a5d1094b8f3336798e9e640bb3482d5f5b8b,15542,youtube_video_frame_wall_mounted_lg_candidate,unknown_verify_before_training,wall_mounted,filter,ready_for_roboflow_filter_bbox,accepted_wall_mounted_filter_or_filter_access_visible,Extracted frame at 113.0s; keep only if actual wall-mounted LG indoor unit and filter/filter slot is visible. Reviewed for wall-mounted demo; exclude later if exact filter mesh is not visible enough for bbox.
10_원천이미지_raw/20_학습후보/lg_wall_mounted_filter_real_photo_reviewed_086/wall_filter_reviewed_071.jpg,71,lg_wall_mounted_filter_video_frame_candidates_manifest.csv,53,10_원천이미지_raw/20_학습후보/lg_wall_mounted_filter_video_frame_candidates/video_frame_candidate_053_6xXHrk14884_0117s.jpg,53,https://www.youtube.com/watch?v=6xXHrk14884,https://www.youtube.com/watch?v=6xXHrk14884,LG Whisen wall-mounted air-conditioner disassembly and cleaning,c66daf48d54465d61b4be67a1064f44cb4fce6f53316c163dcaf544cd0cf1fe8,23242,youtube_video_frame_wall_mounted_lg_candidate,unknown_verify_before_training,wall_mounted,filter,ready_for_roboflow_filter_bbox,accepted_wall_mounted_filter_or_filter_access_visible,Extracted frame at 117.0s; keep only if actual wall-mounted LG indoor unit and filter/filter slot is visible. Reviewed for wall-mounted demo; exclude later if exact filter mesh is not visible enough for bbox.
10_원천이미지_raw/20_학습후보/lg_wall_mounted_filter_real_photo_reviewed_086/wall_filter_reviewed_072.jpg,72,lg_wall_mounted_filter_video_frame_candidates_manifest.csv,54,10_원천이미지_raw/20_학습후보/lg_wall_mounted_filter_video_frame_candidates/video_frame_candidate_054_6xXHrk14884_0121s.jpg,54,https://www.youtube.com/watch?v=6xXHrk14884,https://www.youtube.com/watch?v=6xXHrk14884,LG Whisen wall-mounted air-conditioner disassembly and cleaning,9b59f49aff66bc51975356536712538bfbfa43d69446184663ced48b5cecdc4a,23735,youtube_video_frame_wall_mounted_lg_candidate,unknown_verify_before_training,wall_mounted,filter,ready_for_roboflow_filter_bbox,accepted_wall_mounted_filter_or_filter_access_visible,Extracted frame at 121.0s; keep only if actual wall-mounted LG indoor unit and filter/filter slot is visible. Reviewed for wall-mounted demo; exclude later if exact filter mesh is not visible enough for bbox.
10_원천이미지_raw/20_학습후보/lg_wall_mounted_filter_real_photo_reviewed_086/wall_filter_reviewed_073.jpg,73,lg_wall_mounted_filter_video_frame_candidates_manifest.csv,65,10_원천이미지_raw/20_학습후보/lg_wall_mounted_filter_video_frame_candidates/video_frame_candidate_065_CUmOa18MvX0_0045s.jpg,65,https://www.youtube.com/watch?v=CUmOa18MvX0,https://www.youtube.com/watch?v=CUmOa18MvX0,LG Whisen dual inverter wall-mounted air-conditioner disassembly,f8d33a128316482823c03e0fc59f9929e438c1d8ccb2f4e00df77add29cbba10,33808,youtube_video_frame_wall_mounted_lg_candidate,unknown_verify_before_training,wall_mounted,filter,ready_for_roboflow_filter_bbox,accepted_wall_mounted_filter_or_filter_access_visible,Extracted frame at 45.0s; keep only if actual wall-mounted LG indoor unit and filter/filter slot is visible. Reviewed for wall-mounted demo; exclude later if exact filter mesh is not visible enough for bbox.
10_원천이미지_raw/20_학습후보/lg_wall_mounted_filter_real_photo_reviewed_086/wall_filter_reviewed_074.jpg,74,lg_wall_mounted_filter_video_frame_candidates_manifest.csv,66,10_원천이미지_raw/20_학습후보/lg_wall_mounted_filter_video_frame_candidates/video_frame_candidate_066_CUmOa18MvX0_0049s.jpg,66,https://www.youtube.com/watch?v=CUmOa18MvX0,https://www.youtube.com/watch?v=CUmOa18MvX0,LG Whisen dual inverter wall-mounted air-conditioner disassembly,6d32c0ea34f21cd8981ae5005d21b0e911cff33e74cb671b94b7b6c2a6360a80,49985,youtube_video_frame_wall_mounted_lg_candidate,unknown_verify_before_training,wall_mounted,filter,ready_for_roboflow_filter_bbox,accepted_wall_mounted_filter_or_filter_access_visible,Extracted frame at 49.0s; keep only if actual wall-mounted LG indoor unit and filter/filter slot is visible. Reviewed for wall-mounted demo; exclude later if exact filter mesh is not visible enough for bbox.
10_원천이미지_raw/20_학습후보/lg_wall_mounted_filter_real_photo_reviewed_086/wall_filter_reviewed_075.jpg,75,lg_wall_mounted_filter_video_frame_candidates_manifest.csv,67,10_원천이미지_raw/20_학습후보/lg_wall_mounted_filter_video_frame_candidates/video_frame_candidate_067_CUmOa18MvX0_0053s.jpg,67,https://www.youtube.com/watch?v=CUmOa18MvX0,https://www.youtube.com/watch?v=CUmOa18MvX0,LG Whisen dual inverter wall-mounted air-conditioner disassembly,8e88db9572abc15b1b4bc16e4c36b30218d13ac39896b4365ff8c8b09f46a7d4,48100,youtube_video_frame_wall_mounted_lg_candidate,unknown_verify_before_training,wall_mounted,filter,ready_for_roboflow_filter_bbox,accepted_wall_mounted_filter_or_filter_access_visible,Extracted frame at 53.0s; keep only if actual wall-mounted LG indoor unit and filter/filter slot is visible. Reviewed for wall-mounted demo; exclude later if exact filter mesh is not visible enough for bbox.
10_원천이미지_raw/20_학습후보/lg_wall_mounted_filter_real_photo_reviewed_086/wall_filter_reviewed_076.jpg,76,lg_wall_mounted_filter_video_frame_candidates_manifest.csv,74,10_원천이미지_raw/20_학습후보/lg_wall_mounted_filter_video_frame_candidates/video_frame_candidate_074_CUmOa18MvX0_0081s.jpg,74,https://www.youtube.com/watch?v=CUmOa18MvX0,https://www.youtube.com/watch?v=CUmOa18MvX0,LG Whisen dual inverter wall-mounted air-conditioner disassembly,d365f59a16a19828dd4454c99f97f5878a51208d82fb70dcac3c0dec63644e55,39592,youtube_video_frame_wall_mounted_lg_candidate,unknown_verify_before_training,wall_mounted,filter,ready_for_roboflow_filter_bbox,accepted_wall_mounted_filter_or_filter_access_visible,Extracted frame at 81.0s; keep only if actual wall-mounted LG indoor unit and filter/filter slot is visible. Reviewed for wall-mounted demo; exclude later if exact filter mesh is not visible enough for bbox.
10_원천이미지_raw/20_학습후보/lg_wall_mounted_filter_real_photo_reviewed_086/wall_filter_reviewed_077.jpg,77,lg_wall_mounted_filter_video_frame_candidates_manifest.csv,75,10_원천이미지_raw/20_학습후보/lg_wall_mounted_filter_video_frame_candidates/video_frame_candidate_075_CUmOa18MvX0_0085s.jpg,75,https://www.youtube.com/watch?v=CUmOa18MvX0,https://www.youtube.com/watch?v=CUmOa18MvX0,LG Whisen dual inverter wall-mounted air-conditioner disassembly,e0711779af280e86aa0f6226c84716e8071270c8133c78b37000b765b6d10de0,33124,youtube_video_frame_wall_mounted_lg_candidate,unknown_verify_before_training,wall_mounted,filter,ready_for_roboflow_filter_bbox,accepted_wall_mounted_filter_or_filter_access_visible,Extracted frame at 85.0s; keep only if actual wall-mounted LG indoor unit and filter/filter slot is visible. Reviewed for wall-mounted demo; exclude later if exact filter mesh is not visible enough for bbox.
10_원천이미지_raw/20_학습후보/lg_wall_mounted_filter_real_photo_reviewed_086/wall_filter_reviewed_078.jpg,78,lg_wall_mounted_filter_video_frame_candidates_manifest.csv,76,10_원천이미지_raw/20_학습후보/lg_wall_mounted_filter_video_frame_candidates/video_frame_candidate_076_CUmOa18MvX0_0089s.jpg,76,https://www.youtube.com/watch?v=CUmOa18MvX0,https://www.youtube.com/watch?v=CUmOa18MvX0,LG Whisen dual inverter wall-mounted air-conditioner disassembly,e5050bb94e55760a5594a5d909f071dc57d76f455b00972133da903e2f99b656,39981,youtube_video_frame_wall_mounted_lg_candidate,unknown_verify_before_training,wall_mounted,filter,ready_for_roboflow_filter_bbox,accepted_wall_mounted_filter_or_filter_access_visible,Extracted frame at 89.0s; keep only if actual wall-mounted LG indoor unit and filter/filter slot is visible. Reviewed for wall-mounted demo; exclude later if exact filter mesh is not visible enough for bbox.
10_원천이미지_raw/20_학습후보/lg_wall_mounted_filter_real_photo_reviewed_086/wall_filter_reviewed_079.jpg,79,lg_wall_mounted_filter_video_frame_candidates_manifest.csv,77,10_원천이미지_raw/20_학습후보/lg_wall_mounted_filter_video_frame_candidates/video_frame_candidate_077_CUmOa18MvX0_0093s.jpg,77,https://www.youtube.com/watch?v=CUmOa18MvX0,https://www.youtube.com/watch?v=CUmOa18MvX0,LG Whisen dual inverter wall-mounted air-conditioner disassembly,568cb985913a37578426b1f07594b81d484977168e7aea918ea3ac797cccff88,36165,youtube_video_frame_wall_mounted_lg_candidate,unknown_verify_before_training,wall_mounted,filter,ready_for_roboflow_filter_bbox,accepted_wall_mounted_filter_or_filter_access_visible,Extracted frame at 93.0s; keep only if actual wall-mounted LG indoor unit and filter/filter slot is visible. Reviewed for wall-mounted demo; exclude later if exact filter mesh is not visible enough for bbox.
10_원천이미지_raw/20_학습후보/lg_wall_mounted_filter_real_photo_reviewed_086/wall_filter_reviewed_080.jpg,80,lg_wall_mounted_filter_video_frame_candidates_manifest.csv,78,10_원천이미지_raw/20_학습후보/lg_wall_mounted_filter_video_frame_candidates/video_frame_candidate_078_CUmOa18MvX0_0097s.jpg,78,https://www.youtube.com/watch?v=CUmOa18MvX0,https://www.youtube.com/watch?v=CUmOa18MvX0,LG Whisen dual inverter wall-mounted air-conditioner disassembly,ad04fbe8095176554851f77dd128a8ab7c71f4e179f8a7ef90fde04a797114a8,35292,youtube_video_frame_wall_mounted_lg_candidate,unknown_verify_before_training,wall_mounted,filter,ready_for_roboflow_filter_bbox,accepted_wall_mounted_filter_or_filter_access_visible,Extracted frame at 97.0s; keep only if actual wall-mounted LG indoor unit and filter/filter slot is visible. Reviewed for wall-mounted demo; exclude later if exact filter mesh is not visible enough for bbox.
10_원천이미지_raw/20_학습후보/lg_wall_mounted_filter_real_photo_reviewed_086/wall_filter_reviewed_081.jpg,81,lg_wall_mounted_filter_video_frame_candidates_manifest.csv,79,10_원천이미지_raw/20_학습후보/lg_wall_mounted_filter_video_frame_candidates/video_frame_candidate_079_CUmOa18MvX0_0101s.jpg,79,https://www.youtube.com/watch?v=CUmOa18MvX0,https://www.youtube.com/watch?v=CUmOa18MvX0,LG Whisen dual inverter wall-mounted air-conditioner disassembly,eb7d03f477e2f52bcbda020aaf8673a99afa837a23b1fe96399f8db4a5276ba0,33427,youtube_video_frame_wall_mounted_lg_candidate,unknown_verify_before_training,wall_mounted,filter,ready_for_roboflow_filter_bbox,accepted_wall_mounted_filter_or_filter_access_visible,Extracted frame at 101.0s; keep only if actual wall-mounted LG indoor unit and filter/filter slot is visible. Reviewed for wall-mounted demo; exclude later if exact filter mesh is not visible enough for bbox.
10_원천이미지_raw/20_학습후보/lg_wall_mounted_filter_real_photo_reviewed_086/wall_filter_reviewed_082.jpg,82,lg_wall_mounted_filter_video_frame_candidates_manifest.csv,80,10_원천이미지_raw/20_학습후보/lg_wall_mounted_filter_video_frame_candidates/video_frame_candidate_080_CUmOa18MvX0_0105s.jpg,80,https://www.youtube.com/watch?v=CUmOa18MvX0,https://www.youtube.com/watch?v=CUmOa18MvX0,LG Whisen dual inverter wall-mounted air-conditioner disassembly,90e26fb7e70c446958b9fa7b67465d8c4f4d48d76c30d7e905be2e0a542faa93,39544,youtube_video_frame_wall_mounted_lg_candidate,unknown_verify_before_training,wall_mounted,filter,ready_for_roboflow_filter_bbox,accepted_wall_mounted_filter_or_filter_access_visible,Extracted frame at 105.0s; keep only if actual wall-mounted LG indoor unit and filter/filter slot is visible. Reviewed for wall-mounted demo; exclude later if exact filter mesh is not visible enough for bbox.
10_원천이미지_raw/20_학습후보/lg_wall_mounted_filter_real_photo_reviewed_086/wall_filter_reviewed_083.jpg,83,lg_wall_mounted_filter_video_frame_candidates_manifest.csv,81,10_원천이미지_raw/20_학습후보/lg_wall_mounted_filter_video_frame_candidates/video_frame_candidate_081_CUmOa18MvX0_0109s.jpg,81,https://www.youtube.com/watch?v=CUmOa18MvX0,https://www.youtube.com/watch?v=CUmOa18MvX0,LG Whisen dual inverter wall-mounted air-conditioner disassembly,a395c544ae233abc71616ef86d1fdd4fcb890ea74a6a7f069321b47d3ef72a6d,39098,youtube_video_frame_wall_mounted_lg_candidate,unknown_verify_before_training,wall_mounted,filter,ready_for_roboflow_filter_bbox,accepted_wall_mounted_filter_or_filter_access_visible,Extracted frame at 109.0s; keep only if actual wall-mounted LG indoor unit and filter/filter slot is visible. Reviewed for wall-mounted demo; exclude later if exact filter mesh is not visible enough for bbox.
10_원천이미지_raw/20_학습후보/lg_wall_mounted_filter_real_photo_reviewed_086/wall_filter_reviewed_084.jpg,84,lg_wall_mounted_filter_video_frame_candidates_manifest.csv,82,10_원천이미지_raw/20_학습후보/lg_wall_mounted_filter_video_frame_candidates/video_frame_candidate_082_CUmOa18MvX0_0113s.jpg,82,https://www.youtube.com/watch?v=CUmOa18MvX0,https://www.youtube.com/watch?v=CUmOa18MvX0,LG Whisen dual inverter wall-mounted air-conditioner disassembly,25e1bad554dcc4bfeabac74be41089061b8f2929b450006cff598a0ab283da60,32204,youtube_video_frame_wall_mounted_lg_candidate,unknown_verify_before_training,wall_mounted,filter,ready_for_roboflow_filter_bbox,accepted_wall_mounted_filter_or_filter_access_visible,Extracted frame at 113.0s; keep only if actual wall-mounted LG indoor unit and filter/filter slot is visible. Reviewed for wall-mounted demo; exclude later if exact filter mesh is not visible enough for bbox.
10_원천이미지_raw/20_학습후보/lg_wall_mounted_filter_real_photo_reviewed_086/wall_filter_reviewed_085.jpg,85,lg_wall_mounted_filter_video_frame_candidates_manifest.csv,83,10_원천이미지_raw/20_학습후보/lg_wall_mounted_filter_video_frame_candidates/video_frame_candidate_083_CUmOa18MvX0_0117s.jpg,83,https://www.youtube.com/watch?v=CUmOa18MvX0,https://www.youtube.com/watch?v=CUmOa18MvX0,LG Whisen dual inverter wall-mounted air-conditioner disassembly,598dbb52a4f7644723aec9ec8a60fa372ba45598143c13e56f9b3ceaed142849,40579,youtube_video_frame_wall_mounted_lg_candidate,unknown_verify_before_training,wall_mounted,filter,ready_for_roboflow_filter_bbox,accepted_wall_mounted_filter_or_filter_access_visible,Extracted frame at 117.0s; keep only if actual wall-mounted LG indoor unit and filter/filter slot is visible. Reviewed for wall-mounted demo; exclude later if exact filter mesh is not visible enough for bbox.
10_원천이미지_raw/20_학습후보/lg_wall_mounted_filter_real_photo_reviewed_086/wall_filter_reviewed_086.jpg,86,lg_wall_mounted_filter_video_frame_candidates_manifest.csv,84,10_원천이미지_raw/20_학습후보/lg_wall_mounted_filter_video_frame_candidates/video_frame_candidate_084_CUmOa18MvX0_0121s.jpg,84,https://www.youtube.com/watch?v=CUmOa18MvX0,https://www.youtube.com/watch?v=CUmOa18MvX0,LG Whisen dual inverter wall-mounted air-conditioner disassembly,7562b06f9ec6cded4da318dc1b273cdbf6d0f9c725fb1cc21ced094f1a95ac79,29146,youtube_video_frame_wall_mounted_lg_candidate,unknown_verify_before_training,wall_mounted,filter,ready_for_roboflow_filter_bbox,accepted_wall_mounted_filter_or_filter_access_visible,Extracted frame at 121.0s; keep only if actual wall-mounted LG indoor unit and filter/filter slot is visible. Reviewed for wall-mounted demo; exclude later if exact filter mesh is not visible enough for bbox.
