relative_path,index,original_file_name,source_group,sha256,bytes,width,height,image_format,source_type,license_status,appliance_form,target_class,label_status,visual_review_status,notes
10_원천이미지_raw/01_직접제공_승인후보/user_provided_wall_filter_20260615_normalized/user_wall_filter_001.jpg,1,그림100.jpg,LG 벽걸이 에어컨 필터 사진 2차,f8732a3dab119671811cd882c4670b88d1de443875b08166bbda6ec96cc752e7,102163,1200,636,JPEG,user_provided_wall_mounted_filter_image,user_provided_for_project_verify_origin_before_public_release,wall_mounted,filter,ready_for_roboflow_filter_bbox,needs_contact_sheet_review,User supplied LG wall-mounted filter image candidate; label only visible filter mesh/filter part.
10_원천이미지_raw/01_직접제공_승인후보/user_provided_wall_filter_20260615_normalized/user_wall_filter_002.jpg,2,그림71.jpg,LG 벽걸이 에어컨 필터 사진 2차,ce8713f1684055259d0e83b4819354c3a9a0b6aea0f8de8c4b50903b09b4bf44,2648430,4000,2252,JPEG,user_provided_wall_mounted_filter_image,user_provided_for_project_verify_origin_before_public_release,wall_mounted,filter,ready_for_roboflow_filter_bbox,needs_contact_sheet_review,User supplied LG wall-mounted filter image candidate; label only visible filter mesh/filter part.
10_원천이미지_raw/01_직접제공_승인후보/user_provided_wall_filter_20260615_normalized/user_wall_filter_003.jpg,3,그림72.jpg,LG 벽걸이 에어컨 필터 사진 2차,2010167f35ac914aca77c56a7091b4b33af98dd9f3e65949f2014bedae65a5e2,716296,3974,2077,JPEG,user_provided_wall_mounted_filter_image,user_provided_for_project_verify_origin_before_public_release,wall_mounted,filter,ready_for_roboflow_filter_bbox,needs_contact_sheet_review,User supplied LG wall-mounted filter image candidate; label only visible filter mesh/filter part.
10_원천이미지_raw/01_직접제공_승인후보/user_provided_wall_filter_20260615_normalized/user_wall_filter_004.jpg,4,그림73.jpg,LG 벽걸이 에어컨 필터 사진 2차,bdbb5302c140aee58a5414530e77ce5bd4a53e773395a165537762e246023f6a,69907,1128,516,JPEG,user_provided_wall_mounted_filter_image,user_provided_for_project_verify_origin_before_public_release,wall_mounted,filter,ready_for_roboflow_filter_bbox,needs_contact_sheet_review,User supplied LG wall-mounted filter image candidate; label only visible filter mesh/filter part.
10_원천이미지_raw/01_직접제공_승인후보/user_provided_wall_filter_20260615_normalized/user_wall_filter_005.jpg,5,그림74.jpg,LG 벽걸이 에어컨 필터 사진 2차,4859a3cc2bd85389c2cbb92cae5ff618cdba85612469a4b5269ee30d8f37628e,509029,3800,1542,JPEG,user_provided_wall_mounted_filter_image,user_provided_for_project_verify_origin_before_public_release,wall_mounted,filter,ready_for_roboflow_filter_bbox,needs_contact_sheet_review,User supplied LG wall-mounted filter image candidate; label only visible filter mesh/filter part.
10_원천이미지_raw/01_직접제공_승인후보/user_provided_wall_filter_20260615_normalized/user_wall_filter_006.jpg,6,그림75.jpg,LG 벽걸이 에어컨 필터 사진 2차,499b646ba59db139d5e74018b9e884151e50eec284244ed32191770fa812d664,99722,1230,490,JPEG,user_provided_wall_mounted_filter_image,user_provided_for_project_verify_origin_before_public_release,wall_mounted,filter,ready_for_roboflow_filter_bbox,needs_contact_sheet_review,User supplied LG wall-mounted filter image candidate; label only visible filter mesh/filter part.
10_원천이미지_raw/01_직접제공_승인후보/user_provided_wall_filter_20260615_normalized/user_wall_filter_007.jpg,7,그림76.jpg,LG 벽걸이 에어컨 필터 사진 2차,8147d297a7c6adc77c45f1be5e6a31a403ab726ec0851397854a466e68ac76aa,104188,1204,548,JPEG,user_provided_wall_mounted_filter_image,user_provided_for_project_verify_origin_before_public_release,wall_mounted,filter,ready_for_roboflow_filter_bbox,needs_contact_sheet_review,User supplied LG wall-mounted filter image candidate; label only visible filter mesh/filter part.
10_원천이미지_raw/01_직접제공_승인후보/user_provided_wall_filter_20260615_normalized/user_wall_filter_008.jpg,8,그림77.jpg,LG 벽걸이 에어컨 필터 사진 2차,7418ea3508ded43ab92bbc1f5e764272faf0373d3c9acceb2f046a2d5fb4e728,83356,952,680,JPEG,user_provided_wall_mounted_filter_image,user_provided_for_project_verify_origin_before_public_release,wall_mounted,filter,ready_for_roboflow_filter_bbox,needs_contact_sheet_review,User supplied LG wall-mounted filter image candidate; label only visible filter mesh/filter part.
10_원천이미지_raw/01_직접제공_승인후보/user_provided_wall_filter_20260615_normalized/user_wall_filter_009.png,9,그림78.png,LG 벽걸이 에어컨 필터 사진 2차,f3e328012fa5c0b9ac3df5a2234d1ccc3440643137e02ef98f578765e72598ce,732296,1231,550,PNG,user_provided_wall_mounted_filter_image,user_provided_for_project_verify_origin_before_public_release,wall_mounted,filter,ready_for_roboflow_filter_bbox,needs_contact_sheet_review,User supplied LG wall-mounted filter image candidate; label only visible filter mesh/filter part.
10_원천이미지_raw/01_직접제공_승인후보/user_provided_wall_filter_20260615_normalized/user_wall_filter_010.png,10,그림79.png,LG 벽걸이 에어컨 필터 사진 2차,37f2f20f119a5808d3249ebe1353856b186f33e3f1e783177875bdc58ec33d59,464770,946,465,PNG,user_provided_wall_mounted_filter_image,user_provided_for_project_verify_origin_before_public_release,wall_mounted,filter,ready_for_roboflow_filter_bbox,needs_contact_sheet_review,User supplied LG wall-mounted filter image candidate; label only visible filter mesh/filter part.
10_원천이미지_raw/01_직접제공_승인후보/user_provided_wall_filter_20260615_normalized/user_wall_filter_011.png,11,그림80.png,LG 벽걸이 에어컨 필터 사진 2차,04e79f6cbc5b253af950c9b313ac0779c86dd1bda89bc058b482133848fcd424,507970,1252,463,PNG,user_provided_wall_mounted_filter_image,user_provided_for_project_verify_origin_before_public_release,wall_mounted,filter,ready_for_roboflow_filter_bbox,needs_contact_sheet_review,User supplied LG wall-mounted filter image candidate; label only visible filter mesh/filter part.
10_원천이미지_raw/01_직접제공_승인후보/user_provided_wall_filter_20260615_normalized/user_wall_filter_012.jpg,12,그림81.jpg,LG 벽걸이 에어컨 필터 사진 2차,f9d1ab83220eae5097bbdd248192e07ef46e1dec1892bd19c10e3c1f9b82ea0c,122122,1106,606,JPEG,user_provided_wall_mounted_filter_image,user_provided_for_project_verify_origin_before_public_release,wall_mounted,filter,ready_for_roboflow_filter_bbox,needs_contact_sheet_review,User supplied LG wall-mounted filter image candidate; label only visible filter mesh/filter part.
10_원천이미지_raw/01_직접제공_승인후보/user_provided_wall_filter_20260615_normalized/user_wall_filter_013.jpg,13,그림82.jpg,LG 벽걸이 에어컨 필터 사진 2차,3d599b965a3591fdc87eb34926330b70647ae27bfd13020945c18999e042ebbe,60467,1240,449,JPEG,user_provided_wall_mounted_filter_image,user_provided_for_project_verify_origin_before_public_release,wall_mounted,filter,ready_for_roboflow_filter_bbox,needs_contact_sheet_review,User supplied LG wall-mounted filter image candidate; label only visible filter mesh/filter part.
10_원천이미지_raw/01_직접제공_승인후보/user_provided_wall_filter_20260615_normalized/user_wall_filter_014.png,14,그림83.png,LG 벽걸이 에어컨 필터 사진 2차,5d145dec5a6b1bb6ff1913bf5ad6d8551f6761da39502fd8cc0878cecea548fc,825526,1164,360,PNG,user_provided_wall_mounted_filter_image,user_provided_for_project_verify_origin_before_public_release,wall_mounted,filter,ready_for_roboflow_filter_bbox,needs_contact_sheet_review,User supplied LG wall-mounted filter image candidate; label only visible filter mesh/filter part.
10_원천이미지_raw/01_직접제공_승인후보/user_provided_wall_filter_20260615_normalized/user_wall_filter_015.jpg,15,그림84.jpg,LG 벽걸이 에어컨 필터 사진 2차,6895d3420a83069bd9331c196b3f238c427fa08ea480d6c456af646eec8ca3d7,87820,1272,468,JPEG,user_provided_wall_mounted_filter_image,user_provided_for_project_verify_origin_before_public_release,wall_mounted,filter,ready_for_roboflow_filter_bbox,needs_contact_sheet_review,User supplied LG wall-mounted filter image candidate; label only visible filter mesh/filter part.
10_원천이미지_raw/01_직접제공_승인후보/user_provided_wall_filter_20260615_normalized/user_wall_filter_016.png,16,그림85.png,LG 벽걸이 에어컨 필터 사진 2차,2c2aa015ec82669f1ac13acb7ea992148f18f9c446f5ab4bf03dc58d6a0bf781,1004463,1092,676,PNG,user_provided_wall_mounted_filter_image,user_provided_for_project_verify_origin_before_public_release,wall_mounted,filter,ready_for_roboflow_filter_bbox,needs_contact_sheet_review,User supplied LG wall-mounted filter image candidate; label only visible filter mesh/filter part.
10_원천이미지_raw/01_직접제공_승인후보/user_provided_wall_filter_20260615_normalized/user_wall_filter_017.jpg,17,그림86.jpg,LG 벽걸이 에어컨 필터 사진 2차,3980ab9c1e3bbbe70ede800f1dd4c5839437bedb3727f78962764e6edb5507ab,81641,1266,462,JPEG,user_provided_wall_mounted_filter_image,user_provided_for_project_verify_origin_before_public_release,wall_mounted,filter,ready_for_roboflow_filter_bbox,needs_contact_sheet_review,User supplied LG wall-mounted filter image candidate; label only visible filter mesh/filter part.
10_원천이미지_raw/01_직접제공_승인후보/user_provided_wall_filter_20260615_normalized/user_wall_filter_018.png,18,그림87.png,LG 벽걸이 에어컨 필터 사진 2차,a7106fa11a7c681a7507325c89fe9e7928266839f941db3b2905c5dcc7d7c65d,685113,1278,457,PNG,user_provided_wall_mounted_filter_image,user_provided_for_project_verify_origin_before_public_release,wall_mounted,filter,ready_for_roboflow_filter_bbox,needs_contact_sheet_review,User supplied LG wall-mounted filter image candidate; label only visible filter mesh/filter part.
10_원천이미지_raw/01_직접제공_승인후보/user_provided_wall_filter_20260615_normalized/user_wall_filter_019.jpg,19,그림88.jpg,LG 벽걸이 에어컨 필터 사진 2차,ad9902d0f2092e1f95bb5b198791d5846263e7ac14930ba02bb7b295fbd4c530,80490,1222,514,JPEG,user_provided_wall_mounted_filter_image,user_provided_for_project_verify_origin_before_public_release,wall_mounted,filter,ready_for_roboflow_filter_bbox,needs_contact_sheet_review,User supplied LG wall-mounted filter image candidate; label only visible filter mesh/filter part.
10_원천이미지_raw/01_직접제공_승인후보/user_provided_wall_filter_20260615_normalized/user_wall_filter_020.jpg,20,그림89.jpg,LG 벽걸이 에어컨 필터 사진 2차,8280300f37aad8047501cf1fd174e5955ada024fe2b80d6f3a8e540ee6f29348,67855,1192,482,JPEG,user_provided_wall_mounted_filter_image,user_provided_for_project_verify_origin_before_public_release,wall_mounted,filter,ready_for_roboflow_filter_bbox,needs_contact_sheet_review,User supplied LG wall-mounted filter image candidate; label only visible filter mesh/filter part.
10_원천이미지_raw/01_직접제공_승인후보/user_provided_wall_filter_20260615_normalized/user_wall_filter_021.jpg,21,그림90.jpg,LG 벽걸이 에어컨 필터 사진 2차,e27d11625f4ccb555de8f395463faed492253c0dd95b67777f158b36c01a88e5,74392,1220,478,JPEG,user_provided_wall_mounted_filter_image,user_provided_for_project_verify_origin_before_public_release,wall_mounted,filter,ready_for_roboflow_filter_bbox,needs_contact_sheet_review,User supplied LG wall-mounted filter image candidate; label only visible filter mesh/filter part.
10_원천이미지_raw/01_직접제공_승인후보/user_provided_wall_filter_20260615_normalized/user_wall_filter_022.jpg,22,그림91.jpg,LG 벽걸이 에어컨 필터 사진 2차,297bac8af1e1c6f7c9552098dca5027a5f6a748b49d9b9f3e2b71928770daedf,99015,1228,519,JPEG,user_provided_wall_mounted_filter_image,user_provided_for_project_verify_origin_before_public_release,wall_mounted,filter,ready_for_roboflow_filter_bbox,needs_contact_sheet_review,User supplied LG wall-mounted filter image candidate; label only visible filter mesh/filter part.
10_원천이미지_raw/01_직접제공_승인후보/user_provided_wall_filter_20260615_normalized/user_wall_filter_023.png,23,그림92.png,LG 벽걸이 에어컨 필터 사진 2차,fec55b6327325e6526d2f8cd2971001c9ced519d2f41e41e1fe959e8dca8b969,967188,1266,570,PNG,user_provided_wall_mounted_filter_image,user_provided_for_project_verify_origin_before_public_release,wall_mounted,filter,ready_for_roboflow_filter_bbox,needs_contact_sheet_review,User supplied LG wall-mounted filter image candidate; label only visible filter mesh/filter part.
10_원천이미지_raw/01_직접제공_승인후보/user_provided_wall_filter_20260615_normalized/user_wall_filter_024.jpg,24,그림93.jpg,LG 벽걸이 에어컨 필터 사진 2차,d9b1d41857d26c2bf92cba23d9fbab6526a132593bc721d73b5ece53a09f048a,117597,1184,558,JPEG,user_provided_wall_mounted_filter_image,user_provided_for_project_verify_origin_before_public_release,wall_mounted,filter,ready_for_roboflow_filter_bbox,needs_contact_sheet_review,User supplied LG wall-mounted filter image candidate; label only visible filter mesh/filter part.
10_원천이미지_raw/01_직접제공_승인후보/user_provided_wall_filter_20260615_normalized/user_wall_filter_025.jpg,25,그림94.jpg,LG 벽걸이 에어컨 필터 사진 2차,3f3e88f62333d0b4425bde70871781153e8e416fc6ee9439c270ae977bfd2ad8,82532,926,694,JPEG,user_provided_wall_mounted_filter_image,user_provided_for_project_verify_origin_before_public_release,wall_mounted,filter,ready_for_roboflow_filter_bbox,needs_contact_sheet_review,User supplied LG wall-mounted filter image candidate; label only visible filter mesh/filter part.
10_원천이미지_raw/01_직접제공_승인후보/user_provided_wall_filter_20260615_normalized/user_wall_filter_026.jpg,26,그림95.jpg,LG 벽걸이 에어컨 필터 사진 2차,d42887f047347393a2571abebcbbbf9fd8129ca950e9a91e44bac472b3b6760b,87417,964,723,JPEG,user_provided_wall_mounted_filter_image,user_provided_for_project_verify_origin_before_public_release,wall_mounted,filter,ready_for_roboflow_filter_bbox,needs_contact_sheet_review,User supplied LG wall-mounted filter image candidate; label only visible filter mesh/filter part.
10_원천이미지_raw/01_직접제공_승인후보/user_provided_wall_filter_20260615_normalized/user_wall_filter_027.jpg,27,그림96.jpg,LG 벽걸이 에어컨 필터 사진 2차,b6548e3248810c8d703d8a57869501f644dfe90b4b970b704a934198843ca0d3,126676,1135,602,JPEG,user_provided_wall_mounted_filter_image,user_provided_for_project_verify_origin_before_public_release,wall_mounted,filter,ready_for_roboflow_filter_bbox,needs_contact_sheet_review,User supplied LG wall-mounted filter image candidate; label only visible filter mesh/filter part.
10_원천이미지_raw/01_직접제공_승인후보/user_provided_wall_filter_20260615_normalized/user_wall_filter_028.jpg,28,그림97.jpg,LG 벽걸이 에어컨 필터 사진 2차,a3984c0dcb2d73de68981448778961cb7ba131f0a9b71bcd5934c6ecf4e88734,108890,1126,606,JPEG,user_provided_wall_mounted_filter_image,user_provided_for_project_verify_origin_before_public_release,wall_mounted,filter,ready_for_roboflow_filter_bbox,needs_contact_sheet_review,User supplied LG wall-mounted filter image candidate; label only visible filter mesh/filter part.
10_원천이미지_raw/01_직접제공_승인후보/user_provided_wall_filter_20260615_normalized/user_wall_filter_029.jpg,29,그림98.jpg,LG 벽걸이 에어컨 필터 사진 2차,c95fd21502abf27e449fcf0fe6d8bb0965cdfb4e1fd1b93187a1db6da61097c9,95983,1222,608,JPEG,user_provided_wall_mounted_filter_image,user_provided_for_project_verify_origin_before_public_release,wall_mounted,filter,ready_for_roboflow_filter_bbox,needs_contact_sheet_review,User supplied LG wall-mounted filter image candidate; label only visible filter mesh/filter part.
10_원천이미지_raw/01_직접제공_승인후보/user_provided_wall_filter_20260615_normalized/user_wall_filter_030.jpg,30,그림99.jpg,LG 벽걸이 에어컨 필터 사진 2차,4d88ff1cab3dee2bce3511a18c64321b8a8612d9bfc1470bdc331bc206ce1474,101808,1272,510,JPEG,user_provided_wall_mounted_filter_image,user_provided_for_project_verify_origin_before_public_release,wall_mounted,filter,ready_for_roboflow_filter_bbox,needs_contact_sheet_review,User supplied LG wall-mounted filter image candidate; label only visible filter mesh/filter part.
10_원천이미지_raw/01_직접제공_승인후보/user_provided_wall_filter_20260615_normalized/user_wall_filter_031.jpg,31,그림1.jpg,LG 벽걸이 에어컨 필터 사진,589e28c842f46000dc6c6023b79051a6a0f5f6df5c397a6a00d8f2b08ae75c96,87032,800,533,JPEG,user_provided_wall_mounted_filter_image,user_provided_for_project_verify_origin_before_public_release,wall_mounted,filter,ready_for_roboflow_filter_bbox,needs_contact_sheet_review,User supplied LG wall-mounted filter image candidate; label only visible filter mesh/filter part.
10_원천이미지_raw/01_직접제공_승인후보/user_provided_wall_filter_20260615_normalized/user_wall_filter_032.jpg,32,그림10.jpg,LG 벽걸이 에어컨 필터 사진,0e522bed7c339c40d396c8ef4a71603fa5d181a289cb2c1a89c0894d663716e0,84950,876,492,JPEG,user_provided_wall_mounted_filter_image,user_provided_for_project_verify_origin_before_public_release,wall_mounted,filter,ready_for_roboflow_filter_bbox,needs_contact_sheet_review,User supplied LG wall-mounted filter image candidate; label only visible filter mesh/filter part.
10_원천이미지_raw/01_직접제공_승인후보/user_provided_wall_filter_20260615_normalized/user_wall_filter_033.jpg,33,그림11.jpg,LG 벽걸이 에어컨 필터 사진,7221a769d9ab490cee1cda69d584ff80b4b94c0c8b241148f437139d351fd240,51750,1062,456,JPEG,user_provided_wall_mounted_filter_image,user_provided_for_project_verify_origin_before_public_release,wall_mounted,filter,ready_for_roboflow_filter_bbox,needs_contact_sheet_review,User supplied LG wall-mounted filter image candidate; label only visible filter mesh/filter part.
10_원천이미지_raw/01_직접제공_승인후보/user_provided_wall_filter_20260615_normalized/user_wall_filter_034.jpg,34,그림12.jpg,LG 벽걸이 에어컨 필터 사진,0765691d2f28d10b62baafcb37e72aff4b02f73aeabe519e9eb1cc46e63f8493,76318,1046,526,JPEG,user_provided_wall_mounted_filter_image,user_provided_for_project_verify_origin_before_public_release,wall_mounted,filter,ready_for_roboflow_filter_bbox,needs_contact_sheet_review,User supplied LG wall-mounted filter image candidate; label only visible filter mesh/filter part.
10_원천이미지_raw/01_직접제공_승인후보/user_provided_wall_filter_20260615_normalized/user_wall_filter_035.jpg,35,그림13.jpg,LG 벽걸이 에어컨 필터 사진,8e721a1c1fca5ea988109a96c5ae29137f0f2e0aa8710ab4a123f2b53150bccf,71469,865,598,JPEG,user_provided_wall_mounted_filter_image,user_provided_for_project_verify_origin_before_public_release,wall_mounted,filter,ready_for_roboflow_filter_bbox,needs_contact_sheet_review,User supplied LG wall-mounted filter image candidate; label only visible filter mesh/filter part.
10_원천이미지_raw/01_직접제공_승인후보/user_provided_wall_filter_20260615_normalized/user_wall_filter_036.jpg,36,그림14.jpg,LG 벽걸이 에어컨 필터 사진,3ac5172a4545328bbcd4afd63e2c4280941f818959b66c2c7d9ecb31756f2fe1,64260,961,536,JPEG,user_provided_wall_mounted_filter_image,user_provided_for_project_verify_origin_before_public_release,wall_mounted,filter,ready_for_roboflow_filter_bbox,needs_contact_sheet_review,User supplied LG wall-mounted filter image candidate; label only visible filter mesh/filter part.
10_원천이미지_raw/01_직접제공_승인후보/user_provided_wall_filter_20260615_normalized/user_wall_filter_037.jpg,37,그림15.jpg,LG 벽걸이 에어컨 필터 사진,40c266c125138bf4e7868c86885ff4adb18c23f23de85b2f9065d885cfeada3d,101238,800,600,JPEG,user_provided_wall_mounted_filter_image,user_provided_for_project_verify_origin_before_public_release,wall_mounted,filter,ready_for_roboflow_filter_bbox,needs_contact_sheet_review,User supplied LG wall-mounted filter image candidate; label only visible filter mesh/filter part.
10_원천이미지_raw/01_직접제공_승인후보/user_provided_wall_filter_20260615_normalized/user_wall_filter_038.png,38,그림16.png,LG 벽걸이 에어컨 필터 사진,2ea3f0884f4a6943961cfdd5af8060fbc81b3c09545b2bdfcedf3092f959bfae,626616,1002,440,PNG,user_provided_wall_mounted_filter_image,user_provided_for_project_verify_origin_before_public_release,wall_mounted,filter,ready_for_roboflow_filter_bbox,needs_contact_sheet_review,User supplied LG wall-mounted filter image candidate; label only visible filter mesh/filter part.
10_원천이미지_raw/01_직접제공_승인후보/user_provided_wall_filter_20260615_normalized/user_wall_filter_039.jpg,39,그림17.jpg,LG 벽걸이 에어컨 필터 사진,a79c645bd04f37e0e6eb55c47e85290f491fa8e96b7ea2d5848baedb5fc739b3,57008,952,546,JPEG,user_provided_wall_mounted_filter_image,user_provided_for_project_verify_origin_before_public_release,wall_mounted,filter,ready_for_roboflow_filter_bbox,needs_contact_sheet_review,User supplied LG wall-mounted filter image candidate; label only visible filter mesh/filter part.
10_원천이미지_raw/01_직접제공_승인후보/user_provided_wall_filter_20260615_normalized/user_wall_filter_040.jpg,40,그림18.jpg,LG 벽걸이 에어컨 필터 사진,39a6e303c3bd36daf61c74381428b42f9e398c726705452795d7e99d29dcfb7c,57009,800,600,JPEG,user_provided_wall_mounted_filter_image,user_provided_for_project_verify_origin_before_public_release,wall_mounted,filter,ready_for_roboflow_filter_bbox,needs_contact_sheet_review,User supplied LG wall-mounted filter image candidate; label only visible filter mesh/filter part.
10_원천이미지_raw/01_직접제공_승인후보/user_provided_wall_filter_20260615_normalized/user_wall_filter_041.jpg,41,그림19.jpg,LG 벽걸이 에어컨 필터 사진,7406d0ba4234ff71ef6cc63cae691abfe92c6c90cb651b2fe5a2cf0273ff01cf,118087,1070,675,JPEG,user_provided_wall_mounted_filter_image,user_provided_for_project_verify_origin_before_public_release,wall_mounted,filter,ready_for_roboflow_filter_bbox,needs_contact_sheet_review,User supplied LG wall-mounted filter image candidate; label only visible filter mesh/filter part.
10_원천이미지_raw/01_직접제공_승인후보/user_provided_wall_filter_20260615_normalized/user_wall_filter_042.jpg,42,그림2.jpg,LG 벽걸이 에어컨 필터 사진,c45f3b280252f6f94a0734a92dc18206d1999263f27036655b645b173bc8e727,50873,828,517,JPEG,user_provided_wall_mounted_filter_image,user_provided_for_project_verify_origin_before_public_release,wall_mounted,filter,ready_for_roboflow_filter_bbox,needs_contact_sheet_review,User supplied LG wall-mounted filter image candidate; label only visible filter mesh/filter part.
10_원천이미지_raw/01_직접제공_승인후보/user_provided_wall_filter_20260615_normalized/user_wall_filter_043.jpg,43,그림20.jpg,LG 벽걸이 에어컨 필터 사진,506f88ee8c46d52e16d37d30e87c5f6e4a85420da772896c4982f610d1931eea,97495,870,590,JPEG,user_provided_wall_mounted_filter_image,user_provided_for_project_verify_origin_before_public_release,wall_mounted,filter,ready_for_roboflow_filter_bbox,needs_contact_sheet_review,User supplied LG wall-mounted filter image candidate; label only visible filter mesh/filter part.
10_원천이미지_raw/01_직접제공_승인후보/user_provided_wall_filter_20260615_normalized/user_wall_filter_044.jpg,44,그림21.jpg,LG 벽걸이 에어컨 필터 사진,a77a0b695c86ac2fec2832f44fae9137a34f4995d5dfbe5babdc0933d4daa522,70260,953,471,JPEG,user_provided_wall_mounted_filter_image,user_provided_for_project_verify_origin_before_public_release,wall_mounted,filter,ready_for_roboflow_filter_bbox,needs_contact_sheet_review,User supplied LG wall-mounted filter image candidate; label only visible filter mesh/filter part.
10_원천이미지_raw/01_직접제공_승인후보/user_provided_wall_filter_20260615_normalized/user_wall_filter_045.jpg,45,그림22.jpg,LG 벽걸이 에어컨 필터 사진,fb99a38e1559ec644ddca4f6274dc9d0f1d6e439c99b3946f7eeed528de08c07,151286,1201,600,JPEG,user_provided_wall_mounted_filter_image,user_provided_for_project_verify_origin_before_public_release,wall_mounted,filter,ready_for_roboflow_filter_bbox,needs_contact_sheet_review,User supplied LG wall-mounted filter image candidate; label only visible filter mesh/filter part.
10_원천이미지_raw/01_직접제공_승인후보/user_provided_wall_filter_20260615_normalized/user_wall_filter_046.jpg,46,그림23.jpg,LG 벽걸이 에어컨 필터 사진,09a423fb12f5fde4dd41d090e9774d0562deb1da580e529e4c27c1c0aaf6ea7a,103064,1116,467,JPEG,user_provided_wall_mounted_filter_image,user_provided_for_project_verify_origin_before_public_release,wall_mounted,filter,ready_for_roboflow_filter_bbox,needs_contact_sheet_review,User supplied LG wall-mounted filter image candidate; label only visible filter mesh/filter part.
10_원천이미지_raw/01_직접제공_승인후보/user_provided_wall_filter_20260615_normalized/user_wall_filter_047.jpg,47,그림25.jpg,LG 벽걸이 에어컨 필터 사진,41b69c5aa8240042c100f6cfeec43375cc51a46639099e2b5a60a04a3fdb7b61,86170,800,600,JPEG,user_provided_wall_mounted_filter_image,user_provided_for_project_verify_origin_before_public_release,wall_mounted,filter,ready_for_roboflow_filter_bbox,needs_contact_sheet_review,User supplied LG wall-mounted filter image candidate; label only visible filter mesh/filter part.
10_원천이미지_raw/01_직접제공_승인후보/user_provided_wall_filter_20260615_normalized/user_wall_filter_048.jpg,48,그림26.jpg,LG 벽걸이 에어컨 필터 사진,39ca2d7ee74ae075d17660d10679137b4aaf5bb6a86b60a300878166f532900b,143521,1042,613,JPEG,user_provided_wall_mounted_filter_image,user_provided_for_project_verify_origin_before_public_release,wall_mounted,filter,ready_for_roboflow_filter_bbox,needs_contact_sheet_review,User supplied LG wall-mounted filter image candidate; label only visible filter mesh/filter part.
10_원천이미지_raw/01_직접제공_승인후보/user_provided_wall_filter_20260615_normalized/user_wall_filter_049.jpg,49,그림27.jpg,LG 벽걸이 에어컨 필터 사진,5404c4e2ef5a86c2973db4607f545c6d046d93d2c1c116a9163afb3c5432056a,115247,1142,606,JPEG,user_provided_wall_mounted_filter_image,user_provided_for_project_verify_origin_before_public_release,wall_mounted,filter,ready_for_roboflow_filter_bbox,needs_contact_sheet_review,User supplied LG wall-mounted filter image candidate; label only visible filter mesh/filter part.
10_원천이미지_raw/01_직접제공_승인후보/user_provided_wall_filter_20260615_normalized/user_wall_filter_050.jpg,50,그림28.jpg,LG 벽걸이 에어컨 필터 사진,e8de301cd7ed37b8be957347aa6e0a801a6cb6fee4b39c2b9a7cd200f844685d,97117,958,520,JPEG,user_provided_wall_mounted_filter_image,user_provided_for_project_verify_origin_before_public_release,wall_mounted,filter,ready_for_roboflow_filter_bbox,needs_contact_sheet_review,User supplied LG wall-mounted filter image candidate; label only visible filter mesh/filter part.
10_원천이미지_raw/01_직접제공_승인후보/user_provided_wall_filter_20260615_normalized/user_wall_filter_051.jpg,51,그림29.jpg,LG 벽걸이 에어컨 필터 사진,2a0a99d2e6642984fd55faa6203928907b3778428c25cc045763a437c0d7120e,87281,1011,584,JPEG,user_provided_wall_mounted_filter_image,user_provided_for_project_verify_origin_before_public_release,wall_mounted,filter,ready_for_roboflow_filter_bbox,needs_contact_sheet_review,User supplied LG wall-mounted filter image candidate; label only visible filter mesh/filter part.
10_원천이미지_raw/01_직접제공_승인후보/user_provided_wall_filter_20260615_normalized/user_wall_filter_052.jpg,52,그림3.jpg,LG 벽걸이 에어컨 필터 사진,a694e2768f451f827092b907f2334f87fe75f459fdded33bb74db33c05237b42,58090,857,482,JPEG,user_provided_wall_mounted_filter_image,user_provided_for_project_verify_origin_before_public_release,wall_mounted,filter,ready_for_roboflow_filter_bbox,needs_contact_sheet_review,User supplied LG wall-mounted filter image candidate; label only visible filter mesh/filter part.
10_원천이미지_raw/01_직접제공_승인후보/user_provided_wall_filter_20260615_normalized/user_wall_filter_053.jpg,53,그림30.jpg,LG 벽걸이 에어컨 필터 사진,1ccc08d2511641801a44609166c3f7110acdd8758eb85b70ddbd801e6fbd11c6,111802,1170,484,JPEG,user_provided_wall_mounted_filter_image,user_provided_for_project_verify_origin_before_public_release,wall_mounted,filter,ready_for_roboflow_filter_bbox,needs_contact_sheet_review,User supplied LG wall-mounted filter image candidate; label only visible filter mesh/filter part.
10_원천이미지_raw/01_직접제공_승인후보/user_provided_wall_filter_20260615_normalized/user_wall_filter_054.jpg,54,그림31.jpg,LG 벽걸이 에어컨 필터 사진,285d38c20cccb35c8dd699f69263969aa7949235d669a5f8131420c529db08a9,75403,1108,485,JPEG,user_provided_wall_mounted_filter_image,user_provided_for_project_verify_origin_before_public_release,wall_mounted,filter,ready_for_roboflow_filter_bbox,needs_contact_sheet_review,User supplied LG wall-mounted filter image candidate; label only visible filter mesh/filter part.
10_원천이미지_raw/01_직접제공_승인후보/user_provided_wall_filter_20260615_normalized/user_wall_filter_055.jpg,55,그림32.jpg,LG 벽걸이 에어컨 필터 사진,b48aa4ce4e95e64c2409269507d13eaf08e24849a55739c229b9530a68c19db6,58512,948,483,JPEG,user_provided_wall_mounted_filter_image,user_provided_for_project_verify_origin_before_public_release,wall_mounted,filter,ready_for_roboflow_filter_bbox,needs_contact_sheet_review,User supplied LG wall-mounted filter image candidate; label only visible filter mesh/filter part.
10_원천이미지_raw/01_직접제공_승인후보/user_provided_wall_filter_20260615_normalized/user_wall_filter_056.jpg,56,그림33.jpg,LG 벽걸이 에어컨 필터 사진,600a4578b9e5807c288ca2c241bd7a77659dc429ac8cd90a6afc936c7f0ca282,70232,1182,538,JPEG,user_provided_wall_mounted_filter_image,user_provided_for_project_verify_origin_before_public_release,wall_mounted,filter,ready_for_roboflow_filter_bbox,needs_contact_sheet_review,User supplied LG wall-mounted filter image candidate; label only visible filter mesh/filter part.
10_원천이미지_raw/01_직접제공_승인후보/user_provided_wall_filter_20260615_normalized/user_wall_filter_057.jpg,57,그림34.jpg,LG 벽걸이 에어컨 필터 사진,630cbaed20468dc24d0f46545fe733b25b8f70f6a989eb43d477adba7db3aa1f,76219,1056,524,JPEG,user_provided_wall_mounted_filter_image,user_provided_for_project_verify_origin_before_public_release,wall_mounted,filter,ready_for_roboflow_filter_bbox,needs_contact_sheet_review,User supplied LG wall-mounted filter image candidate; label only visible filter mesh/filter part.
10_원천이미지_raw/01_직접제공_승인후보/user_provided_wall_filter_20260615_normalized/user_wall_filter_058.jpg,58,그림35.jpg,LG 벽걸이 에어컨 필터 사진,6c6ddfcd07318a3db19eacb94507f155a4e8bf4f2311e324be5b9fae34bc01e5,82616,1006,522,JPEG,user_provided_wall_mounted_filter_image,user_provided_for_project_verify_origin_before_public_release,wall_mounted,filter,ready_for_roboflow_filter_bbox,needs_contact_sheet_review,User supplied LG wall-mounted filter image candidate; label only visible filter mesh/filter part.
10_원천이미지_raw/01_직접제공_승인후보/user_provided_wall_filter_20260615_normalized/user_wall_filter_059.jpg,59,그림36.jpg,LG 벽걸이 에어컨 필터 사진,4eb11563976d5acb74abc66d988166ed6306cc5f89685a21a964c81bc63982b3,70473,1112,532,JPEG,user_provided_wall_mounted_filter_image,user_provided_for_project_verify_origin_before_public_release,wall_mounted,filter,ready_for_roboflow_filter_bbox,needs_contact_sheet_review,User supplied LG wall-mounted filter image candidate; label only visible filter mesh/filter part.
10_원천이미지_raw/01_직접제공_승인후보/user_provided_wall_filter_20260615_normalized/user_wall_filter_060.jpg,60,그림37.jpg,LG 벽걸이 에어컨 필터 사진,63548e2f2ccaa134f7a9bd7037ff7de4959ea3a53b0a6abf5772434c34bf14f0,122887,800,600,JPEG,user_provided_wall_mounted_filter_image,user_provided_for_project_verify_origin_before_public_release,wall_mounted,filter,ready_for_roboflow_filter_bbox,needs_contact_sheet_review,User supplied LG wall-mounted filter image candidate; label only visible filter mesh/filter part.
10_원천이미지_raw/01_직접제공_승인후보/user_provided_wall_filter_20260615_normalized/user_wall_filter_061.jpg,61,그림38.jpg,LG 벽걸이 에어컨 필터 사진,a99562ad7b4e85c111b58c2d1966262a2a22f20de692b06bd78c91e70991f9aa,80031,1069,510,JPEG,user_provided_wall_mounted_filter_image,user_provided_for_project_verify_origin_before_public_release,wall_mounted,filter,ready_for_roboflow_filter_bbox,needs_contact_sheet_review,User supplied LG wall-mounted filter image candidate; label only visible filter mesh/filter part.
10_원천이미지_raw/01_직접제공_승인후보/user_provided_wall_filter_20260615_normalized/user_wall_filter_062.jpg,62,그림39.jpg,LG 벽걸이 에어컨 필터 사진,1fcbfbe0ed65458ecba6f164d393e9c34236a92cd65784121416c3ff24d19531,67092,956,504,JPEG,user_provided_wall_mounted_filter_image,user_provided_for_project_verify_origin_before_public_release,wall_mounted,filter,ready_for_roboflow_filter_bbox,needs_contact_sheet_review,User supplied LG wall-mounted filter image candidate; label only visible filter mesh/filter part.
10_원천이미지_raw/01_직접제공_승인후보/user_provided_wall_filter_20260615_normalized/user_wall_filter_063.jpg,63,그림4.jpg,LG 벽걸이 에어컨 필터 사진,b6f9441c7c6a83ce6edce48f5fee47ff9089ec4dee73ce597280b1bb966e11dd,78633,996,451,JPEG,user_provided_wall_mounted_filter_image,user_provided_for_project_verify_origin_before_public_release,wall_mounted,filter,ready_for_roboflow_filter_bbox,needs_contact_sheet_review,User supplied LG wall-mounted filter image candidate; label only visible filter mesh/filter part.
10_원천이미지_raw/01_직접제공_승인후보/user_provided_wall_filter_20260615_normalized/user_wall_filter_064.jpg,64,그림40.jpg,LG 벽걸이 에어컨 필터 사진,5861d43ca6caf35bf85ad8496b4999710b422a8814c65f304b73366635ce93a1,86523,1098,510,JPEG,user_provided_wall_mounted_filter_image,user_provided_for_project_verify_origin_before_public_release,wall_mounted,filter,ready_for_roboflow_filter_bbox,needs_contact_sheet_review,User supplied LG wall-mounted filter image candidate; label only visible filter mesh/filter part.
10_원천이미지_raw/01_직접제공_승인후보/user_provided_wall_filter_20260615_normalized/user_wall_filter_065.jpg,65,그림41.jpg,LG 벽걸이 에어컨 필터 사진,c3b488e67043783eb39441b58424e1b99c27bffcf24a9af4a6f29dad1c9b9e3f,71842,1059,606,JPEG,user_provided_wall_mounted_filter_image,user_provided_for_project_verify_origin_before_public_release,wall_mounted,filter,ready_for_roboflow_filter_bbox,needs_contact_sheet_review,User supplied LG wall-mounted filter image candidate; label only visible filter mesh/filter part.
10_원천이미지_raw/01_직접제공_승인후보/user_provided_wall_filter_20260615_normalized/user_wall_filter_066.jpg,66,그림42.jpg,LG 벽걸이 에어컨 필터 사진,0758a6e0b87232b2c8db3c7a228b1c66b45f6eb53f17dd757d26eafeb14b409b,84879,1118,475,JPEG,user_provided_wall_mounted_filter_image,user_provided_for_project_verify_origin_before_public_release,wall_mounted,filter,ready_for_roboflow_filter_bbox,needs_contact_sheet_review,User supplied LG wall-mounted filter image candidate; label only visible filter mesh/filter part.
10_원천이미지_raw/01_직접제공_승인후보/user_provided_wall_filter_20260615_normalized/user_wall_filter_067.jpg,67,그림43.jpg,LG 벽걸이 에어컨 필터 사진,c2d26b98e1fd324ca709762891ed62fda96168f1d613698246d047e589bd6a96,108321,1024,562,JPEG,user_provided_wall_mounted_filter_image,user_provided_for_project_verify_origin_before_public_release,wall_mounted,filter,ready_for_roboflow_filter_bbox,needs_contact_sheet_review,User supplied LG wall-mounted filter image candidate; label only visible filter mesh/filter part.
10_원천이미지_raw/01_직접제공_승인후보/user_provided_wall_filter_20260615_normalized/user_wall_filter_068.jpg,68,그림44.jpg,LG 벽걸이 에어컨 필터 사진,afff4f98556a61ee667bcdfcfba962b4aafd2eaebb7626b424d27b672d8d127a,55566,1187,429,JPEG,user_provided_wall_mounted_filter_image,user_provided_for_project_verify_origin_before_public_release,wall_mounted,filter,ready_for_roboflow_filter_bbox,needs_contact_sheet_review,User supplied LG wall-mounted filter image candidate; label only visible filter mesh/filter part.
10_원천이미지_raw/01_직접제공_승인후보/user_provided_wall_filter_20260615_normalized/user_wall_filter_069.jpg,69,그림45.jpg,LG 벽걸이 에어컨 필터 사진,3161a65ef543c2b40edc6cad86ddd08cbf243b47beb3c7d8b1a649e375c5c702,79815,1150,516,JPEG,user_provided_wall_mounted_filter_image,user_provided_for_project_verify_origin_before_public_release,wall_mounted,filter,ready_for_roboflow_filter_bbox,needs_contact_sheet_review,User supplied LG wall-mounted filter image candidate; label only visible filter mesh/filter part.
10_원천이미지_raw/01_직접제공_승인후보/user_provided_wall_filter_20260615_normalized/user_wall_filter_070.jpg,70,그림46.jpg,LG 벽걸이 에어컨 필터 사진,f81299424f0c22e1febf881b550fd28e2fe67f524b83cec749315206a04cc637,69376,1144,537,JPEG,user_provided_wall_mounted_filter_image,user_provided_for_project_verify_origin_before_public_release,wall_mounted,filter,ready_for_roboflow_filter_bbox,needs_contact_sheet_review,User supplied LG wall-mounted filter image candidate; label only visible filter mesh/filter part.
10_원천이미지_raw/01_직접제공_승인후보/user_provided_wall_filter_20260615_normalized/user_wall_filter_071.jpg,71,그림47.jpg,LG 벽걸이 에어컨 필터 사진,e47b8d1b093a9d6a0d86504bfc07f44af2513029560e16073ad91e2abd2a4854,84671,1120,532,JPEG,user_provided_wall_mounted_filter_image,user_provided_for_project_verify_origin_before_public_release,wall_mounted,filter,ready_for_roboflow_filter_bbox,needs_contact_sheet_review,User supplied LG wall-mounted filter image candidate; label only visible filter mesh/filter part.
10_원천이미지_raw/01_직접제공_승인후보/user_provided_wall_filter_20260615_normalized/user_wall_filter_072.jpg,72,그림48.jpg,LG 벽걸이 에어컨 필터 사진,62191aabd84f29b9ba4eb7b2b6cfc0186c04eb5d3d121d4d4b529f4b59116374,79581,1020,602,JPEG,user_provided_wall_mounted_filter_image,user_provided_for_project_verify_origin_before_public_release,wall_mounted,filter,ready_for_roboflow_filter_bbox,needs_contact_sheet_review,User supplied LG wall-mounted filter image candidate; label only visible filter mesh/filter part.
10_원천이미지_raw/01_직접제공_승인후보/user_provided_wall_filter_20260615_normalized/user_wall_filter_073.jpg,73,그림49.jpg,LG 벽걸이 에어컨 필터 사진,7ccf6c850a1182ada76607385f2705133e854b5218a730ad764e22763004fccf,122652,884,664,JPEG,user_provided_wall_mounted_filter_image,user_provided_for_project_verify_origin_before_public_release,wall_mounted,filter,ready_for_roboflow_filter_bbox,needs_contact_sheet_review,User supplied LG wall-mounted filter image candidate; label only visible filter mesh/filter part.
10_원천이미지_raw/01_직접제공_승인후보/user_provided_wall_filter_20260615_normalized/user_wall_filter_074.jpg,74,그림5.jpg,LG 벽걸이 에어컨 필터 사진,37857e5519c599f43a7ae0bbd5a52ef5472514532cad8d1c31df7665e773ba12,79254,800,501,JPEG,user_provided_wall_mounted_filter_image,user_provided_for_project_verify_origin_before_public_release,wall_mounted,filter,ready_for_roboflow_filter_bbox,needs_contact_sheet_review,User supplied LG wall-mounted filter image candidate; label only visible filter mesh/filter part.
10_원천이미지_raw/01_직접제공_승인후보/user_provided_wall_filter_20260615_normalized/user_wall_filter_075.jpg,75,그림50.jpg,LG 벽걸이 에어컨 필터 사진,3b3591627fd2849b068f8de5b5a9668fc65c1ab0435e7345585d37cf42b21556,77288,921,632,JPEG,user_provided_wall_mounted_filter_image,user_provided_for_project_verify_origin_before_public_release,wall_mounted,filter,ready_for_roboflow_filter_bbox,needs_contact_sheet_review,User supplied LG wall-mounted filter image candidate; label only visible filter mesh/filter part.
10_원천이미지_raw/01_직접제공_승인후보/user_provided_wall_filter_20260615_normalized/user_wall_filter_076.jpg,76,그림51.jpg,LG 벽걸이 에어컨 필터 사진,ca7a49981215e000283111cae1416ac902d4a7f24942ae6abff60a0a593bdca3,88301,1128,548,JPEG,user_provided_wall_mounted_filter_image,user_provided_for_project_verify_origin_before_public_release,wall_mounted,filter,ready_for_roboflow_filter_bbox,needs_contact_sheet_review,User supplied LG wall-mounted filter image candidate; label only visible filter mesh/filter part.
10_원천이미지_raw/01_직접제공_승인후보/user_provided_wall_filter_20260615_normalized/user_wall_filter_077.jpg,77,그림52.jpg,LG 벽걸이 에어컨 필터 사진,eb48b5270dc4cc63f5349c086eadd3ffa5707538d5cc6559a6be23b6f58fbde4,92746,1206,542,JPEG,user_provided_wall_mounted_filter_image,user_provided_for_project_verify_origin_before_public_release,wall_mounted,filter,ready_for_roboflow_filter_bbox,needs_contact_sheet_review,User supplied LG wall-mounted filter image candidate; label only visible filter mesh/filter part.
10_원천이미지_raw/01_직접제공_승인후보/user_provided_wall_filter_20260615_normalized/user_wall_filter_078.png,78,그림53.png,LG 벽걸이 에어컨 필터 사진,dfead9b3146772cf606242bdf348e690706afefccc882225f284a6a6580c231f,1297711,1118,569,PNG,user_provided_wall_mounted_filter_image,user_provided_for_project_verify_origin_before_public_release,wall_mounted,filter,ready_for_roboflow_filter_bbox,needs_contact_sheet_review,User supplied LG wall-mounted filter image candidate; label only visible filter mesh/filter part.
10_원천이미지_raw/01_직접제공_승인후보/user_provided_wall_filter_20260615_normalized/user_wall_filter_079.jpg,79,그림54.jpg,LG 벽걸이 에어컨 필터 사진,a183851244fe075a61b839040bf63592d694f9207d3739119f6393c119b28cb1,129861,1130,528,JPEG,user_provided_wall_mounted_filter_image,user_provided_for_project_verify_origin_before_public_release,wall_mounted,filter,ready_for_roboflow_filter_bbox,needs_contact_sheet_review,User supplied LG wall-mounted filter image candidate; label only visible filter mesh/filter part.
10_원천이미지_raw/01_직접제공_승인후보/user_provided_wall_filter_20260615_normalized/user_wall_filter_080.jpg,80,그림55.jpg,LG 벽걸이 에어컨 필터 사진,adf75ba98b4c7bc5d6d81a19c1813fae4a62e99a4611663b6a8cf6a11cbd4bce,110955,1011,640,JPEG,user_provided_wall_mounted_filter_image,user_provided_for_project_verify_origin_before_public_release,wall_mounted,filter,ready_for_roboflow_filter_bbox,needs_contact_sheet_review,User supplied LG wall-mounted filter image candidate; label only visible filter mesh/filter part.
10_원천이미지_raw/01_직접제공_승인후보/user_provided_wall_filter_20260615_normalized/user_wall_filter_081.jpg,81,그림56.jpg,LG 벽걸이 에어컨 필터 사진,b2e1cdd73292aefef3c95ed0432bcc7d2356477ebc7f6e1719962694e3320240,58983,1075,512,JPEG,user_provided_wall_mounted_filter_image,user_provided_for_project_verify_origin_before_public_release,wall_mounted,filter,ready_for_roboflow_filter_bbox,needs_contact_sheet_review,User supplied LG wall-mounted filter image candidate; label only visible filter mesh/filter part.
10_원천이미지_raw/01_직접제공_승인후보/user_provided_wall_filter_20260615_normalized/user_wall_filter_082.png,82,그림57.png,LG 벽걸이 에어컨 필터 사진,9d7a6d35cb91ffa4e7534cfdd81669476818e45995aad8b53d8a6774d77acd79,791482,951,559,PNG,user_provided_wall_mounted_filter_image,user_provided_for_project_verify_origin_before_public_release,wall_mounted,filter,ready_for_roboflow_filter_bbox,needs_contact_sheet_review,User supplied LG wall-mounted filter image candidate; label only visible filter mesh/filter part.
10_원천이미지_raw/01_직접제공_승인후보/user_provided_wall_filter_20260615_normalized/user_wall_filter_083.png,83,그림58.png,LG 벽걸이 에어컨 필터 사진,dfa83d19f177fa606060d71569c299a1034f00a4e9d762b9cd3cf8a08e17cbe3,586014,1039,575,PNG,user_provided_wall_mounted_filter_image,user_provided_for_project_verify_origin_before_public_release,wall_mounted,filter,ready_for_roboflow_filter_bbox,needs_contact_sheet_review,User supplied LG wall-mounted filter image candidate; label only visible filter mesh/filter part.
10_원천이미지_raw/01_직접제공_승인후보/user_provided_wall_filter_20260615_normalized/user_wall_filter_084.png,84,그림59.png,LG 벽걸이 에어컨 필터 사진,bcd6ba142902e426079e2f6410c72cc6acd588ca20e49baa1545631b50e54bb5,429787,1137,504,PNG,user_provided_wall_mounted_filter_image,user_provided_for_project_verify_origin_before_public_release,wall_mounted,filter,ready_for_roboflow_filter_bbox,needs_contact_sheet_review,User supplied LG wall-mounted filter image candidate; label only visible filter mesh/filter part.
10_원천이미지_raw/01_직접제공_승인후보/user_provided_wall_filter_20260615_normalized/user_wall_filter_085.png,85,그림6.png,LG 벽걸이 에어컨 필터 사진,6b2ee012ddac75021e3a1ff23d45c6dc32e107681c9304d00d79702333808ef5,863641,979,547,PNG,user_provided_wall_mounted_filter_image,user_provided_for_project_verify_origin_before_public_release,wall_mounted,filter,ready_for_roboflow_filter_bbox,needs_contact_sheet_review,User supplied LG wall-mounted filter image candidate; label only visible filter mesh/filter part.
10_원천이미지_raw/01_직접제공_승인후보/user_provided_wall_filter_20260615_normalized/user_wall_filter_086.jpg,86,그림60.jpg,LG 벽걸이 에어컨 필터 사진,6a6a7ece1e8b4610c6aceac3678ef3326c8d09c135f98bec5e62e792d41f7b3d,89899,1070,578,JPEG,user_provided_wall_mounted_filter_image,user_provided_for_project_verify_origin_before_public_release,wall_mounted,filter,ready_for_roboflow_filter_bbox,needs_contact_sheet_review,User supplied LG wall-mounted filter image candidate; label only visible filter mesh/filter part.
10_원천이미지_raw/01_직접제공_승인후보/user_provided_wall_filter_20260615_normalized/user_wall_filter_087.jpg,87,그림61.jpg,LG 벽걸이 에어컨 필터 사진,1cf1e19a68031223ea62fa525f5a309664f9c4c6f462c579287033be2090b5c4,101575,1010,620,JPEG,user_provided_wall_mounted_filter_image,user_provided_for_project_verify_origin_before_public_release,wall_mounted,filter,ready_for_roboflow_filter_bbox,needs_contact_sheet_review,User supplied LG wall-mounted filter image candidate; label only visible filter mesh/filter part.
10_원천이미지_raw/01_직접제공_승인후보/user_provided_wall_filter_20260615_normalized/user_wall_filter_088.jpg,88,그림62.jpg,LG 벽걸이 에어컨 필터 사진,0317033232d978500c2713968ed6f30832b0fe55079d743925c84cb8f4dcbf19,83230,1080,554,JPEG,user_provided_wall_mounted_filter_image,user_provided_for_project_verify_origin_before_public_release,wall_mounted,filter,ready_for_roboflow_filter_bbox,needs_contact_sheet_review,User supplied LG wall-mounted filter image candidate; label only visible filter mesh/filter part.
10_원천이미지_raw/01_직접제공_승인후보/user_provided_wall_filter_20260615_normalized/user_wall_filter_089.png,89,그림63.png,LG 벽걸이 에어컨 필터 사진,060292e74d6aa286c48f090e4f8fae15294d9b3eb5bbbceabaa4264412b71ceb,1203269,1167,620,PNG,user_provided_wall_mounted_filter_image,user_provided_for_project_verify_origin_before_public_release,wall_mounted,filter,ready_for_roboflow_filter_bbox,needs_contact_sheet_review,User supplied LG wall-mounted filter image candidate; label only visible filter mesh/filter part.
10_원천이미지_raw/01_직접제공_승인후보/user_provided_wall_filter_20260615_normalized/user_wall_filter_090.jpg,90,그림64.jpg,LG 벽걸이 에어컨 필터 사진,9984dbb0e4ffc995f39700815f9aa4315474142d82db9c557406d4e9a28063f4,80830,1110,622,JPEG,user_provided_wall_mounted_filter_image,user_provided_for_project_verify_origin_before_public_release,wall_mounted,filter,ready_for_roboflow_filter_bbox,needs_contact_sheet_review,User supplied LG wall-mounted filter image candidate; label only visible filter mesh/filter part.
10_원천이미지_raw/01_직접제공_승인후보/user_provided_wall_filter_20260615_normalized/user_wall_filter_091.jpg,91,그림65.jpg,LG 벽걸이 에어컨 필터 사진,d375144679cb445a2f96e727676c9d04b298e7dedb679768b2b952d05fa78700,69482,1087,604,JPEG,user_provided_wall_mounted_filter_image,user_provided_for_project_verify_origin_before_public_release,wall_mounted,filter,ready_for_roboflow_filter_bbox,needs_contact_sheet_review,User supplied LG wall-mounted filter image candidate; label only visible filter mesh/filter part.
10_원천이미지_raw/01_직접제공_승인후보/user_provided_wall_filter_20260615_normalized/user_wall_filter_092.jpg,92,그림66.jpg,LG 벽걸이 에어컨 필터 사진,e05100142c5ce12d83d029f283dc76ad5ab991ec650e959ac6c4a1d4cad785a0,103195,946,612,JPEG,user_provided_wall_mounted_filter_image,user_provided_for_project_verify_origin_before_public_release,wall_mounted,filter,ready_for_roboflow_filter_bbox,needs_contact_sheet_review,User supplied LG wall-mounted filter image candidate; label only visible filter mesh/filter part.
10_원천이미지_raw/01_직접제공_승인후보/user_provided_wall_filter_20260615_normalized/user_wall_filter_093.jpg,93,그림67.jpg,LG 벽걸이 에어컨 필터 사진,ce79e69f8d1cb6fb022c2786d04ac99664348a24e6f8c3783f6413ae4e4896b9,63086,1116,514,JPEG,user_provided_wall_mounted_filter_image,user_provided_for_project_verify_origin_before_public_release,wall_mounted,filter,ready_for_roboflow_filter_bbox,needs_contact_sheet_review,User supplied LG wall-mounted filter image candidate; label only visible filter mesh/filter part.
10_원천이미지_raw/01_직접제공_승인후보/user_provided_wall_filter_20260615_normalized/user_wall_filter_094.jpg,94,그림68.jpg,LG 벽걸이 에어컨 필터 사진,ff82e0d496d81b637e696c1aad475d7edbde50f836a53cfe321788fec45d7d93,71540,1076,526,JPEG,user_provided_wall_mounted_filter_image,user_provided_for_project_verify_origin_before_public_release,wall_mounted,filter,ready_for_roboflow_filter_bbox,needs_contact_sheet_review,User supplied LG wall-mounted filter image candidate; label only visible filter mesh/filter part.
10_원천이미지_raw/01_직접제공_승인후보/user_provided_wall_filter_20260615_normalized/user_wall_filter_095.jpg,95,그림69.jpg,LG 벽걸이 에어컨 필터 사진,73edca10033f02588780ea5440a0f50b14e6510a6acb223a62836401870e16e7,95367,1122,526,JPEG,user_provided_wall_mounted_filter_image,user_provided_for_project_verify_origin_before_public_release,wall_mounted,filter,ready_for_roboflow_filter_bbox,needs_contact_sheet_review,User supplied LG wall-mounted filter image candidate; label only visible filter mesh/filter part.
10_원천이미지_raw/01_직접제공_승인후보/user_provided_wall_filter_20260615_normalized/user_wall_filter_096.jpg,96,그림7.jpg,LG 벽걸이 에어컨 필터 사진,e82e680f9513232f1d3898fa5ed34f4b45b453f9e564bf2c1dd21045bad8bfa1,85005,800,600,JPEG,user_provided_wall_mounted_filter_image,user_provided_for_project_verify_origin_before_public_release,wall_mounted,filter,ready_for_roboflow_filter_bbox,needs_contact_sheet_review,User supplied LG wall-mounted filter image candidate; label only visible filter mesh/filter part.
10_원천이미지_raw/01_직접제공_승인후보/user_provided_wall_filter_20260615_normalized/user_wall_filter_097.jpg,97,그림70.jpg,LG 벽걸이 에어컨 필터 사진,c79902a7798ec7ac4d2b30d16d0e121ecf70c28c69c6828cff0312725f8dc436,63685,1005,670,JPEG,user_provided_wall_mounted_filter_image,user_provided_for_project_verify_origin_before_public_release,wall_mounted,filter,ready_for_roboflow_filter_bbox,needs_contact_sheet_review,User supplied LG wall-mounted filter image candidate; label only visible filter mesh/filter part.
10_원천이미지_raw/01_직접제공_승인후보/user_provided_wall_filter_20260615_normalized/user_wall_filter_098.jpg,98,그림8.jpg,LG 벽걸이 에어컨 필터 사진,acef3c42e9ec413d4c48bce50e65f5a40734f856dd45b0985f255c32a5406e7c,57087,892,500,JPEG,user_provided_wall_mounted_filter_image,user_provided_for_project_verify_origin_before_public_release,wall_mounted,filter,ready_for_roboflow_filter_bbox,needs_contact_sheet_review,User supplied LG wall-mounted filter image candidate; label only visible filter mesh/filter part.
10_원천이미지_raw/01_직접제공_승인후보/user_provided_wall_filter_20260615_normalized/user_wall_filter_099.jpg,99,그림9.jpg,LG 벽걸이 에어컨 필터 사진,77b8b5c373c88c9a03e1bbb432d8f7949c420fc10691e8076ce35d079611acad,78746,800,600,JPEG,user_provided_wall_mounted_filter_image,user_provided_for_project_verify_origin_before_public_release,wall_mounted,filter,ready_for_roboflow_filter_bbox,needs_contact_sheet_review,User supplied LG wall-mounted filter image candidate; label only visible filter mesh/filter part.
